NAME,TERM,ES,NES,NOM_P_VAL,FDR_Q_VAL,FWER_P_VAL,TAG_%,GENE_%,LEAD_GENES,LEAD_GENES_IDS
prerank,P53 Pathway,0.6771909472003621,2.8274655642731967,0.001,0.001,0.001,61/179,7.71%,CDKN1A;SESN1;BTG2;FDXR;PHLDA3;RPS27L;DDB2;PLK3;FAS;DRAM1;MDM2;EPS8L2;BAX;DGKA;MXD4;PLK2;SERPINB5;AEN;SFN;IER5;CYFIP2;FUCA1;GADD45A;PROCR;PIDD1;XPC;DDIT4;TGFA;KLK8;TRIAP1;RRP8;SAT1;IP6K2;TRAF4;ZMAT3;LIF;NDRG1;TOB1;POLH;ISCU;AK1;ABCC5;NINJ1;SPHK1;RAD51C;COQ8A;FAM162A;PVT1;IER3;PPM1D;HSPA4L;ITGB4;VAMP8;HINT1;ANKRA2;OSGIN1;BLCAP;CCNG1;S100A4;TSC22D1;EPHA2,ENSG00000124762;ENSG00000080546;ENSG00000159388;ENSG00000161513;ENSG00000174307;ENSG00000185088;ENSG00000134574;ENSG00000173846;ENSG00000026103;ENSG00000136048;ENSG00000135679;ENSG00000177106;ENSG00000087088;ENSG00000065357;ENSG00000123933;ENSG00000145632;ENSG00000206075;ENSG00000181026;ENSG00000175793;ENSG00000162783;ENSG00000055163;ENSG00000179163;ENSG00000116717;ENSG00000101000;ENSG00000177595;ENSG00000154767;ENSG00000168209;ENSG00000163235;ENSG00000129455;ENSG00000170855;ENSG00000132275;ENSG00000130066;ENSG00000068745;ENSG00000076604;ENSG00000172667;ENSG00000128342;ENSG00000104419;ENSG00000141232;ENSG00000170734;ENSG00000136003;ENSG00000106992;ENSG00000114770;ENSG00000131669;ENSG00000176170;ENSG00000108384;ENSG00000163050;ENSG00000114023;ENSG00000249859;ENSG00000137331;ENSG00000170836;ENSG00000164070;ENSG00000132470;ENSG00000118640;ENSG00000169567;ENSG00000164331;ENSG00000140961;ENSG00000166619;ENSG00000113328;ENSG00000196154;ENSG00000102804;ENSG00000142627
prerank,G2M Checkpoint,-0.5727237851285346,-2.4527169717166117,0.001,0.001,0.001,79/195,14.45%,SLC7A1;SLC38A1;SFPQ;LMNB1;KIF15;CENPE;KNL1;MAP3K20;BRCA2;MARCKS;TMPO;CDKN1B;SLC7A5;BARD1;SMC2;PURA;STAG1;SQLE;SYNCRIP;MKI67;CASP8AP2;MCM6;MCM5;KPNB1;NUP50;CCNF;HNRNPU;HNRNPD;CENPF;PDS5B;CTCF;KIF23;RAD21;SMC4;RBM14;INCENP;NSD2;SMC1A;SMARCC1;EZH2;TOP1;LBR;E2F2;UCK2;KIF20B;ARID4A;ILF3;CUL5;KIF11;HOXC10;SRSF1;PRP4K;STMN1;XPO1;SUV39H1;MCM3;CHAF1A;DBF4;MCM2;KMT5A;LIG3;PLK4;NCL;MYBL2;EXO1;CDC7;AMD1;E2F3;MEIS2;NOLC1;STIL;MAPK14;CBX1;KATNA1;RBL1;NDC80;GINS2;DKC1;ESPL1,ENSG00000139514;ENSG00000111371;ENSG00000116560;ENSG00000113368;ENSG00000163808;ENSG00000138778;ENSG00000137812;ENSG00000091436;ENSG00000139618;ENSG00000277443;ENSG00000120802;ENSG00000111276;ENSG00000103257;ENSG00000138376;ENSG00000136824;ENSG00000185129;ENSG00000118007;ENSG00000104549;ENSG00000135316;ENSG00000148773;ENSG00000118412;ENSG00000076003;ENSG00000100297;ENSG00000108424;ENSG00000093000;ENSG00000162063;ENSG00000153187;ENSG00000138668;ENSG00000117724;ENSG00000083642;ENSG00000102974;ENSG00000137807;ENSG00000164754;ENSG00000113810;ENSG00000239306;ENSG00000149503;ENSG00000109685;ENSG00000072501;ENSG00000173473;ENSG00000106462;ENSG00000198900;ENSG00000143815;ENSG00000007968;ENSG00000143179;ENSG00000138182;ENSG00000032219;ENSG00000129351;ENSG00000166266;ENSG00000138160;ENSG00000180818;ENSG00000136450;ENSG00000112739;ENSG00000117632;ENSG00000082898;ENSG00000101945;ENSG00000112118;ENSG00000167670;ENSG00000006634;ENSG00000073111;ENSG00000183955;ENSG00000005156;ENSG00000142731;ENSG00000115053;ENSG00000101057;ENSG00000174371;ENSG00000097046;ENSG00000123505;ENSG00000112242;ENSG00000134138;ENSG00000166197;ENSG00000123473;ENSG00000112062;ENSG00000108468;ENSG00000186625;ENSG00000080839;ENSG00000080986;ENSG00000131153;ENSG00000130826;ENSG00000135476
prerank,Mitotic Spindle,-0.4966959063066781,-2.138504069811261,0.001,0.001,0.001,81/195,21.48%,PALLD;SMC3;LMNB1;KIF15;CENPE;BRCA2;MARCKS;CDK5RAP2;SASS6;HOOK3;WASL;CENPF;WASF2;MID1IP1;STAU1;VCL;ARHGEF12;KIF23;ARHGEF11;EPB41L2;CLIP1;CKAP5;SMC4;ANLN;CD2AP;INCENP;MYH10;SMC1A;CLASP1;ARHGAP5;KIF20B;KIF1B;CCDC88A;KIF11;CDC42EP1;SOS1;RALBP1;SSH2;RFC1;MYH9;RAPGEF5;MAP1S;TLK1;BIN1;ARHGAP10;ROCK1;PPP4R2;KATNA1;PXN;NDC80;ITSN1;ALS2;FGD4;ESPL1;KIF3B;ARHGEF2;ABI1;PCNT;FSCN1;ARHGDIA;ARF6;ARHGAP29;NIN;RAPGEF6;RASA1;CDC42EP4;TRIO;CDC27;PRC1;FLNB;DLG1;KIF2C;EZR;PLEKHG2;FBXO5;SPTBN1;CNTRL;RANBP9;NUMA1;KIF3C;ACTN4,ENSG00000129116;ENSG00000108055;ENSG00000113368;ENSG00000163808;ENSG00000138778;ENSG00000139618;ENSG00000277443;ENSG00000136861;ENSG00000156876;ENSG00000168172;ENSG00000106299;ENSG00000117724;ENSG00000158195;ENSG00000165175;ENSG00000124214;ENSG00000035403;ENSG00000196914;ENSG00000137807;ENSG00000132694;ENSG00000079819;ENSG00000130779;ENSG00000175216;ENSG00000113810;ENSG00000011426;ENSG00000198087;ENSG00000149503;ENSG00000133026;ENSG00000072501;ENSG00000074054;ENSG00000100852;ENSG00000138182;ENSG00000054523;ENSG00000115355;ENSG00000138160;ENSG00000128283;ENSG00000115904;ENSG00000017797;ENSG00000141298;ENSG00000035928;ENSG00000100345;ENSG00000136237;ENSG00000130479;ENSG00000198586;ENSG00000136717;ENSG00000071205;ENSG00000067900;ENSG00000163605;ENSG00000186625;ENSG00000089159;ENSG00000080986;ENSG00000205726;ENSG00000003393;ENSG00000139132;ENSG00000135476;ENSG00000101350;ENSG00000116584;ENSG00000136754;ENSG00000160299;ENSG00000075618;ENSG00000141522;ENSG00000165527;ENSG00000137962;ENSG00000100503;ENSG00000158987;ENSG00000145715;ENSG00000179604;ENSG00000038382;ENSG00000004897;ENSG00000198901;ENSG00000136068;ENSG00000075711;ENSG00000142945;ENSG00000092820;ENSG00000090924;ENSG00000112029;ENSG00000115306;ENSG00000119397;ENSG00000010017;ENSG00000137497;ENSG00000084731;ENSG00000130402
prerank,Oxidative Phosphorylation,0.4924928583446229,2.0846205081635056,0.001,0.001,0.001,98/198,23.70%,BAX;ACADVL;RHOT2;ISCU;NDUFA1;ATP6V0E1;ATP6V1F;COX7C;COX4I1;UQCRH;NDUFB5;UQCRB;COX6B1;COX6A1;MDH1;TIMM9;PDHX;IDH3B;UQCRC2;NDUFA2;ATP5MC1;TIMM8B;NDUFB1;ECHS1;NDUFB8;CYB5A;IDH3G;SLC25A20;ATP6V1E1;MRPS12;FDX1;ATP5MG;ATP5F1E;UQCR11;HSD17B10;TIMM17A;IDH3A;NDUFA3;NDUFS4;COX7A2L;OAT;ATP6V1G1;NDUFB2;CYCS;TIMM10;SURF1;ATP6V0B;ATP5PD;MRPS11;PMPCA;COX7A2;ATP5MC3;ATP5PO;UQCRQ;ACAA1;COX7B;NDUFC2;MGST3;MTX2;ISCA1;UQCR10;PHYH;COX6C;NDUFA4;MRPS15;NDUFAB1;NDUFA7;COX5A;GPX4;SLC25A11;ATP5ME;SLC25A6;PDHB;COX8A;ETFB;SDHD;SDHC;CYC1;IDH2;ACAT1;ATP5PB;NDUFS3;MDH2;SDHB;ECH1;NDUFB3;ATP5F1C;GRPEL1;ATP5PF;ECI1;POLR2F;NDUFV2;MRPL34;NDUFS6;NDUFV1;COX11;ATP5MF;VDAC3,ENSG00000087088;ENSG00000072778;ENSG00000140983;ENSG00000136003;ENSG00000125356;ENSG00000113732;ENSG00000128524;ENSG00000127184;ENSG00000131143;ENSG00000173660;ENSG00000136521;ENSG00000156467;ENSG00000126267;ENSG00000111775;ENSG00000014641;ENSG00000100575;ENSG00000110435;ENSG00000101365;ENSG00000140740;ENSG00000131495;ENSG00000159199;ENSG00000150779;ENSG00000183648;ENSG00000127884;ENSG00000166136;ENSG00000166347;ENSG00000067829;ENSG00000178537;ENSG00000131100;ENSG00000128626;ENSG00000137714;ENSG00000167283;ENSG00000124172;ENSG00000127540;ENSG00000072506;ENSG00000134375;ENSG00000166411;ENSG00000170906;ENSG00000164258;ENSG00000115944;ENSG00000065154;ENSG00000136888;ENSG00000090266;ENSG00000172115;ENSG00000134809;ENSG00000148290;ENSG00000117410;ENSG00000167863;ENSG00000181991;ENSG00000165688;ENSG00000112695;ENSG00000154518;ENSG00000241837;ENSG00000164405;ENSG00000060971;ENSG00000131174;ENSG00000151366;ENSG00000143198;ENSG00000128654;ENSG00000135070;ENSG00000184076;ENSG00000107537;ENSG00000164919;ENSG00000189043;ENSG00000116898;ENSG00000004779;ENSG00000267855;ENSG00000178741;ENSG00000167468;ENSG00000108528;ENSG00000169020;ENSG00000169100;ENSG00000168291;ENSG00000176340;ENSG00000105379;ENSG00000204370;ENSG00000143252;ENSG00000179091;ENSG00000182054;ENSG00000075239;ENSG00000116459;ENSG00000213619;ENSG00000146701;ENSG00000117118;ENSG00000104823;ENSG00000119013;ENSG00000165629;ENSG00000109519;ENSG00000154723;ENSG00000167969;ENSG00000100142;ENSG00000178127;ENSG00000130312;ENSG00000145494;ENSG00000167792;ENSG00000166260;ENSG00000241468;ENSG00000078668
prerank,E2F Targets,-0.476203791704573,-2.0747081641418714,0.001,0.001,0.001,74/200,15.65%,SMC3;DIAPH3;USP1;LMNB1;ORC2;CENPE;BRCA2;MCM4;TMPO;BRCA1;CDKN1B;BARD1;ATAD2;STAG1;TCF19;SSRP1;SYNCRIP;MKI67;MCM6;HELLS;MCM5;NBN;RAD51AP1;HNRNPD;PDS5B;WEE1;CTCF;DONSON;KIF18B;PSIP1;RAD21;SMC6;SMC4;TUBB;SMC1A;EZH2;DEK;LBR;MSH2;PAICS;ILF3;SRSF1;CCP110;STMN1;POLD3;XPO1;SUV39H1;MCM3;ANP32E;UNG;MCM2;RFC1;PLK4;SPC25;MMS22L;MYBL2;IPO7;CBX5;UBR7;NOLC1;DCLRE1B;NUP205;GINS1;DNMT1;RBBP7;NUP153;ESPL1;PMS2;NUDT21;TRA2B;E2F8;RAD50;DDX39A;CIT,ENSG00000108055;ENSG00000139734;ENSG00000162607;ENSG00000113368;ENSG00000115942;ENSG00000138778;ENSG00000139618;ENSG00000104738;ENSG00000120802;ENSG00000012048;ENSG00000111276;ENSG00000138376;ENSG00000156802;ENSG00000118007;ENSG00000137310;ENSG00000149136;ENSG00000135316;ENSG00000148773;ENSG00000076003;ENSG00000119969;ENSG00000100297;ENSG00000104320;ENSG00000111247;ENSG00000138668;ENSG00000083642;ENSG00000166483;ENSG00000102974;ENSG00000159147;ENSG00000186185;ENSG00000164985;ENSG00000164754;ENSG00000163029;ENSG00000113810;ENSG00000196230;ENSG00000072501;ENSG00000106462;ENSG00000124795;ENSG00000143815;ENSG00000095002;ENSG00000128050;ENSG00000129351;ENSG00000136450;ENSG00000103540;ENSG00000117632;ENSG00000077514;ENSG00000082898;ENSG00000101945;ENSG00000112118;ENSG00000143401;ENSG00000076248;ENSG00000073111;ENSG00000035928;ENSG00000142731;ENSG00000152253;ENSG00000146263;ENSG00000101057;ENSG00000205339;ENSG00000094916;ENSG00000012963;ENSG00000166197;ENSG00000118655;ENSG00000155561;ENSG00000101003;ENSG00000130816;ENSG00000102054;ENSG00000124789;ENSG00000135476;ENSG00000122512;ENSG00000167005;ENSG00000136527;ENSG00000129173;ENSG00000113522;ENSG00000123136;ENSG00000122966
prerank,Apoptosis,0.46181345138641866,1.8645646209455085,0.001,0.00234913,0.008,21/125,7.34%,CDKN1A;BTG2;FDXR;FAS;BAX;BIK;GADD45A;BCL2L1;GPX1;SAT1;RHOT2;ANKH;IGFBP6;PMAIP1;SATB1;IER3;PRF1;TSPO;IL18;SOD1;ANXA1,ENSG00000124762;ENSG00000159388;ENSG00000161513;ENSG00000026103;ENSG00000087088;ENSG00000100290;ENSG00000116717;ENSG00000171552;ENSG00000233276;ENSG00000130066;ENSG00000140983;ENSG00000154122;ENSG00000167779;ENSG00000141682;ENSG00000182568;ENSG00000137331;ENSG00000180644;ENSG00000100300;ENSG00000150782;ENSG00000142168;ENSG00000135046
prerank,Apical Junction,-0.3705880382142667,-1.5385188699836663,0.00214133,0.0533988,0.174,38/136,17.42%,INSIG1;TJP1;TGFBI;MAP3K20;SORBS3;MMP9;PPP2R2C;WASL;PTPRC;ACTB;VCL;EPB41L2;ACTG1;CD276;SDC3;MYH10;SYK;MSN;GNAI2;B4GALT1;NF2;MYH9;SLC30A3;SIRPA;SGCE;NECTIN3;CTNNA1;SYMPK;MAPK14;FYB1;LAMC2;YWHAH;JUP;CAP1;FSCN1;CDK8;LIMA1;RASA1,ENSG00000186480;ENSG00000104067;ENSG00000120708;ENSG00000091436;ENSG00000120896;ENSG00000100985;ENSG00000074211;ENSG00000106299;ENSG00000081237;ENSG00000075624;ENSG00000035403;ENSG00000079819;ENSG00000184009;ENSG00000103855;ENSG00000162512;ENSG00000133026;ENSG00000165025;ENSG00000147065;ENSG00000114353;ENSG00000086062;ENSG00000186575;ENSG00000100345;ENSG00000115194;ENSG00000198053;ENSG00000127990;ENSG00000177707;ENSG00000044115;ENSG00000125755;ENSG00000112062;ENSG00000082074;ENSG00000058085;ENSG00000128245;ENSG00000173801;ENSG00000131236;ENSG00000075618;ENSG00000132964;ENSG00000050405;ENSG00000145715
prerank,DNA Repair,0.3660115996864984,1.508463480426064,0.00806452,0.0709142,0.267,53/149,24.40%,RRM2B;DDB2;XPC;GTF2B;NPR2;POLH;AK1;NELFE;POLL;MRPL40;ITPA;GUK1;POLR1D;BCAM;PNP;NME3;SNAPC4;POLR2K;ARL6IP1;NME1;POLD4;ERCC2;TAF9;TAF10;ERCC3;CCNO;CETN2;SAC3D1;SURF1;POLR1C;CSTF3;MPG;PCNA;ERCC5;TSG101;POLR2H;CLP1;GTF2H5;POLR2E;GPX4;SUPT4H1;NELFCD;TAF1C;RAE1;POLR2C;RBX1;VPS37B;POLR2F;EDF1;NCBP2;POLR2G;POLE4;UMPS,ENSG00000048392;ENSG00000134574;ENSG00000154767;ENSG00000137947;ENSG00000159899;ENSG00000170734;ENSG00000106992;ENSG00000204356;ENSG00000166169;ENSG00000185608;ENSG00000125877;ENSG00000143774;ENSG00000186184;ENSG00000187244;ENSG00000198805;ENSG00000103024;ENSG00000165684;ENSG00000147669;ENSG00000170540;ENSG00000239672;ENSG00000175482;ENSG00000104884;ENSG00000273841;ENSG00000166337;ENSG00000163161;ENSG00000152669;ENSG00000147400;ENSG00000168061;ENSG00000148290;ENSG00000171453;ENSG00000176102;ENSG00000103152;ENSG00000132646;ENSG00000134899;ENSG00000074319;ENSG00000163882;ENSG00000172409;ENSG00000272047;ENSG00000099817;ENSG00000167468;ENSG00000213246;ENSG00000101158;ENSG00000103168;ENSG00000101146;ENSG00000102978;ENSG00000100387;ENSG00000139722;ENSG00000100142;ENSG00000107223;ENSG00000114503;ENSG00000168002;ENSG00000115350;ENSG00000114491
prerank,Estrogen Response Early,0.3576390867234912,1.4813206958796692,0.00367647,0.0694167,0.315,30/166,8.63%,NADSYN1;SLC2A1;KRT13;SFN;FHL2;DHRS3;ELF3;SEMA3B;ASB13;KDM4B;TOB1;PMAIP1;MICB;TSKU;SLC1A1;SLC37A1;DYNLT3;SYBU;PLAAT3;AREG;SYNGR1;BAG1;RAB17;KRT15;RHOD;SULT2B1;FKBP4;KLK10;HR;KRT19,ENSG00000172890;ENSG00000117394;ENSG00000171401;ENSG00000175793;ENSG00000115641;ENSG00000162496;ENSG00000163435;ENSG00000012171;ENSG00000196372;ENSG00000127663;ENSG00000141232;ENSG00000141682;ENSG00000204516;ENSG00000182704;ENSG00000106688;ENSG00000160190;ENSG00000165169;ENSG00000147642;ENSG00000176485;ENSG00000109321;ENSG00000100321;ENSG00000107262;ENSG00000124839;ENSG00000171346;ENSG00000173156;ENSG00000088002;ENSG00000004478;ENSG00000129451;ENSG00000168453;ENSG00000171345
prerank,IL6 JAK STAT3 Signaling,-0.4217419376837569,-1.468147364278689,0.0262097,0.0777531,0.29,15/48,15.39%,PIM1;TNFRSF1A;CSF1;JUN;CBL;IL6ST;IL1B;IL1R1;IFNAR1;STAT1;LEPR;PTPN1;SOCS1;PTPN11;IFNGR2,ENSG00000137193;ENSG00000067182;ENSG00000184371;ENSG00000177606;ENSG00000110395;ENSG00000134352;ENSG00000125538;ENSG00000115594;ENSG00000142166;ENSG00000115415;ENSG00000116678;ENSG00000196396;ENSG00000185338;ENSG00000179295;ENSG00000159128
prerank,Allograft Rejection,-0.36730093891092613,-1.4625385590148612,0.00647948,0.067808,0.303,31/103,15.61%,TLR1;HCLS1;BRCA1;CTSS;MMP9;CSF1;PTPRC;BCAT1;SRGN;SPI1;AARS1;TRAF2;PTPN6;IL1B;EIF3A;IGSF6;CCL5;GALNT1;IRF7;ITGB2;ETS1;STAT1;DYRK3;WARS1;FYB1;SOCS1;CD74;IFNGR2;HLA-DMB;DARS1;ABI1,ENSG00000174125;ENSG00000180353;ENSG00000012048;ENSG00000163131;ENSG00000100985;ENSG00000184371;ENSG00000081237;ENSG00000060982;ENSG00000122862;ENSG00000066336;ENSG00000090861;ENSG00000127191;ENSG00000111679;ENSG00000125538;ENSG00000107581;ENSG00000140749;ENSG00000271503;ENSG00000141429;ENSG00000185507;ENSG00000160255;ENSG00000134954;ENSG00000115415;ENSG00000143479;ENSG00000140105;ENSG00000082074;ENSG00000185338;ENSG00000019582;ENSG00000159128;ENSG00000242574;ENSG00000115866;ENSG00000136754
prerank,UV Response DN,-0.3546618561559838,-1.4525518244712963,0.00617284,0.0628031,0.321,46/120,24.45%,INSIG1;TJP1;SLC7A1;DAB2;CDKN1B;PHF3;ATP2B1;DBP;NRP1;LDLR;PRKCE;PMP22;MAP1B;NFIB;SPOP;COL3A1;F3;NFKB1;SFMBT1;COL1A1;MAPK14;GRK5;CDON;ZMIZ1;NIPBL;PRKAR2B;SIPA1L1;DUSP1;NR1D2;LPAR1;NEK7;DDAH1;DLG1;ATP2B4;MET;MGLL;TENT4A;SYNJ2;CAV1;PTPN21;ATRX;ERBB2;ATXN1;NR3C1;SCHIP1;GCNT1,ENSG00000186480;ENSG00000104067;ENSG00000139514;ENSG00000153071;ENSG00000111276;ENSG00000118482;ENSG00000070961;ENSG00000105516;ENSG00000099250;ENSG00000130164;ENSG00000171132;ENSG00000109099;ENSG00000131711;ENSG00000147862;ENSG00000121067;ENSG00000168542;ENSG00000117525;ENSG00000109320;ENSG00000163935;ENSG00000108821;ENSG00000112062;ENSG00000198873;ENSG00000064309;ENSG00000108175;ENSG00000164190;ENSG00000005249;ENSG00000197555;ENSG00000120129;ENSG00000174738;ENSG00000198121;ENSG00000151414;ENSG00000153904;ENSG00000075711;ENSG00000058668;ENSG00000105976;ENSG00000074416;ENSG00000112941;ENSG00000078269;ENSG00000105974;ENSG00000070778;ENSG00000085224;ENSG00000141736;ENSG00000124788;ENSG00000113580;ENSG00000151967;ENSG00000187210
prerank,Hedgehog Signaling,-0.49386613148139225,-1.4410949710544232,0.0538793,0.0613097,0.349,11/23,21.77%,NRP2;NRP1;DPYSL2;PTCH1;SCG2;MYH9;VEGFA;AMOT;RASA1;CELSR1;NKX6-1,ENSG00000118257;ENSG00000099250;ENSG00000092964;ENSG00000185920;ENSG00000171951;ENSG00000100345;ENSG00000112715;ENSG00000126016;ENSG00000145715;ENSG00000075275;ENSG00000163623
prerank,MYC Targets V1,-0.3037949180125627,-1.3341435145820129,0.012987,0.13863,0.651,35/200,12.47%,USP1;ORC2;FAM120A;HNRNPR;MCM4;RRM1;SYNCRIP;MCM6;MCM5;KPNB1;HNRNPU;HNRNPD;XPOT;SET;SMARCC1;PSMD1;DEK;PTGES3;EPRS1;SRSF1;EIF4G2;XPO1;SF3B3;SERBP1;MCM2;HDAC2;PCBP1;POLE3;PRPS2;HSP90AB1;UBA2;NOLC1;STARD7;HNRNPA3;HNRNPA2B1,ENSG00000162607;ENSG00000115942;ENSG00000048828;ENSG00000125944;ENSG00000104738;ENSG00000167325;ENSG00000135316;ENSG00000076003;ENSG00000100297;ENSG00000108424;ENSG00000153187;ENSG00000138668;ENSG00000184575;ENSG00000119335;ENSG00000173473;ENSG00000173692;ENSG00000124795;ENSG00000110958;ENSG00000136628;ENSG00000136450;ENSG00000110321;ENSG00000082898;ENSG00000189091;ENSG00000142864;ENSG00000073111;ENSG00000196591;ENSG00000169564;ENSG00000148229;ENSG00000101911;ENSG00000096384;ENSG00000126261;ENSG00000166197;ENSG00000084090;ENSG00000170144;ENSG00000122566
prerank,Glycolysis,0.31903507857255975,1.3340545553831238,0.0306859,0.20966,0.729,45/172,20.45%,BIK;CHPF2;DDIT4;TGFA;ADORA2B;GPR87;AK4;ELF3;NOL3;AGRN;CHST6;CDK1;FAM162A;IER3;MDH1;GFUS;POLR3K;GALK1;SOD1;CYB5A;FKBP4;IDUA;PPIA;PHKA2;GOT1;ALDH7A1;B3GALT6;SAP30;MIF;GALE;PYGL;PGK1;RARS1;P4HA1;B3GAT3;BPNT1;NT5E;LHPP;TPI1;GLRX;SDHC;CHPF;PPP2CB;MDH2;PSMC4,ENSG00000100290;ENSG00000033100;ENSG00000168209;ENSG00000163235;ENSG00000170425;ENSG00000138271;ENSG00000162433;ENSG00000163435;ENSG00000140939;ENSG00000188157;ENSG00000183196;ENSG00000170312;ENSG00000114023;ENSG00000137331;ENSG00000014641;ENSG00000104522;ENSG00000161980;ENSG00000108479;ENSG00000142168;ENSG00000166347;ENSG00000004478;ENSG00000127415;ENSG00000196262;ENSG00000044446;ENSG00000120053;ENSG00000164904;ENSG00000176022;ENSG00000164105;ENSG00000240972;ENSG00000117308;ENSG00000100504;ENSG00000102144;ENSG00000113643;ENSG00000122884;ENSG00000149541;ENSG00000162813;ENSG00000135318;ENSG00000107902;ENSG00000111669;ENSG00000173221;ENSG00000143252;ENSG00000123989;ENSG00000104695;ENSG00000146701;ENSG00000013275
prerank,Adipogenesis,0.31635858346899404,1.315978396645682,0.0506567,0.207268,0.778,58/171,21.88%,GADD45A;DGAT1;CMBL;TOB1;SAMM50;DDT;EPHX2;SLC27A1;COX6A1;ITGA7;SNCG;SORBS1;PGM1;PPARG;PLIN2;ECHS1;SOD1;FAH;IDH3G;UQCR11;RMDN3;MTCH2;PHLDB1;PREB;IDH3A;DRAM2;GBE1;MIGA2;CCNG2;DNAJC15;ALDH2;ATP5PO;UQCRQ;COX7B;NABP1;MGST3;SULT1A1;UQCR10;PHYH;NDUFAB1;GPX4;TST;ARL4A;AK2;CRAT;GHITM;COX8A;ETFB;SDHC;CYC1;NDUFS3;MDH2;SDHB;ECH1;LIFR;GRPEL1;NKIRAS1;MCCC1,ENSG00000116717;ENSG00000185000;ENSG00000164237;ENSG00000141232;ENSG00000100347;ENSG00000099977;ENSG00000120915;ENSG00000130304;ENSG00000111775;ENSG00000135424;ENSG00000173267;ENSG00000095637;ENSG00000079739;ENSG00000132170;ENSG00000147872;ENSG00000127884;ENSG00000142168;ENSG00000103876;ENSG00000067829;ENSG00000127540;ENSG00000137824;ENSG00000109919;ENSG00000019144;ENSG00000138073;ENSG00000166411;ENSG00000156171;ENSG00000114480;ENSG00000148343;ENSG00000138764;ENSG00000120675;ENSG00000111275;ENSG00000241837;ENSG00000164405;ENSG00000131174;ENSG00000173559;ENSG00000143198;ENSG00000196502;ENSG00000184076;ENSG00000107537;ENSG00000004779;ENSG00000167468;ENSG00000128311;ENSG00000122644;ENSG00000004455;ENSG00000095321;ENSG00000165678;ENSG00000176340;ENSG00000105379;ENSG00000143252;ENSG00000179091;ENSG00000213619;ENSG00000146701;ENSG00000117118;ENSG00000104823;ENSG00000113594;ENSG00000109519;ENSG00000197885;ENSG00000078070
prerank,Coagulation,0.3578524483677178,1.310113832977979,0.0763209,0.188738,0.798,12/73,7.56%,PLAU;KLK8;SH2B2;MMP11;MSRB2;ISCU;S100A13;F12;BMP1;CSRP1;ANXA1;SIRT2,ENSG00000122861;ENSG00000129455;ENSG00000160999;ENSG00000099953;ENSG00000148450;ENSG00000136003;ENSG00000189171;ENSG00000131187;ENSG00000168487;ENSG00000159176;ENSG00000135046;ENSG00000068903
prerank,TGF Beta Signaling,-0.3724093977591395,-1.308526211477568,0.0938166,0.150986,0.714,22/49,33.49%,TJP1;SKI;WWTR1;PPM1A;HIPK2;KLF10;IFNGR2;ARID4B;BMPR2;RHOA;CTNNB1;SPTBN1;XIAP;SMAD1;BMPR1A;CDKN1C;TRIM33;RAB31;APC;UBE2D3;THBS1;ACVR1,ENSG00000104067;ENSG00000157933;ENSG00000018408;ENSG00000100614;ENSG00000064393;ENSG00000155090;ENSG00000159128;ENSG00000054267;ENSG00000204217;ENSG00000067560;ENSG00000168036;ENSG00000115306;ENSG00000101966;ENSG00000170365;ENSG00000107779;ENSG00000129757;ENSG00000197323;ENSG00000168461;ENSG00000134982;ENSG00000109332;ENSG00000137801;ENSG00000115170
prerank,TNFA Signaling VIA NFKB,0.3140728524242239,1.3081554714193304,0.0321361,0.170214,0.799,22/157,10.44%,CDKN1A;BTG2;DRAM1;PLK2;IER5;PLAU;GADD45A;SAT1;LIF;NINJ1;SPHK1;SLC16A6;IER3;AREG;CCNL1;IL18;CLCF1;TSC22D1;BTG1;IL15RA;TAP1;TIPARP,ENSG00000124762;ENSG00000159388;ENSG00000136048;ENSG00000145632;ENSG00000162783;ENSG00000122861;ENSG00000116717;ENSG00000130066;ENSG00000128342;ENSG00000131669;ENSG00000176170;ENSG00000108932;ENSG00000137331;ENSG00000109321;ENSG00000163660;ENSG00000150782;ENSG00000175505;ENSG00000102804;ENSG00000133639;ENSG00000134470;ENSG00000168394;ENSG00000163659
prerank,Heme Metabolism,-0.30119633018297404,-1.287293844138627,0.0364807,0.162842,0.777,32/154,11.63%,ASNS;GCLM;H4C3;SLC7A11;ALAD;ALDH6A1;BNIP3L;MFHAS1;RAD23A;CTSB;ARHGEF12;CLCN3;VEZF1;SLC6A8;RNF19A;TSPAN5;TOP1;CAST;E2F2;GMPS;SPTB;SLC11A2;CPOX;GAPVD1;SIDT2;MBOAT2;XK;DAAM1;GCLC;RANBP10;ELL2;MPP1,ENSG00000070669;ENSG00000023909;ENSG00000197061;ENSG00000151012;ENSG00000148218;ENSG00000119711;ENSG00000104765;ENSG00000147324;ENSG00000179262;ENSG00000164733;ENSG00000196914;ENSG00000109572;ENSG00000136451;ENSG00000130821;ENSG00000034677;ENSG00000168785;ENSG00000198900;ENSG00000310517;ENSG00000007968;ENSG00000163655;ENSG00000070182;ENSG00000110911;ENSG00000080819;ENSG00000165219;ENSG00000149577;ENSG00000143797;ENSG00000047597;ENSG00000100592;ENSG00000001084;ENSG00000141084;ENSG00000118985;ENSG00000130830
prerank,Unfolded Protein Response,-0.3183724709320859,-1.2861492493561069,0.0686869,0.150873,0.78,40/111,26.01%,ASNS;KHSRP;MTREX;SLC7A5;FKBP14;DDX10;XPOT;SLC1A4;NFYA;NOP14;EIF4G1;DCP2;VEGFA;NOLC1;KDELR3;DNAJC3;ERO1A;CNOT4;PAIP1;DKC1;HSPA9;TARS1;SSR1;CNOT2;SDAD1;CEBPB;SRPRA;CEBPG;SKIC3;PSAT1;TATDN2;ATF6;CNOT6;H2AX;EDC4;YWHAZ;SLC30A5;HSP90B1;EXOSC9;IARS1,ENSG00000070669;ENSG00000088247;ENSG00000039123;ENSG00000103257;ENSG00000106080;ENSG00000178105;ENSG00000184575;ENSG00000115902;ENSG00000001167;ENSG00000087269;ENSG00000114867;ENSG00000172795;ENSG00000112715;ENSG00000166197;ENSG00000100196;ENSG00000102580;ENSG00000197930;ENSG00000080802;ENSG00000172239;ENSG00000130826;ENSG00000113013;ENSG00000113407;ENSG00000124783;ENSG00000111596;ENSG00000198301;ENSG00000172216;ENSG00000182934;ENSG00000153879;ENSG00000198677;ENSG00000135069;ENSG00000157014;ENSG00000118217;ENSG00000113300;ENSG00000188486;ENSG00000038358;ENSG00000164924;ENSG00000145740;ENSG00000166598;ENSG00000123737;ENSG00000196305
prerank,KRAS Signaling UP,0.3041510343325511,1.2022958761334572,0.127341,0.322594,0.961,11/114,2.70%,ALDH1A3;TSPAN1;PLAU;FUCA1;KCNN4;ANKH;SEMA3B;LIF;MMP11;SATB1;TSPAN13,ENSG00000184254;ENSG00000117472;ENSG00000122861;ENSG00000179163;ENSG00000104783;ENSG00000154122;ENSG00000012171;ENSG00000128342;ENSG00000099953;ENSG00000182568;ENSG00000106537
prerank,KRAS Signaling DN,0.33762170095188804,1.2019741929048702,0.176125,0.293587,0.961,8/62,6.77%,BTG2;KRT13;KLK7;KLK8;COQ8A;GAMT;IGFBP2;KRT15,ENSG00000159388;ENSG00000171401;ENSG00000169035;ENSG00000129455;ENSG00000163050;ENSG00000130005;ENSG00000115457;ENSG00000171346
prerank,Angiogenesis,-0.4111179851234514,-1.1991825206412432,0.199597,0.270884,0.939,5/22,10.33%,LPL;SPP1;NRP1;COL3A1;VEGFA,ENSG00000175445;ENSG00000118785;ENSG00000099250;ENSG00000168542;ENSG00000112715
prerank,Complement,-0.2915021556500744,-1.1964360199364443,0.12395,0.256137,0.94,40/130,24.06%,PIM1;CTSS;HSPA1A;CTSB;RBSN;APOC1;DYRK2;USP16;TIMP2;USP8;CCL5;GNAI2;S100A9;F3;IRF7;ANXA5;LIPA;PCLO;LRP1;BRPF3;FN1;DPP4;CALM1;CALM3;FCER1G;ME1;PLEK;PRKCD;ANG;CEBPB;LYN;GPD2;IRF2;PIK3R5;CBLB;CTSO;PCSK9;KIF2A;LAMP2;LAP3,ENSG00000137193;ENSG00000163131;ENSG00000204389;ENSG00000164733;ENSG00000131381;ENSG00000130208;ENSG00000127334;ENSG00000156256;ENSG00000035862;ENSG00000138592;ENSG00000271503;ENSG00000114353;ENSG00000163220;ENSG00000117525;ENSG00000185507;ENSG00000164111;ENSG00000107798;ENSG00000186472;ENSG00000123384;ENSG00000096070;ENSG00000115414;ENSG00000197635;ENSG00000198668;ENSG00000160014;ENSG00000158869;ENSG00000065833;ENSG00000115956;ENSG00000163932;ENSG00000214274;ENSG00000172216;ENSG00000254087;ENSG00000115159;ENSG00000168310;ENSG00000141506;ENSG00000114423;ENSG00000256043;ENSG00000169174;ENSG00000068796;ENSG00000005893;ENSG00000002549
prerank,MTORC1 Signaling,-0.2746727573485514,-1.1859963270246563,0.0981211,0.257294,0.949,42/190,13.52%,INSIG1;PHGDH;ASNS;ACSL3;ELOVL6;MCM4;FADS1;SLC7A5;SQLE;SLC7A11;SCD;HMGCS1;BCAT1;CCNF;CYP51A1;RDH11;SLC1A5;GSK3B;LDLR;SLC1A4;GMPS;CORO1A;EPRS1;TMEM97;DHCR24;UNG;DHCR7;CCT6A;MCM2;UCHL5;ITGB2;GCLC;ATP2A2;EGLN3;DHFR;NUP205;POLR3G;HMGCR;ERO1A;TES;WARS1;GSR,ENSG00000186480;ENSG00000092621;ENSG00000070669;ENSG00000123983;ENSG00000170522;ENSG00000104738;ENSG00000149485;ENSG00000103257;ENSG00000104549;ENSG00000151012;ENSG00000099194;ENSG00000112972;ENSG00000060982;ENSG00000162063;ENSG00000001630;ENSG00000072042;ENSG00000105281;ENSG00000082701;ENSG00000130164;ENSG00000115902;ENSG00000163655;ENSG00000102879;ENSG00000136628;ENSG00000109084;ENSG00000116133;ENSG00000076248;ENSG00000172893;ENSG00000146731;ENSG00000073111;ENSG00000116750;ENSG00000160255;ENSG00000001084;ENSG00000174437;ENSG00000129521;ENSG00000228716;ENSG00000155561;ENSG00000113356;ENSG00000113161;ENSG00000197930;ENSG00000135269;ENSG00000140105;ENSG00000104687
prerank,Cholesterol Homeostasis,-0.3146967161259351,-1.1599977707062137,0.201195,0.293764,0.971,14/68,9.25%,ALCAM;SQLE;SCD;HMGCS1;CYP51A1;LPL;ACTG1;LDLR;ANTXR2;TMEM97;GPX8;FASN;DHCR7;ANXA5,ENSG00000170017;ENSG00000104549;ENSG00000099194;ENSG00000112972;ENSG00000001630;ENSG00000175445;ENSG00000184009;ENSG00000130164;ENSG00000163297;ENSG00000109084;ENSG00000164294;ENSG00000169710;ENSG00000172893;ENSG00000164111
prerank,Androgen Response,-0.3030210354482041,-1.1494087004189042,0.22833,0.297424,0.976,20/85,13.52%,INSIG1;ACSL3;FADS1;SLC38A2;SCD;HMGCS1;SEC24D;RPS6KA3;ARID5B;DHCR24;FKBP5;ELK4;B4GALT1;XRCC5;SLC26A2;ELL2;PIAS1;HMGCR;ZMIZ1;GSR,ENSG00000186480;ENSG00000123983;ENSG00000149485;ENSG00000134294;ENSG00000099194;ENSG00000112972;ENSG00000150961;ENSG00000177189;ENSG00000150347;ENSG00000116133;ENSG00000096060;ENSG00000158711;ENSG00000086062;ENSG00000079246;ENSG00000155850;ENSG00000118985;ENSG00000033800;ENSG00000113161;ENSG00000108175;ENSG00000104687
prerank,Estrogen Response Late,0.2764007650471254,1.1486990367453713,0.16458,0.378723,0.996,44/162,19.21%,KRT13;SFN;SEMA3B;TOB1;MICB;SLC2A8;GAL;TSPAN13;DYNLT3;ASS1;HSPA4L;PLAAT3;AREG;BAG1;PLXNB1;GFUS;SULT2B1;FKBP4;KLK10;HR;KRT19;CKB;FABP5;MYOF;CISH;GJB3;GALE;SLC22A5;SCNN1A;MAPK13;ANXA9;TPD52L1;MDK;CPE;CDH1;PAPSS2;COX6C;MEST;SERPINA5;PTGES;TJP3;TST;ETFB;XBP1,ENSG00000171401;ENSG00000175793;ENSG00000012171;ENSG00000141232;ENSG00000204516;ENSG00000136856;ENSG00000069482;ENSG00000106537;ENSG00000165169;ENSG00000130707;ENSG00000164070;ENSG00000176485;ENSG00000109321;ENSG00000107262;ENSG00000164050;ENSG00000104522;ENSG00000088002;ENSG00000004478;ENSG00000129451;ENSG00000168453;ENSG00000171345;ENSG00000166165;ENSG00000164687;ENSG00000138119;ENSG00000114737;ENSG00000188910;ENSG00000117308;ENSG00000197375;ENSG00000111319;ENSG00000156711;ENSG00000143412;ENSG00000111907;ENSG00000110492;ENSG00000109472;ENSG00000039068;ENSG00000198682;ENSG00000164919;ENSG00000106484;ENSG00000188488;ENSG00000148344;ENSG00000105289;ENSG00000128311;ENSG00000105379;ENSG00000100219
prerank,Interferon Alpha Response,-0.30251396710136114,-1.1459928490093556,0.208678,0.287744,0.978,17/76,15.77%,ELF1;CSF1;IFI35;EIF2AK2;DDX60;TRIM14;TRIM25;TXNIP;PSMB8;IRF7;NUB1;ADAR;WARS1;SP110;CD74;IFIH1;CMTR1,ENSG00000120690;ENSG00000184371;ENSG00000068079;ENSG00000055332;ENSG00000137628;ENSG00000106785;ENSG00000121060;ENSG00000265972;ENSG00000204264;ENSG00000185507;ENSG00000013374;ENSG00000160710;ENSG00000140105;ENSG00000135899;ENSG00000019582;ENSG00000115267;ENSG00000137200
prerank,Hypoxia,0.27854561842932357,1.139357720692208,0.202226,0.369649,0.997,41/154,20.08%,CDKN1A;SLC2A1;DDIT4;ADORA2B;AK4;NDRG1;ANXA2;KIF5A;MT1E;FAM162A;IER3;ADM;PGM1;PGF;PLIN2;GALK1;S100A4;SULT2B1;BTG1;TIPARP;B3GALT6;GBE1;SAP30;MIF;AMPD3;GAA;CCNG2;PGK1;P4HA1;ERRFI1;SERPINE1;TPST2;STBD1;GRHPR;TPI1;HS3ST1;MAFF;GLRX;NDST2;SRPX;PRDX5,ENSG00000124762;ENSG00000117394;ENSG00000168209;ENSG00000170425;ENSG00000162433;ENSG00000104419;ENSG00000182718;ENSG00000155980;ENSG00000169715;ENSG00000114023;ENSG00000137331;ENSG00000148926;ENSG00000079739;ENSG00000119630;ENSG00000147872;ENSG00000108479;ENSG00000196154;ENSG00000088002;ENSG00000133639;ENSG00000163659;ENSG00000176022;ENSG00000114480;ENSG00000164105;ENSG00000240972;ENSG00000133805;ENSG00000171298;ENSG00000138764;ENSG00000102144;ENSG00000122884;ENSG00000116285;ENSG00000106366;ENSG00000128294;ENSG00000118804;ENSG00000137106;ENSG00000111669;ENSG00000002587;ENSG00000185022;ENSG00000173221;ENSG00000166507;ENSG00000101955;ENSG00000126432
prerank,IL2 STAT5 Signaling,-0.2659136161407379,-1.1120976931773794,0.209503,0.340646,0.993,27/142,14.40%,PIM1;SWAP70;SPRY4;KLF6;ALCAM;CSF1;SPP1;NRP1;DENND5A;SLC1A5;CDCP1;ETFBKMT;PHTF2;UCK2;LRRC8C;PTCH1;COCH;MYO1C;NFKBIZ;AHR;PLAGL1;HIPK2;IKZF4;HUWE1;SOCS1;PHLDA1;GALM,ENSG00000137193;ENSG00000133789;ENSG00000187678;ENSG00000067082;ENSG00000170017;ENSG00000184371;ENSG00000118785;ENSG00000099250;ENSG00000184014;ENSG00000105281;ENSG00000163814;ENSG00000139160;ENSG00000006576;ENSG00000143179;ENSG00000171488;ENSG00000185920;ENSG00000100473;ENSG00000197879;ENSG00000144802;ENSG00000106546;ENSG00000118495;ENSG00000064393;ENSG00000123411;ENSG00000086758;ENSG00000185338;ENSG00000139289;ENSG00000143891
prerank,Bile Acid Metabolism,-0.2996676396977446,-1.1008390843518188,0.267223,0.346329,0.997,11/67,9.38%,GCLM;NPC1;FADS1;ISOC1;ACSL1;CYP27A1;NEDD4;PEX1;DHCR24;ABCA5;HSD17B4,ENSG00000023909;ENSG00000141458;ENSG00000149485;ENSG00000066583;ENSG00000151726;ENSG00000135929;ENSG00000069869;ENSG00000127980;ENSG00000116133;ENSG00000154265;ENSG00000133835
prerank,Inflammatory Response,-0.2745434963525585,-1.0965802198959553,0.262295,0.338663,0.997,34/104,17.68%,SLC7A1;TLR1;KLF6;CSF1;EMP3;ATP2B1;EIF2AK2;LDLR;HRH1;IL1B;PTPRE;KIF1B;CCL5;SLC11A2;MSR1;SGMS2;IL1R1;F3;IRF7;NFKB1;IFNAR1;ATP2A2;AHR;DCBLD2;SLC7A2;C5AR1;PCDH7;IFNGR2;ABI1;TPBG;CYBB;LPAR1;EREG;CCL22,ENSG00000139514;ENSG00000174125;ENSG00000067082;ENSG00000184371;ENSG00000142227;ENSG00000070961;ENSG00000055332;ENSG00000130164;ENSG00000196639;ENSG00000125538;ENSG00000132334;ENSG00000054523;ENSG00000271503;ENSG00000110911;ENSG00000038945;ENSG00000164023;ENSG00000115594;ENSG00000117525;ENSG00000185507;ENSG00000109320;ENSG00000142166;ENSG00000174437;ENSG00000106546;ENSG00000057019;ENSG00000003989;ENSG00000197405;ENSG00000169851;ENSG00000159128;ENSG00000136754;ENSG00000146242;ENSG00000165168;ENSG00000198121;ENSG00000124882;ENSG00000102962
prerank,Reactive Oxygen Species Pathway,0.32485976783133225,1.0955690135913503,0.308571,0.445306,1,16/46,23.87%,ATOX1;FES;PRDX6;SOD1;OXSR1;ERCC2;SRXN1;PRDX2;GPX4;PRDX4;GLRX;LAMTOR5;STK25;TXN;HMOX2;PRDX1,ENSG00000177556;ENSG00000182511;ENSG00000117592;ENSG00000142168;ENSG00000172939;ENSG00000104884;ENSG00000271303;ENSG00000167815;ENSG00000167468;ENSG00000123131;ENSG00000173221;ENSG00000134248;ENSG00000115694;ENSG00000136810;ENSG00000103415;ENSG00000117450
prerank,Epithelial Mesenchymal Transition,0.2713120880700554,1.0801417510387907,0.285988,0.453734,1,31/118,17.78%,ACTA2;FAS;FUCA1;GADD45A;SAT1;LAMA3;FBLN5;LOXL1;DKK1;CRLF1;AREG;MSX1;TPM2;BMP1;IGFBP2;IL15;COL6A2;FSTL3;CTHRC1;COL7A1;CAP2;CAPG;BDNF;MMP14;SERPINE1;PCOLCE2;CD59;MEST;TAGLN;NT5E;ITGA5,ENSG00000107796;ENSG00000026103;ENSG00000179163;ENSG00000116717;ENSG00000130066;ENSG00000053747;ENSG00000140092;ENSG00000129038;ENSG00000107984;ENSG00000006016;ENSG00000109321;ENSG00000163132;ENSG00000198467;ENSG00000168487;ENSG00000115457;ENSG00000164136;ENSG00000142173;ENSG00000070404;ENSG00000164932;ENSG00000114270;ENSG00000112186;ENSG00000042493;ENSG00000176697;ENSG00000157227;ENSG00000106366;ENSG00000163710;ENSG00000085063;ENSG00000106484;ENSG00000149591;ENSG00000135318;ENSG00000161638
prerank,Interferon Gamma Response,-0.25843142601839136,-1.0781700715841862,0.270833,0.360153,1,30/137,15.77%,SPPL2A;PIM1;PTGS2;IFI35;ISOC1;EIF4E3;EIF2AK2;DDX60;RIPK1;TRIM14;PTPN6;TRIM25;ARID5B;TXNIP;CCL5;PSMB8;IRF7;NFKB1;STAT1;NOD1;ADAR;WARS1;ST3GAL5;PTPN1;SOCS1;SAMHD1;SP110;CD74;IFIH1;CMTR1,ENSG00000138600;ENSG00000137193;ENSG00000073756;ENSG00000068079;ENSG00000066583;ENSG00000163412;ENSG00000055332;ENSG00000137628;ENSG00000137275;ENSG00000106785;ENSG00000111679;ENSG00000121060;ENSG00000150347;ENSG00000265972;ENSG00000271503;ENSG00000204264;ENSG00000185507;ENSG00000109320;ENSG00000115415;ENSG00000106100;ENSG00000160710;ENSG00000140105;ENSG00000115525;ENSG00000196396;ENSG00000185338;ENSG00000101347;ENSG00000135899;ENSG00000019582;ENSG00000115267;ENSG00000137200
prerank,Xenobiotic Metabolism,0.2641352240571861,1.0620117124147939,0.312253,0.470247,1,34/131,20.58%,FAS;CYFIP2;DHRS1;SERTAD1;DDT;NINJ1;CSAD;GABARAPL1;GSTT2;FAH;CYB5A;EPHA2;MCCC2;HACL1;RAP1GAP;ACP1;HES6;ABCC3;ALDH2;PSMB10;GSTM4;PAPSS2;SERPINE1;SPINT2;GSS;PTGES;EPHX1;PMM1;NDRG2;SMOX;COMT;SLC12A4;ECH1;AP4B1,ENSG00000026103;ENSG00000055163;ENSG00000157379;ENSG00000197019;ENSG00000099977;ENSG00000131669;ENSG00000139631;ENSG00000139112;ENSG00000099984;ENSG00000103876;ENSG00000166347;ENSG00000142627;ENSG00000131844;ENSG00000131373;ENSG00000076864;ENSG00000143727;ENSG00000144485;ENSG00000108846;ENSG00000111275;ENSG00000205220;ENSG00000168765;ENSG00000198682;ENSG00000106366;ENSG00000167642;ENSG00000100983;ENSG00000148344;ENSG00000143819;ENSG00000100417;ENSG00000165795;ENSG00000088826;ENSG00000093010;ENSG00000124067;ENSG00000104823;ENSG00000134262
prerank,Peroxisome,0.27947909157361994,1.0542115418255196,0.373047,0.46093,1,27/87,20.56%,DHRS3;CRABP2;ABCC5;FIS1;EPHX2;PEX5;FABP6;DLG4;TSPO;SOD1;SULT2B1;PEX11B;GSTK1;ERCC3;CTPS1;HRAS;ACAA1;CNBP;PEX6;PEX2;CLN8;SLC25A17;CRAT;EHHADH;IDH2;PRDX5;ECH1,ENSG00000162496;ENSG00000143320;ENSG00000114770;ENSG00000214253;ENSG00000120915;ENSG00000139197;ENSG00000170231;ENSG00000132535;ENSG00000100300;ENSG00000142168;ENSG00000088002;ENSG00000131779;ENSG00000197448;ENSG00000163161;ENSG00000171793;ENSG00000174775;ENSG00000060971;ENSG00000169714;ENSG00000124587;ENSG00000164751;ENSG00000182372;ENSG00000100372;ENSG00000095321;ENSG00000113790;ENSG00000182054;ENSG00000126432;ENSG00000104823
prerank,Myogenesis,0.25951454982785677,1.0246069248773353,0.407197,0.509222,1,16/112,8.80%,CDKN1A;EIF4A2;AGRN;AK1;PICK1;SPHK1;ITGA7;SORBS1;ITGB4;BAG1;TPM2;SH2B1;SIRT2;SYNGR2;FKBP1B;CKB,ENSG00000124762;ENSG00000156976;ENSG00000188157;ENSG00000106992;ENSG00000100151;ENSG00000176170;ENSG00000135424;ENSG00000095637;ENSG00000132470;ENSG00000107262;ENSG00000198467;ENSG00000178188;ENSG00000068903;ENSG00000108639;ENSG00000119782;ENSG00000166165
prerank,Spermatogenesis,-0.27465477647959496,-0.9964919366990344,0.463035,0.537796,1,10/59,9.75%,TOPBP1;PRKAR2A;LPIN1;CAMK4;EZH2;BRAF;DBF4;GMCL1;NF2;CSNK2A2,ENSG00000163781;ENSG00000114302;ENSG00000134324;ENSG00000152495;ENSG00000106462;ENSG00000157764;ENSG00000006634;ENSG00000087338;ENSG00000186575;ENSG00000070770
prerank,UV Response UP,0.2351559752439029,0.9511731659319351,0.564899,0.673674,1,32/138,18.31%,BTG2;DGAT1;UROD;GAL;POLG2;ATP6V1F;MSX1;FGF18;IGFBP2;DLG4;GLS;FKBP4;NXF1;BTG1;BID;TAP1;PRPF3;AP2S1;SPR;CCNE1;CCND3;CDC34;ACAA1;MMP14;SULT1A1;CYB5B;POLR2H;HLA-F;EPHX1;CLCN2;TST;GRINA,ENSG00000159388;ENSG00000185000;ENSG00000126088;ENSG00000069482;ENSG00000256525;ENSG00000128524;ENSG00000163132;ENSG00000156427;ENSG00000115457;ENSG00000132535;ENSG00000115419;ENSG00000004478;ENSG00000162231;ENSG00000133639;ENSG00000015475;ENSG00000168394;ENSG00000117360;ENSG00000042753;ENSG00000116096;ENSG00000105173;ENSG00000112576;ENSG00000099804;ENSG00000060971;ENSG00000157227;ENSG00000196502;ENSG00000103018;ENSG00000163882;ENSG00000204642;ENSG00000143819;ENSG00000114859;ENSG00000128311;ENSG00000178719
prerank,PI3K AKT MTOR Signaling,0.2429993891209273,0.9242706182084511,0.607955,0.713723,1,3/87,0.47%,CDKN1A;SLC2A1;SFN,ENSG00000124762;ENSG00000117394;ENSG00000175793
prerank,Fatty Acid Metabolism,0.21891404783678065,0.8770491018363284,0.755218,0.800297,1,42/123,27.62%,ACADVL;D2HGDH;AUH;UROD;GCDH;UROS;GABARAPL1;GSTZ1;MDH1;IDH3B;PRDX6;ECHS1;IDH3G;HSD17B10;PCBD1;MIF;SLC22A5;ACAA1;SERINC1;EPHX1;GRHPR;CRAT;PDHB;SDHD;EHHADH;SDHC;HSDL2;MDH2;ECH1;ECI1;CYP1A1;CPT2;OSTC;SUCLG1;NTHL1;HMGCL;ADSL;ENO3;GLUL;BCKDHB;ENO2;LGALS1,ENSG00000072778;ENSG00000180902;ENSG00000148090;ENSG00000126088;ENSG00000105607;ENSG00000188690;ENSG00000139112;ENSG00000100577;ENSG00000014641;ENSG00000101365;ENSG00000117592;ENSG00000127884;ENSG00000067829;ENSG00000072506;ENSG00000166228;ENSG00000240972;ENSG00000197375;ENSG00000060971;ENSG00000111897;ENSG00000143819;ENSG00000137106;ENSG00000095321;ENSG00000168291;ENSG00000204370;ENSG00000113790;ENSG00000143252;ENSG00000119471;ENSG00000146701;ENSG00000104823;ENSG00000167969;ENSG00000140465;ENSG00000157184;ENSG00000198856;ENSG00000163541;ENSG00000065057;ENSG00000117305;ENSG00000239900;ENSG00000108515;ENSG00000135821;ENSG00000083123;ENSG00000111674;ENSG00000100097
prerank,MYC Targets V2,-0.23720203303067605,-0.8584456558030249,0.759519,0.889509,1,17/58,26.33%,MCM4;MCM5;PPRC1;TMEM97;WDR43;UNG;PLK4;NOLC1;TCOF1;PA2G4;UTP20;HK2;MAP3K6;IPO4;GNL3;DUSP2;SLC19A1,ENSG00000104738;ENSG00000100297;ENSG00000148840;ENSG00000109084;ENSG00000163811;ENSG00000076248;ENSG00000142731;ENSG00000166197;ENSG00000070814;ENSG00000170515;ENSG00000120800;ENSG00000159399;ENSG00000142733;ENSG00000196497;ENSG00000163938;ENSG00000158050;ENSG00000173638
prerank,Pancreas Beta Cells,-0.2951922604089942,-0.8069722699271532,0.746589,0.954284,1,6/16,26.14%,DPP4;VDR;NKX6-1;MAFB;LMO2;PAX6,ENSG00000197635;ENSG00000111424;ENSG00000163623;ENSG00000204103;ENSG00000135363;ENSG00000007372
prerank,Apical Surface,0.26817654703305494,0.7982233245838819,0.781124,0.923447,1,1/25,0.39%,SULF2,ENSG00000196562
prerank,Protein Secretion,-0.20030012321672805,-0.7808785561134068,0.901606,0.952354,1,25/90,25.00%,SEC24D;CLCN3;RPS6KA3;SCRN1;KIF1B;ATP6V1H;ANP32E;AP1G1;GOLGA4;RAB14;CLTC;COPB2;AP3B1;MAPK1;VPS4B;PPT1;DNM1L;PAM;M6PR;RAB2A;STAM;TMX1;LAMP2;GBF1;DST,ENSG00000150961;ENSG00000109572;ENSG00000177189;ENSG00000136193;ENSG00000054523;ENSG00000047249;ENSG00000143401;ENSG00000166747;ENSG00000144674;ENSG00000119396;ENSG00000141367;ENSG00000184432;ENSG00000132842;ENSG00000100030;ENSG00000119541;ENSG00000131238;ENSG00000087470;ENSG00000145730;ENSG00000003056;ENSG00000104388;ENSG00000136738;ENSG00000139921;ENSG00000005893;ENSG00000107862;ENSG00000151914
prerank,WNT Beta Catenin Signaling,-0.23886870062740123,-0.7602421797482631,0.853119,0.937717,1,9/32,23.71%,SKP2;PTCH1;HDAC2;TCF7;MAML1;CTNNB1;HDAC5;TP53;ADAM17,ENSG00000145604;ENSG00000185920;ENSG00000196591;ENSG00000081059;ENSG00000161021;ENSG00000168036;ENSG00000108840;ENSG00000141510;ENSG00000151694
prerank,Notch Signaling,0.18319284369343375,0.5462832769607479,0.99,0.997319,1,8/29,27.46%,SKP1;KAT2A;SAP30;DLL1;RBX1;NOTCH1;FZD1;APH1A,ENSG00000113558;ENSG00000108773;ENSG00000164105;ENSG00000198719;ENSG00000100387;ENSG00000148400;ENSG00000157240;ENSG00000117362
