plate,kind,well,z,cell_line,treatment,binary_iou,mean_instance_iou,matched_iou@0.5,precision@0.5,recall@0.5,f1@0.5,TP,FN,FP,n_expert,n_pred,depth_um
PB000137,cell,D12,1,HCT116,DMSO,0.7986391664894747,0.4991045272621907,0.7588490438655002,0.5166666666666667,0.5081967213114754,0.5123966942148761,31,30,29,61,60,5
PB000137,cell,D12,11,HCT116,DMSO,0.5898722166702225,0.28776734677665305,0.7296845441768303,0.2562814070351759,0.2318181818181818,0.24343675417661098,51,169,148,220,199,55
PB000137,cell,D12,3,HCT116,DMSO,0.87038061577466,0.3328699518658767,0.7426652779850689,0.264,0.25384615384615383,0.25882352941176473,33,97,92,130,125,15
PB000137,cell,D12,5,HCT116,DMSO,0.8212284385463753,0.34306875112492113,0.7780069280598291,0.32903225806451614,0.281767955801105,0.3035714285714286,51,130,104,181,155,25
PB000137,cell,D12,7,HCT116,DMSO,0.7867153890253509,0.33999435026308866,0.7522036672126846,0.3142857142857143,0.29464285714285715,0.304147465437788,66,158,144,224,210,35
PB000137,cell,D12,9,HCT116,DMSO,0.6945932803570639,0.3004384914875449,0.7054502380546334,0.24378109452736318,0.21973094170403587,0.23113207547169812,49,174,152,223,201,45
PB000137,cell,F06,1,HCT116,DMSO,0.5493589815869293,0.5140590106230409,0.7206291703262943,0.5333333333333333,0.5333333333333333,0.5333333333333333,8,7,7,15,15,5
PB000137,cell,F06,11,HCT116,DMSO,0.2962194786549287,0.30182718781424583,0.6791910892373638,0.26,0.2549019607843137,0.25742574257425743,13,38,37,51,50,55
PB000137,cell,F06,3,HCT116,DMSO,0.7377088179319095,0.4414181291129907,0.7279932759974147,0.3880597014925373,0.3880597014925373,0.3880597014925373,26,41,41,67,67,15
PB000137,cell,F06,5,HCT116,DMSO,0.6704710546104071,0.32094325953021974,0.7376361835468563,0.275,0.25190839694656486,0.26294820717131473,33,98,87,131,120,25
PB000137,cell,F06,7,HCT116,DMSO,0.5931873843671653,0.3193310240426269,0.7155275695309687,0.30097087378640774,0.24603174603174602,0.2707423580786026,31,95,72,126,103,35
PB000137,cell,F06,9,HCT116,DMSO,0.48195809302875064,0.3472929665522572,0.722140038384305,0.3068181818181818,0.28421052631578947,0.29508196721311475,27,68,61,95,88,45
PB000137,nuclei,D12,1,HCT116,DMSO,0.7918665018541409,0.7301698670817338,0.8834467070696803,0.8615384615384616,0.8115942028985508,0.835820895522388,56,13,9,69,65,5
PB000137,nuclei,D12,11,HCT116,DMSO,0.5601461296409966,0.5267379691717751,0.7805925603150989,0.6853448275862069,0.6115384615384616,0.6463414634146342,159,101,73,260,232,55
PB000137,nuclei,D12,3,HCT116,DMSO,0.8096701925240911,0.7429243083370293,0.8592176130192356,0.8676470588235294,0.8309859154929577,0.8489208633093526,118,24,18,142,136,15
PB000137,nuclei,D12,5,HCT116,DMSO,0.8379511569329933,0.8153327638041612,0.856168832064107,0.9371069182389937,0.9371069182389937,0.9371069182389937,149,10,10,159,159,25
PB000137,nuclei,D12,7,HCT116,DMSO,0.7576786855597452,0.7268895935151005,0.8247408093275954,0.874439461883408,0.8628318584070797,0.8685968819599109,195,31,28,226,223,35
PB000137,nuclei,D12,9,HCT116,DMSO,0.6416999981246869,0.6007330830784947,0.8078450178593279,0.7911111111111111,0.717741935483871,0.7526427061310782,178,70,47,248,225,45
PB000137,nuclei,F06,1,HCT116,DMSO,0.4922728114010735,0.42385089001070353,0.8089434460471876,0.8695652173913043,0.5128205128205128,0.6451612903225806,20,19,3,39,23,5
PB000137,nuclei,F06,11,HCT116,DMSO,0.24549567710433184,0.24197718656092346,0.7282813095287682,0.6875,0.29411764705882354,0.4119850187265917,55,132,25,187,80,55
PB000137,nuclei,F06,3,HCT116,DMSO,0.6901445909742538,0.6632296271243393,0.84658131230203,0.8554216867469879,0.7634408602150538,0.8068181818181818,71,22,12,93,83,15
PB000137,nuclei,F06,5,HCT116,DMSO,0.6967435348028088,0.6483068271279933,0.7724669196712702,0.8549618320610687,0.8,0.8265682656826568,112,28,19,140,131,25
PB000137,nuclei,F06,7,HCT116,DMSO,0.5439563381438,0.5228488230929611,0.723916932046888,0.796875,0.6623376623376623,0.7234042553191489,102,52,26,154,128,35
PB000137,nuclei,F06,9,HCT116,DMSO,0.4461656642056092,0.4404265363280539,0.7395949819137553,0.7967479674796748,0.5632183908045977,0.6599326599326599,98,76,25,174,123,45
PB000139,cell,C03,1,HCT116,binimetinib,0.4439880074870385,0.32957894903414925,0.675645991332777,0.42857142857142855,0.4,0.4137931034482759,6,9,8,15,14,5
PB000139,cell,C03,11,HCT116,binimetinib,0.11984173064103391,0.08758450572097143,,0.0,0.0,,0,8,3,8,3,55
PB000139,cell,C03,3,HCT116,binimetinib,0.3404506878550745,0.20357653680481494,0.6920475968578864,0.16666666666666666,0.15,0.15789473684210525,3,17,15,20,18,15
PB000139,cell,C03,5,HCT116,binimetinib,0.3059491487658549,0.20731087790262293,0.5600059902748675,0.14285714285714285,0.13043478260869565,0.13636363636363635,3,20,18,23,21,25
PB000139,cell,C03,7,HCT116,binimetinib,0.2871207261842284,0.1768361318076793,0.5961847222238253,0.13043478260869565,0.125,0.1276595744680851,3,21,20,24,23,35
PB000139,cell,C03,9,HCT116,binimetinib,0.20360262008733623,0.16260580177630576,0.5989690721649484,0.1111111111111111,0.09090909090909091,0.09999999999999999,1,10,8,11,9,45
PB000139,cell,C12,1,HT29,SN-38,0.7836114137420279,0.5480140329687855,0.7551545744070538,0.6153846153846154,0.6153846153846154,0.6153846153846154,8,5,5,13,13,5
PB000139,cell,C12,11,HT29,SN-38,0.23355046578412833,0.1838099139879831,0.587475340209255,0.4,0.16666666666666666,0.23529411764705882,2,10,3,12,5,55
PB000139,cell,C12,3,HT29,SN-38,0.7183526020735324,0.4726151704076364,0.7358169996912954,0.48148148148148145,0.48148148148148145,0.48148148148148145,13,14,14,27,27,15
PB000139,cell,C12,5,HT29,SN-38,0.5240843421401431,0.38729758892502125,0.6747857679094862,0.36,0.36,0.36,9,16,16,25,25,25
PB000139,cell,C12,7,HT29,SN-38,0.4098938862585472,0.29665883483872485,0.5923786694283548,0.32142857142857145,0.2903225806451613,0.3050847457627119,9,22,19,31,28,35
PB000139,cell,C12,9,HT29,SN-38,0.33811649972094115,0.21283868227415784,0.5690993614003121,0.16666666666666666,0.11764705882352941,0.13793103448275862,2,15,10,17,12,45
PB000139,cell,C14,1,HT29,binimetinib,0.579159076181976,0.24209043332363836,0.6924899443529889,0.13043478260869565,0.13043478260869565,0.13043478260869565,3,20,20,23,23,5
PB000139,cell,C14,11,HT29,binimetinib,0.0,0.0,,,0.0,,0,7,0,7,0,55
PB000139,cell,C14,3,HT29,binimetinib,0.34007600727026066,0.17264292967760142,0.6410037118392853,0.2222222222222222,0.13953488372093023,0.17142857142857143,6,37,21,43,27,15
PB000139,cell,C14,5,HT29,binimetinib,0.303766081871345,0.22354319838717696,0.6194587414323088,0.2857142857142857,0.1875,0.22641509433962265,6,26,15,32,21,25
PB000139,cell,C14,7,HT29,binimetinib,0.13800832103073413,0.09889501836994766,0.5294478527607362,0.1,0.05555555555555555,0.07142857142857142,1,17,9,18,10,35
PB000139,cell,C14,9,HT29,binimetinib,0.0,0.0,,,0.0,,0,15,0,15,0,45
PB000139,cell,C23,1,HCT116,SN-38,0.4613963463476396,0.30402239225144306,0.6539423830440514,0.38461538461538464,0.25,0.30303030303030304,5,15,8,20,13,5
PB000139,cell,C23,11,HCT116,SN-38,0.307528726179007,0.28187560510823156,0.7351845076957659,0.25,0.2222222222222222,0.23529411764705882,2,7,6,9,8,55
PB000139,cell,C23,3,HCT116,SN-38,0.5557681409108426,0.21403412827987187,0.6776228659538025,0.09090909090909091,0.07407407407407407,0.08163265306122448,2,25,20,27,22,15
PB000139,cell,C23,5,HCT116,SN-38,0.3314842743008626,0.24080288205287848,0.6659743055524864,0.2222222222222222,0.16666666666666666,0.1904761904761905,4,20,14,24,18,25
PB000139,cell,C23,7,HCT116,SN-38,0.30113926886860204,0.23652674765318923,0.7216498544691516,0.16666666666666666,0.15,0.15789473684210525,3,17,15,20,18,35
PB000139,cell,C23,9,HCT116,SN-38,0.3677768427787553,0.3271181868734127,0.5781460376255134,0.15384615384615385,0.1111111111111111,0.12903225806451615,2,16,11,18,13,45
PB000139,cell,D06,1,HT29,SN-38,0.7190318225007918,0.611757578542575,0.6793163707323783,0.875,0.7777777777777778,0.823529411764706,7,2,1,9,8,5
PB000139,cell,D06,11,HT29,SN-38,0.3175076671580168,0.22039808816353257,0.6206944179515046,0.16666666666666666,0.1,0.125,2,18,10,20,12,55
PB000139,cell,D06,3,HT29,SN-38,0.6260251297870739,0.4012811645168437,0.6909126442566226,0.4375,0.3684210526315789,0.39999999999999997,7,12,9,19,16,15
PB000139,cell,D06,5,HT29,SN-38,0.527190089672963,0.2567018751227208,0.689084549978655,0.3181818181818182,0.2413793103448276,0.27450980392156865,7,22,15,29,22,25
PB000139,cell,D06,7,HT29,SN-38,0.5194133446799457,0.25234185460092406,0.6388211095809677,0.1724137931034483,0.14285714285714285,0.15625,5,30,24,35,29,35
PB000139,cell,D06,9,HT29,SN-38,0.39591619898654173,0.26920486810024813,0.6512293438621355,0.2857142857142857,0.21428571428571427,0.24489795918367344,6,22,15,28,21,45
PB000139,cell,D11,1,HCT116,binimetinib,0.49039482063256207,0.3425073640215579,0.8476073617829942,0.25,0.2,0.22222222222222224,2,8,6,10,8,5
PB000139,cell,D11,11,HCT116,binimetinib,0.5561774511473974,0.37247516613129106,0.6091290172254487,0.3333333333333333,0.25,0.28571428571428575,2,6,4,8,6,55
PB000139,cell,D11,3,HCT116,binimetinib,0.450747802950899,0.23374363509191914,0.6404148693661907,0.13043478260869565,0.11538461538461539,0.12244897959183673,3,23,20,26,23,15
PB000139,cell,D11,5,HCT116,binimetinib,0.2682028804007514,0.1446028892835307,0.7707969749854566,0.058823529411764705,0.045454545454545456,0.05128205128205128,1,21,16,22,17,25
PB000139,cell,D11,7,HCT116,binimetinib,0.4224272182627654,0.2482183153518425,0.6297371155782081,0.23529411764705882,0.14285714285714285,0.17777777777777778,4,24,13,28,17,35
PB000139,cell,D11,9,HCT116,binimetinib,0.32134010403765173,0.19134987636596348,0.6865046898324977,0.3,0.15,0.2,3,17,7,20,10,45
PB000139,cell,G08,1,HCT116,abemaciclib,0.7708209048405222,0.46043209003067953,0.7382836776936663,0.4166666666666667,0.37037037037037035,0.39215686274509803,10,17,14,27,24,5
PB000139,cell,G08,11,HCT116,abemaciclib,0.39417277628301944,0.3006128394535011,0.712152791472137,0.34285714285714286,0.24489795918367346,0.28571428571428575,12,37,23,49,35,55
PB000139,cell,G08,3,HCT116,abemaciclib,0.7050536508463967,0.3552809747944893,0.7198808516215865,0.29411764705882354,0.26785714285714285,0.2803738317757009,15,41,36,56,51,15
PB000139,cell,G08,5,HCT116,abemaciclib,0.5845051351563842,0.3874139334460373,0.633200970346014,0.3673469387755102,0.34615384615384615,0.3564356435643564,18,34,31,52,49,25
PB000139,cell,G08,7,HCT116,abemaciclib,0.5262689739317529,0.4137301671486075,0.723473626240471,0.4225352112676056,0.4,0.410958904109589,30,45,41,75,71,35
PB000139,cell,G08,9,HCT116,abemaciclib,0.49642154357811763,0.3939247014731093,0.7335726519691067,0.4426229508196721,0.40298507462686567,0.421875,27,40,34,67,61,45
PB000139,cell,J06,1,HCT116,SN-38,0.6792827885310417,0.3375922064696479,0.7001292701685808,0.23076923076923078,0.21428571428571427,0.22222222222222224,3,11,10,14,13,5
PB000139,cell,J06,11,HCT116,SN-38,0.2803433506124664,0.209941775998166,0.7731874933406567,0.3125,0.18518518518518517,0.2325581395348837,5,22,11,27,16,55
PB000139,cell,J06,3,HCT116,SN-38,0.607910009479988,0.2860104236425762,0.6704466954593928,0.2608695652173913,0.23076923076923078,0.24489795918367346,6,20,17,26,23,15
PB000139,cell,J06,5,HCT116,SN-38,0.4286782015365138,0.29840346544804547,0.6725609851901596,0.3333333333333333,0.2692307692307692,0.2978723404255319,7,19,14,26,21,25
PB000139,cell,J06,7,HCT116,SN-38,0.38728810012138465,0.2836683097694213,0.6605873067235027,0.37037037037037035,0.30303030303030304,0.3333333333333333,10,23,17,33,27,35
PB000139,cell,J06,9,HCT116,SN-38,0.3114459778689544,0.2973458419768591,0.6144972338690906,0.29411764705882354,0.23809523809523808,0.2631578947368421,5,16,12,21,17,45
PB000139,cell,J15,1,HT29,abemaciclib,0.6956645774074727,0.6233811310482764,0.7309566643161477,0.7333333333333333,0.6875,0.7096774193548386,11,5,4,16,15,5
PB000139,cell,J15,11,HT29,abemaciclib,0.3744074686094057,0.3718182104558947,0.7028329305027384,0.4,0.3333333333333333,0.3636363636363636,4,8,6,12,10,55
PB000139,cell,J15,3,HT29,abemaciclib,0.7647800766350181,0.5067035427418701,0.7019314022488448,0.5555555555555556,0.5434782608695652,0.5494505494505495,25,21,20,46,45,15
PB000139,cell,J15,5,HT29,abemaciclib,0.6684086277516595,0.45154258818463255,0.7075389441646185,0.4318181818181818,0.4222222222222222,0.4269662921348315,19,26,25,45,44,25
PB000139,cell,J15,7,HT29,abemaciclib,0.5078648936727883,0.4046981542452446,0.6520475863227341,0.43902439024390244,0.42857142857142855,0.4337349397590361,18,24,23,42,41,35
PB000139,cell,J15,9,HT29,abemaciclib,0.423614684235252,0.3473462572741039,0.6329913536740016,0.1875,0.17647058823529413,0.1818181818181818,3,14,13,17,16,45
PB000139,nuclei,C03,1,HCT116,binimetinib,0.4887542767401425,0.4554203796021861,0.727112592810047,0.5333333333333333,0.5333333333333333,0.5333333333333333,8,7,7,15,15,5
PB000139,nuclei,C03,11,HCT116,binimetinib,0.06745270085001372,0.19350393700787402,0.7740157480314961,0.3333333333333333,0.25,0.28571428571428575,1,3,2,4,3,55
PB000139,nuclei,C03,3,HCT116,binimetinib,0.3197456667537671,0.30003326197109603,0.7491866359500562,0.22580645161290322,0.21875,0.2222222222222222,7,25,24,32,31,15
PB000139,nuclei,C03,5,HCT116,binimetinib,0.27877234606747275,0.24713714832844982,0.6847133880508045,0.19230769230769232,0.18518518518518517,0.18867924528301885,5,22,21,27,26,25
PB000139,nuclei,C03,7,HCT116,binimetinib,0.1876063696452366,0.21417214834975662,0.6703541128405274,0.375,0.25,0.3,12,36,20,48,32,35
PB000139,nuclei,C03,9,HCT116,binimetinib,0.14183694075746728,0.13007987818251643,0.6997826605043727,0.14285714285714285,0.1,0.11764705882352941,2,18,12,20,14,45
PB000139,nuclei,C12,1,HT29,SN-38,0.5800976655550262,0.473252299709183,0.8941848117589344,0.6842105263157895,0.48148148148148145,0.5652173913043478,13,14,6,27,19,5
PB000139,nuclei,C12,11,HT29,SN-38,0.21712538226299694,0.2216523877494148,0.8001159942318072,0.4,0.2222222222222222,0.2857142857142857,2,7,3,9,5,55
PB000139,nuclei,C12,3,HT29,SN-38,0.6173109078390873,0.5705578439062103,0.8848327213239537,0.7575757575757576,0.625,0.6849315068493151,25,15,8,40,33,15
PB000139,nuclei,C12,5,HT29,SN-38,0.470112126495521,0.4184019608446809,0.7840540199316325,0.5957446808510638,0.4827586206896552,0.5333333333333333,28,30,19,58,47,25
PB000139,nuclei,C12,7,HT29,SN-38,0.38618083539674064,0.3909298449471524,0.7428215293175912,0.5757575757575758,0.475,0.5205479452054794,19,21,14,40,33,35
PB000139,nuclei,C12,9,HT29,SN-38,0.2779213449771283,0.3030250178395483,0.7062817163082545,0.5,0.35294117647058826,0.41379310344827586,6,11,6,17,12,45
PB000139,nuclei,C14,1,HT29,binimetinib,0.547653340827654,0.5033443875358765,0.7538907130543531,0.6785714285714286,0.6551724137931034,0.6666666666666666,19,10,9,29,28,5
PB000139,nuclei,C14,11,HT29,binimetinib,0.0,0.0,,,0.0,,0,8,0,8,0,55
PB000139,nuclei,C14,3,HT29,binimetinib,0.3371477790082441,0.3104974277614564,0.6388324201530202,0.39285714285714285,0.39285714285714285,0.39285714285714285,11,17,17,28,28,15
PB000139,nuclei,C14,5,HT29,binimetinib,0.3856716520899101,0.39314333610815766,0.6655518881883012,0.5909090909090909,0.5652173913043478,0.5777777777777778,13,10,9,23,22,25
PB000139,nuclei,C14,7,HT29,binimetinib,0.24199288256227758,0.22233325369409135,0.7093721549517561,0.36363636363636365,0.26666666666666666,0.30769230769230765,4,11,7,15,11,35
PB000139,nuclei,C14,9,HT29,binimetinib,0.0,0.0,,,0.0,,0,9,0,9,0,45
PB000139,nuclei,C23,1,HCT116,SN-38,0.6628631586096819,0.6451217693129874,0.7567193929587162,0.7333333333333333,0.7333333333333333,0.7333333333333333,11,4,4,15,15,5
PB000139,nuclei,C23,11,HCT116,SN-38,0.2707046514559435,0.3094748257923724,0.7360626689089481,0.5555555555555556,0.3333333333333333,0.4166666666666667,5,10,4,15,9,55
PB000139,nuclei,C23,3,HCT116,SN-38,0.3696619052891891,0.3970456698818867,0.7148030939655637,0.2916666666666667,0.2916666666666667,0.2916666666666667,7,17,17,24,24,15
PB000139,nuclei,C23,5,HCT116,SN-38,0.30526347564472794,0.30419256658866667,0.6230001768917278,0.3,0.2857142857142857,0.2926829268292683,6,15,14,21,20,25
PB000139,nuclei,C23,7,HCT116,SN-38,0.25520859256014894,0.27142636021923,0.6982820687696742,0.34782608695652173,0.2857142857142857,0.3137254901960784,8,20,15,28,23,35
PB000139,nuclei,C23,9,HCT116,SN-38,0.4085142744462216,0.4384456996776366,0.6653482381098959,0.38461538461538464,0.38461538461538464,0.38461538461538464,5,8,8,13,13,45
PB000139,nuclei,D06,1,HT29,SN-38,0.7243283032756717,0.7284626038788362,0.7284626038788362,1.0,1.0,1.0,9,0,0,9,9,5
PB000139,nuclei,D06,11,HT29,SN-38,0.3210067368543848,0.30666207955809116,0.6173646609158026,0.6363636363636364,0.3888888888888889,0.4827586206896552,7,11,4,18,11,55
PB000139,nuclei,D06,3,HT29,SN-38,0.46842391864247135,0.5099749247917866,0.7555002768105743,0.5882352941176471,0.5882352941176471,0.5882352941176471,10,7,7,17,17,15
PB000139,nuclei,D06,5,HT29,SN-38,0.438595681007888,0.4319410110512235,0.6497942362874258,0.45454545454545453,0.4,0.4255319148936171,10,15,12,25,22,25
PB000139,nuclei,D06,7,HT29,SN-38,0.33508674070988287,0.34097104460498817,0.6536851775895292,0.3103448275862069,0.2903225806451613,0.30000000000000004,9,22,20,31,29,35
PB000139,nuclei,D06,9,HT29,SN-38,0.3562719841263334,0.3551971789871351,0.6679929416197077,0.5652173913043478,0.43333333333333335,0.49056603773584906,13,17,10,30,23,45
PB000139,nuclei,D11,1,HCT116,binimetinib,0.3426807160661681,0.3179489669942567,0.7147250774099427,0.36363636363636365,0.2857142857142857,0.32,4,10,7,14,11,5
PB000139,nuclei,D11,11,HCT116,binimetinib,0.37849796235202793,0.3074941413801087,0.6148961013885329,0.3333333333333333,0.2857142857142857,0.30769230769230765,2,5,4,7,6,55
PB000139,nuclei,D11,3,HCT116,binimetinib,0.31467107926001764,0.3152041409673366,0.6928932953194469,0.3,0.3,0.3,9,21,21,30,30,15
PB000139,nuclei,D11,5,HCT116,binimetinib,0.20153527769756474,0.2064672986161433,0.6243031095656113,0.15,0.13636363636363635,0.14285714285714282,3,19,17,22,20,25
PB000139,nuclei,D11,7,HCT116,binimetinib,0.35968466187244674,0.37608419340957205,0.5529455878156907,0.4117647058823529,0.4117647058823529,0.4117647058823529,7,10,10,17,17,35
PB000139,nuclei,D11,9,HCT116,binimetinib,0.397431512173886,0.2958165245627577,0.6252931107910877,0.3,0.3,0.3,3,7,7,10,10,45
PB000139,nuclei,G08,1,HCT116,abemaciclib,0.8030182009754772,0.7973417502095651,0.8637868960603624,0.96,0.9230769230769231,0.9411764705882353,24,2,1,26,25,5
PB000139,nuclei,G08,11,HCT116,abemaciclib,0.5002144433440685,0.4691520371776967,0.6405747308992837,0.7619047619047619,0.6274509803921569,0.6881720430107526,32,19,10,51,42,55
PB000139,nuclei,G08,3,HCT116,abemaciclib,0.7804418272726457,0.7232649610413479,0.8148039415919055,0.864406779661017,0.8360655737704918,0.85,51,10,8,61,59,15
PB000139,nuclei,G08,5,HCT116,abemaciclib,0.563483973269906,0.5503322656848572,0.8598699130075432,0.8571428571428571,0.6153846153846154,0.7164179104477612,48,30,8,78,56,25
PB000139,nuclei,G08,7,HCT116,abemaciclib,0.5932757923770121,0.5766899129101041,0.7866641816817593,0.8522727272727273,0.6944444444444444,0.7653061224489796,75,33,13,108,88,35
PB000139,nuclei,G08,9,HCT116,abemaciclib,0.6479137863802332,0.6284394452652734,0.8472463910267988,0.8656716417910447,0.7160493827160493,0.7837837837837838,58,23,9,81,67,45
PB000139,nuclei,J06,1,HCT116,SN-38,0.6925396145610279,0.6735507842828266,0.7067165932366269,0.8666666666666667,0.8666666666666667,0.8666666666666667,13,2,2,15,15,5
PB000139,nuclei,J06,11,HCT116,SN-38,0.35499809958190803,0.3815694691834653,0.7059912786016361,0.6428571428571429,0.5,0.5625000000000001,9,9,5,18,14,55
PB000139,nuclei,J06,3,HCT116,SN-38,0.6767957226758048,0.6847873808808559,0.7477081424444463,0.9629629629629629,0.896551724137931,0.9285714285714286,26,3,1,29,27,15
PB000139,nuclei,J06,5,HCT116,SN-38,0.51203508064088,0.4849500624646258,0.7806042941313318,0.6296296296296297,0.5862068965517241,0.6071428571428571,17,12,10,29,27,25
PB000139,nuclei,J06,7,HCT116,SN-38,0.33716090254564157,0.3603960183218798,0.7647341681475366,0.5185185185185185,0.3783783783783784,0.4375,14,23,13,37,27,35
PB000139,nuclei,J06,9,HCT116,SN-38,0.4295073443390095,0.3828894937595547,0.6911628765587667,0.5294117647058824,0.42857142857142855,0.4736842105263158,9,12,8,21,17,45
PB000139,nuclei,J15,1,HT29,abemaciclib,0.8150679342282426,0.7943332032819128,0.8649720266963846,0.95,0.9047619047619048,0.9268292682926829,19,2,1,21,20,5
PB000139,nuclei,J15,11,HT29,abemaciclib,0.35668242372152986,0.36755709114450974,0.7223229433305514,0.5,0.38461538461538464,0.4347826086956522,5,8,5,13,10,55
PB000139,nuclei,J15,3,HT29,abemaciclib,0.8154903462453142,0.7895634753405436,0.8927113515819781,0.8979591836734694,0.8627450980392157,0.8799999999999999,44,7,5,51,49,15
PB000139,nuclei,J15,5,HT29,abemaciclib,0.6700911839162386,0.6142679651384221,0.8323124415797856,0.803921568627451,0.7068965517241379,0.7522935779816514,41,17,10,58,51,25
PB000139,nuclei,J15,7,HT29,abemaciclib,0.5964352421874346,0.5643757259425506,0.8438906218128329,0.7843137254901961,0.6451612903225806,0.7079646017699115,40,22,11,62,51,35
PB000139,nuclei,J15,9,HT29,abemaciclib,0.37997356452234005,0.38780759381018814,0.8127670565963969,0.84,0.4666666666666667,0.6000000000000001,21,24,4,45,25,45
PB000140,cell,B14,1,HT29,abemaciclib,0.5559501827636885,0.318707156143008,0.5571260801070209,0.21428571428571427,0.1875,0.19999999999999998,3,13,11,16,14,5
PB000140,cell,B14,11,HT29,abemaciclib,0.361582921806143,0.32867776041407476,0.6716473768583806,0.25,0.25,0.25,4,12,12,16,16,55
PB000140,cell,B14,3,HT29,abemaciclib,0.7313174616554875,0.3640669340237023,0.6836984375719508,0.3333333333333333,0.3333333333333333,0.3333333333333333,14,28,28,42,42,15
PB000140,cell,B14,5,HT29,abemaciclib,0.749851516706314,0.2948101683744757,0.641273317798591,0.22807017543859648,0.22413793103448276,0.22608695652173913,13,45,44,58,57,25
PB000140,cell,B14,7,HT29,abemaciclib,0.5913198667742778,0.3079771313411071,0.6694986365701416,0.21666666666666667,0.21666666666666667,0.21666666666666667,13,47,47,60,60,35
PB000140,cell,B14,9,HT29,abemaciclib,0.42471162431525855,0.30975576875824856,0.6576759557073615,0.22580645161290322,0.22580645161290322,0.22580645161290322,7,24,24,31,31,45
PB000140,cell,C23,1,HCT116,SN-38,0.5890421792618629,0.5421181089156702,0.7141060388861927,0.5,0.5,0.5,5,5,5,10,10,5
PB000140,cell,C23,11,HCT116,SN-38,0.19360475469682129,0.22662241881106787,0.5949572912119271,0.2857142857142857,0.2222222222222222,0.25,2,7,5,9,7,55
PB000140,cell,C23,3,HCT116,SN-38,0.5970768125721002,0.33046592822069276,0.6630174639157798,0.23809523809523808,0.19230769230769232,0.21276595744680848,5,21,16,26,21,15
PB000140,cell,C23,5,HCT116,SN-38,0.4467943058927389,0.21904734053772604,0.7246327721313204,0.15,0.12,0.1333333333333333,3,22,17,25,20,25
PB000140,cell,C23,7,HCT116,SN-38,0.36158281907129336,0.24482509069464498,0.6569822893012536,0.15384615384615385,0.11764705882352941,0.13333333333333333,2,15,11,17,13,35
PB000140,cell,C23,9,HCT116,SN-38,0.23620045620381247,0.15677250120954864,0.6288123759905717,0.16666666666666666,0.09090909090909091,0.11764705882352942,2,20,10,22,12,45
PB000140,cell,D22,1,HT29,binimetinib,0.4492054942095341,0.2336061829911082,0.6785175563183854,0.10526315789473684,0.1,0.10256410256410256,2,18,17,20,19,5
PB000140,cell,D22,11,HT29,binimetinib,0.0,0.0,,,0.0,,0,7,0,7,0,55
PB000140,cell,D22,3,HT29,binimetinib,0.24629902172972037,0.22022485149844825,0.6729952147350851,0.2631578947368421,0.21739130434782608,0.23809523809523808,5,18,14,23,19,15
PB000140,cell,D22,5,HT29,binimetinib,0.2786370001555936,0.17737880490924163,0.6222278409859375,0.29411764705882354,0.22727272727272727,0.25641025641025644,5,17,12,22,17,25
PB000140,cell,D22,7,HT29,binimetinib,0.441894788628457,0.3011748444012634,0.5935744464058574,0.375,0.3333333333333333,0.35294117647058826,6,12,10,18,16,35
PB000140,cell,D22,9,HT29,binimetinib,0.07210546673543064,0.06635814422675727,0.6855747558226897,0.125,0.08333333333333333,0.1,1,11,7,12,8,45
PB000140,cell,G05,1,HCT116,binimetinib,0.7359112818468452,0.2725108763336765,0.8369759942672877,0.16666666666666666,0.16666666666666666,0.16666666666666666,1,5,5,6,6,5
PB000140,cell,G05,11,HCT116,binimetinib,0.2628147047901968,0.23469745543711482,0.7128240638282032,0.2727272727272727,0.23076923076923078,0.24999999999999994,3,10,8,13,11,55
PB000140,cell,G05,3,HCT116,binimetinib,0.5630337301794692,0.2706736764450945,0.6861705183894751,0.20833333333333334,0.16666666666666666,0.1851851851851852,5,25,19,30,24,15
PB000140,cell,G05,5,HCT116,binimetinib,0.3819578028151812,0.18955140837417322,0.552163911849976,0.14285714285714285,0.09090909090909091,0.1111111111111111,3,30,18,33,21,25
PB000140,cell,G05,7,HCT116,binimetinib,0.32740905010824223,0.24043923443227624,0.6455644434119516,0.15384615384615385,0.1111111111111111,0.12903225806451615,2,16,11,18,13,35
PB000140,cell,G05,9,HCT116,binimetinib,0.44388701238492617,0.28011708017639286,0.5109097412662453,0.0625,0.045454545454545456,0.052631578947368425,1,21,15,22,16,45
PB000140,cell,G08,1,HCT116,abemaciclib,0.699711107209551,0.4248819489911432,0.759846878559666,0.45454545454545453,0.45454545454545453,0.45454545454545453,5,6,6,11,11,5
PB000140,cell,G08,11,HCT116,abemaciclib,0.3806566622100603,0.3305094966131479,0.6284578959456861,0.29411764705882354,0.29411764705882354,0.29411764705882354,10,24,24,34,34,55
PB000140,cell,G08,3,HCT116,abemaciclib,0.6787269681742043,0.33347786830322235,0.6992699970606076,0.32,0.32,0.32,8,17,17,25,25,15
PB000140,cell,G08,5,HCT116,abemaciclib,0.5366039747281288,0.39934325328031883,0.7503251148187863,0.3225806451612903,0.3225806451612903,0.3225806451612903,10,21,21,31,31,25
PB000140,cell,G08,7,HCT116,abemaciclib,0.5233886120414999,0.32911827432871354,0.648871003519678,0.35714285714285715,0.3409090909090909,0.3488372093023256,15,29,27,44,42,35
PB000140,cell,G08,9,HCT116,abemaciclib,0.4021144351342094,0.3740671906909113,0.6692651665936312,0.38235294117647056,0.38235294117647056,0.3823529411764706,13,21,21,34,34,45
PB000140,cell,G19,1,HT29,abemaciclib,0.4872365132161625,0.4476381577794579,0.6613347960513586,0.3333333333333333,0.3333333333333333,0.3333333333333333,2,4,4,6,6,5
PB000140,cell,G19,11,HT29,abemaciclib,0.28747502259860125,0.27398140067988735,0.6638683607247031,0.125,0.12,0.12244897959183673,3,22,21,25,24,55
PB000140,cell,G19,3,HT29,abemaciclib,0.512907118509119,0.31400454416325163,0.5923919145623002,0.2,0.19047619047619047,0.1951219512195122,4,17,16,21,20,15
PB000140,cell,G19,5,HT29,abemaciclib,0.5860200605452232,0.39775212664661586,0.6473656557479311,0.32,0.3076923076923077,0.3137254901960784,8,18,17,26,25,25
PB000140,cell,G19,7,HT29,abemaciclib,0.5760803739188497,0.3218281878732085,0.5981974763006855,0.2682926829268293,0.2619047619047619,0.26506024096385544,11,31,30,42,41,35
PB000140,cell,G19,9,HT29,abemaciclib,0.45529744753550755,0.34630238951409176,0.6406086818241724,0.2857142857142857,0.2857142857142857,0.2857142857142857,12,30,30,42,42,45
PB000140,cell,H23,1,HT29,DMSO,0.7694419030192132,0.329707240627284,0.7133769195091955,0.23333333333333334,0.23333333333333334,0.23333333333333334,7,23,23,30,30,5
PB000140,cell,H23,11,HT29,DMSO,0.6777996906105986,0.24044146712996214,0.6500244354799841,0.12389380530973451,0.1206896551724138,0.12227074235807861,14,102,99,116,113,55
PB000140,cell,H23,3,HT29,DMSO,0.6780398969365634,0.32058234247652045,0.6601943896828452,0.1875,0.1875,0.1875,9,39,39,48,48,15
PB000140,cell,H23,5,HT29,DMSO,0.5556313714512329,0.19107164441052588,0.6891381682550026,0.10526315789473684,0.10344827586206896,0.10434782608695653,6,52,51,58,57,25
PB000140,cell,H23,7,HT29,DMSO,0.6598660861293038,0.20761435939239864,0.6351641772509,0.1348314606741573,0.1348314606741573,0.1348314606741573,12,77,77,89,89,35
PB000140,cell,H23,9,HT29,DMSO,0.644641759556124,0.19869764781646315,0.6289227268306078,0.08653846153846154,0.08571428571428572,0.08612440191387559,9,96,95,105,104,45
PB000140,cell,I13,1,HT29,binimetinib,0.43320314431205814,0.16462401264190382,0.637221441477615,0.038461538461538464,0.03571428571428571,0.03703703703703704,1,27,25,28,26,5
PB000140,cell,I13,11,HT29,binimetinib,0.10588518031581774,0.08969838231457161,0.5987411644658035,0.125,0.10526315789473684,0.11428571428571428,2,17,14,19,16,55
PB000140,cell,I13,3,HT29,binimetinib,0.40152521621340004,0.16858815884933942,0.6059767578671503,0.14583333333333334,0.14583333333333334,0.14583333333333334,7,41,41,48,48,15
PB000140,cell,I13,5,HT29,binimetinib,0.3406820789676643,0.21439538889020493,0.7022657636713602,0.2413793103448276,0.2222222222222222,0.23140495867768596,14,49,44,63,58,25
PB000140,cell,I13,7,HT29,binimetinib,0.3462034300944435,0.209852245402482,0.6353253413538769,0.2,0.18181818181818182,0.1904761904761905,10,45,40,55,50,35
PB000140,cell,I13,9,HT29,binimetinib,0.17385228507841208,0.1307863497412023,0.5995319004468662,0.0967741935483871,0.08571428571428572,0.0909090909090909,3,32,28,35,31,45
PB000140,cell,J04,1,HCT116,abemaciclib,0.6195377332954823,0.39902020289868706,0.6408788241814051,0.35714285714285715,0.3333333333333333,0.3448275862068965,10,20,18,30,28,5
PB000140,cell,J04,11,HCT116,abemaciclib,0.20885590431447312,0.18304484121299125,0.6208463831215996,0.15384615384615385,0.13793103448275862,0.14545454545454548,4,25,22,29,26,55
PB000140,cell,J04,3,HCT116,abemaciclib,0.6283128345523639,0.356314386584184,0.6534953430190872,0.37777777777777777,0.3333333333333333,0.3541666666666667,17,34,28,51,45,15
PB000140,cell,J04,5,HCT116,abemaciclib,0.6284586716191289,0.3230975976423738,0.6281516165451879,0.26666666666666666,0.24615384615384617,0.256,16,49,44,65,60,25
PB000140,cell,J04,7,HCT116,abemaciclib,0.5673082384481107,0.3931300956201451,0.6728231338472437,0.40540540540540543,0.36585365853658536,0.3846153846153847,15,26,22,41,37,35
PB000140,cell,J04,9,HCT116,abemaciclib,0.35077834435637234,0.23049761197443308,0.6789933145406005,0.18421052631578946,0.1346153846153846,0.15555555555555556,7,45,31,52,38,45
PB000140,cell,J17,1,HT29,SN-38,0.5732296094313899,0.24481691112156087,0.725535206522728,0.3076923076923077,0.19047619047619047,0.23529411764705882,4,17,9,21,13,5
PB000140,cell,J17,11,HT29,SN-38,0.6341003467850596,0.23188654416916285,0.7166418248908918,0.12903225806451613,0.09090909090909091,0.10666666666666667,4,40,27,44,31,55
PB000140,cell,J17,3,HT29,SN-38,0.7000956251494143,0.26547303386750143,0.6752390473468749,0.1935483870967742,0.16216216216216217,0.1764705882352941,6,31,25,37,31,15
PB000140,cell,J17,5,HT29,SN-38,0.6904542564245724,0.2624197528204396,0.6469579813781237,0.25,0.17777777777777778,0.20779220779220778,8,37,24,45,32,25
PB000140,cell,J17,7,HT29,SN-38,0.6323490210440038,0.23184402427790327,0.6383437767384909,0.12280701754385964,0.1044776119402985,0.11290322580645161,7,60,50,67,57,35
PB000140,cell,J17,9,HT29,SN-38,0.6895892413668302,0.24582238811860233,0.6370902836699754,0.2549019607843137,0.16883116883116883,0.203125,13,64,38,77,51,45
PB000140,cell,N05,1,HCT116,DMSO,0.7369742133769153,0.36974082623220395,0.7363556980895581,0.37142857142857144,0.3611111111111111,0.3661971830985915,13,23,22,36,35,5
PB000140,cell,N05,11,HCT116,DMSO,0.3967814828776678,0.3358019625799909,0.7134429643303916,0.22413793103448276,0.21311475409836064,0.21848739495798317,13,48,45,61,58,55
PB000140,cell,N05,3,HCT116,DMSO,0.7912574045685952,0.2862499756125137,0.738222121858675,0.29292929292929293,0.20714285714285716,0.24267782426778245,29,111,70,140,99,15
PB000140,cell,N05,5,HCT116,DMSO,0.7951529824268481,0.3396250241238731,0.696864989104818,0.2875,0.27710843373493976,0.2822085889570552,46,120,114,166,160,25
PB000140,cell,N05,7,HCT116,DMSO,0.6595395408237648,0.28701676565789136,0.6812146266589547,0.22598870056497175,0.21390374331550802,0.21978021978021978,40,147,137,187,177,35
PB000140,cell,N05,9,HCT116,DMSO,0.007211082647670108,0.29388087819232966,0.5040650406504065,0.3333333333333333,0.3333333333333333,0.3333333333333333,1,2,2,3,3,45
PB000140,nuclei,B14,1,HT29,abemaciclib,0.8437540520214725,0.7800537230733731,0.8914899692267121,1.0,0.875,0.9333333333333333,14,2,0,16,14,5
PB000140,nuclei,B14,11,HT29,abemaciclib,0.21602007837194712,0.1839166234028381,0.8229999095722856,0.8260869565217391,0.21839080459770116,0.34545454545454546,19,68,4,87,23,55
PB000140,nuclei,B14,3,HT29,abemaciclib,0.8865857651739911,0.8251494222343381,0.8904100539481254,0.9375,0.9183673469387755,0.9278350515463918,45,4,3,49,48,15
PB000140,nuclei,B14,5,HT29,abemaciclib,0.7794661335017012,0.7426763591262416,0.873807636629356,0.835820895522388,0.8115942028985508,0.823529411764706,56,13,11,69,67,25
PB000140,nuclei,B14,7,HT29,abemaciclib,0.6631332144508288,0.6018938775977764,0.8297131477412156,0.8481012658227848,0.6979166666666666,0.7657142857142857,67,29,12,96,79,35
PB000140,nuclei,B14,9,HT29,abemaciclib,0.3781078863018153,0.3349485339798553,0.798107575258189,0.75,0.3673469387755102,0.49315068493150693,36,62,12,98,48,45
PB000140,nuclei,C23,1,HCT116,SN-38,0.39559930027188234,0.45162195840049996,0.7969325357291915,0.5,0.42857142857142855,0.4615384615384615,6,8,6,14,12,5
PB000140,nuclei,C23,11,HCT116,SN-38,0.11592754336326731,0.12055073357780993,0.64721643346234,0.14285714285714285,0.0625,0.08695652173913043,1,15,6,16,7,55
PB000140,nuclei,C23,3,HCT116,SN-38,0.5131025598929063,0.5477061749502843,0.7422709445656046,0.625,0.6,0.6122448979591836,15,10,9,25,24,15
PB000140,nuclei,C23,5,HCT116,SN-38,0.3950527544659574,0.4179636277797229,0.6748002121489723,0.5,0.44,0.46808510638297873,11,14,11,25,22,25
PB000140,nuclei,C23,7,HCT116,SN-38,0.1389122626988199,0.12782894267459713,0.6445191199289559,0.14285714285714285,0.09090909090909091,0.1111111111111111,2,20,12,22,14,35
PB000140,nuclei,C23,9,HCT116,SN-38,0.2433541408814508,0.233997752034217,0.5448625180897251,0.07692307692307693,0.05555555555555555,0.06451612903225808,1,17,12,18,13,45
PB000140,nuclei,D22,1,HT29,binimetinib,0.5062582451172818,0.4783988878632612,0.7066289935445461,0.6666666666666666,0.6153846153846154,0.64,24,15,12,39,36,5
PB000140,nuclei,D22,11,HT29,binimetinib,0.0,0.0,,,0.0,,0,10,0,10,0,55
PB000140,nuclei,D22,3,HT29,binimetinib,0.246861857523516,0.2650796694158039,0.6763472572809345,0.4230769230769231,0.3333333333333333,0.3728813559322034,11,22,15,33,26,15
PB000140,nuclei,D22,5,HT29,binimetinib,0.24734858955147881,0.2139086038506379,0.6456931473833737,0.4090909090909091,0.2727272727272727,0.32727272727272727,9,24,13,33,22,25
PB000140,nuclei,D22,7,HT29,binimetinib,0.3509407328987203,0.32382996443488016,0.7022028546022526,0.5714285714285714,0.41379310344827586,0.48000000000000004,12,17,9,29,21,35
PB000140,nuclei,D22,9,HT29,binimetinib,0.10104852927530852,0.1307828446685581,0.7126460558648011,0.2,0.14285714285714285,0.16666666666666666,2,12,8,14,10,45
PB000140,nuclei,G05,1,HCT116,binimetinib,0.6540452363773254,0.5429058281203836,0.7802989687184577,0.7058823529411765,0.6666666666666666,0.6857142857142857,12,6,5,18,17,5
PB000140,nuclei,G05,11,HCT116,binimetinib,0.15813256900870193,0.17027119893793966,0.620614016692734,0.2727272727272727,0.21428571428571427,0.23999999999999996,3,11,8,14,11,55
PB000140,nuclei,G05,3,HCT116,binimetinib,0.4967492996458587,0.5350892609728017,0.7263114871118239,0.6153846153846154,0.6153846153846154,0.6153846153846154,16,10,10,26,26,15
PB000140,nuclei,G05,5,HCT116,binimetinib,0.3640394404072094,0.37657271865331343,0.6478704314710949,0.5454545454545454,0.48,0.5106382978723404,12,13,10,25,22,25
PB000140,nuclei,G05,7,HCT116,binimetinib,0.40293476920547494,0.3967964507934694,0.6473589761677632,0.47058823529411764,0.4,0.4324324324324324,8,12,9,20,17,35
PB000140,nuclei,G05,9,HCT116,binimetinib,0.4422507403751234,0.4245272684106431,0.6476488276084823,0.4444444444444444,0.4,0.4210526315789474,8,12,10,20,18,45
PB000140,nuclei,G08,1,HCT116,abemaciclib,0.7848501768099758,0.7487629365818729,0.8359430516194005,0.9444444444444444,0.8947368421052632,0.918918918918919,17,2,1,19,18,5
PB000140,nuclei,G08,11,HCT116,abemaciclib,0.3502650970524802,0.31533114823406716,0.7250287156491981,0.6842105263157895,0.3979591836734694,0.5032258064516129,39,59,18,98,57,55
PB000140,nuclei,G08,3,HCT116,abemaciclib,0.6595261898610472,0.5541704586444292,0.7491798614092167,0.8285714285714286,0.6904761904761905,0.7532467532467533,29,13,6,42,35,15
PB000140,nuclei,G08,5,HCT116,abemaciclib,0.5910417051783863,0.5280452338738296,0.7842001608603585,0.8113207547169812,0.6323529411764706,0.7107438016528926,43,25,10,68,53,25
PB000140,nuclei,G08,7,HCT116,abemaciclib,0.5030354101512661,0.429435548781195,0.7347776216420694,0.696969696969697,0.4946236559139785,0.5786163522012578,46,47,20,93,66,35
PB000140,nuclei,G08,9,HCT116,abemaciclib,0.29143180079801617,0.29128064222831485,0.7249773224539706,0.6730769230769231,0.35,0.46052631578947373,35,65,17,100,52,45
PB000140,nuclei,G19,1,HT29,abemaciclib,0.7915127403618453,0.7777170448723163,0.7777170448723163,1.0,1.0,1.0,8,0,0,8,8,5
PB000140,nuclei,G19,11,HT29,abemaciclib,0.30739837969593625,0.2769142184212867,0.8178081523087136,0.9354838709677419,0.32954545454545453,0.48739495798319327,29,59,2,88,31,55
PB000140,nuclei,G19,3,HT29,abemaciclib,0.850727516596207,0.8494127209122834,0.8854656184114538,0.9583333333333334,0.9583333333333334,0.9583333333333334,23,1,1,24,24,15
PB000140,nuclei,G19,5,HT29,abemaciclib,0.8320854871236179,0.7808510542049472,0.9157513437187774,0.9090909090909091,0.8333333333333334,0.8695652173913043,30,6,3,36,33,25
PB000140,nuclei,G19,7,HT29,abemaciclib,0.7860013550552801,0.7172918909451942,0.8620006345313879,0.8620689655172413,0.7936507936507936,0.8264462809917354,50,13,8,63,58,35
PB000140,nuclei,G19,9,HT29,abemaciclib,0.5625651604888977,0.5337754713767818,0.855000995965106,0.9259259259259259,0.6024096385542169,0.7299270072992702,50,33,4,83,54,45
PB000140,nuclei,H23,1,HT29,DMSO,0.8212904124561986,0.7532998550241777,0.8740348051049044,0.8809523809523809,0.8222222222222222,0.8505747126436781,37,8,5,45,42,5
PB000140,nuclei,H23,11,HT29,DMSO,0.6012928229526688,0.560233229459778,0.7364999515896461,0.7630057803468208,0.7135135135135136,0.7374301675977654,132,53,41,185,173,55
PB000140,nuclei,H23,3,HT29,DMSO,0.7325977646974716,0.654356037960964,0.8141080103369939,0.9,0.7590361445783133,0.8235294117647058,63,20,7,83,70,15
PB000140,nuclei,H23,5,HT29,DMSO,0.6324400207905257,0.5461581532879636,0.7869998008289978,0.7741935483870968,0.6371681415929203,0.6990291262135923,72,41,21,113,93,25
PB000140,nuclei,H23,7,HT29,DMSO,0.6558351619278834,0.6008524549852864,0.7934409077385458,0.8307692307692308,0.7152317880794702,0.7686832740213523,108,43,22,151,130,35
PB000140,nuclei,H23,9,HT29,DMSO,0.5920649726600193,0.5594620362342209,0.7721810774672901,0.7515527950310559,0.6797752808988764,0.7138643067846608,121,57,40,178,161,45
PB000140,nuclei,I13,1,HT29,binimetinib,0.5522500091538208,0.5225461841278591,0.8055507492102045,0.6052631578947368,0.6052631578947368,0.6052631578947368,23,15,15,38,38,5
PB000140,nuclei,I13,11,HT29,binimetinib,0.0801530820666079,0.0983537382635762,0.7540453266874175,0.15789473684210525,0.13043478260869565,0.14285714285714288,3,20,16,23,19,55
PB000140,nuclei,I13,3,HT29,binimetinib,0.48013474336553247,0.4431115081285376,0.7906188586130115,0.509090909090909,0.5,0.5045045045045045,28,28,27,56,55,15
PB000140,nuclei,I13,5,HT29,binimetinib,0.34119422289286483,0.38593723679324093,0.7555443671829049,0.48717948717948717,0.475,0.4810126582278481,38,42,40,80,78,25
PB000140,nuclei,I13,7,HT29,binimetinib,0.3132877657239606,0.37717011415284607,0.7785209174718704,0.5166666666666667,0.47692307692307695,0.4960000000000001,31,34,29,65,60,35
PB000140,nuclei,I13,9,HT29,binimetinib,0.23932158065313122,0.2123700667526432,0.6348268118279483,0.28125,0.2647058823529412,0.27272727272727276,9,25,23,34,32,45
PB000140,nuclei,J04,1,HCT116,abemaciclib,0.7350985067135148,0.7376782180137889,0.7631153979452988,1.0,0.9666666666666667,0.983050847457627,29,1,0,30,29,5
PB000140,nuclei,J04,11,HCT116,abemaciclib,0.265172074172223,0.2738741967699853,0.6800114508406121,0.6363636363636364,0.3559322033898305,0.45652173913043476,21,38,12,59,33,55
PB000140,nuclei,J04,3,HCT116,abemaciclib,0.6622847919655667,0.6300812854526907,0.7358458868138339,0.7843137254901961,0.7692307692307693,0.7766990291262137,40,12,11,52,51,15
PB000140,nuclei,J04,5,HCT116,abemaciclib,0.6110915440408322,0.6103708618576812,0.699960268477911,0.8787878787878788,0.8405797101449275,0.8592592592592593,58,11,8,69,66,25
PB000140,nuclei,J04,7,HCT116,abemaciclib,0.5490941733311572,0.5596732040373309,0.7224223648571707,0.8297872340425532,0.7358490566037735,0.78,39,14,8,53,47,35
PB000140,nuclei,J04,9,HCT116,abemaciclib,0.46283583279446544,0.4757864261620214,0.6990194558035124,0.7073170731707317,0.5918367346938775,0.6444444444444445,29,20,12,49,41,45
PB000140,nuclei,J17,1,HT29,SN-38,0.5459015085002793,0.5922745946668209,0.7598529591224689,0.6923076923076923,0.6923076923076923,0.6923076923076923,9,4,4,13,13,5
PB000140,nuclei,J17,11,HT29,SN-38,0.5993492500070888,0.59356889668111,0.7400573306704259,0.7428571428571429,0.7027027027027027,0.7222222222222223,26,11,9,37,35,55
PB000140,nuclei,J17,3,HT29,SN-38,0.5201445335538849,0.5512721419755644,0.7256192204904699,0.6470588235294118,0.6111111111111112,0.6285714285714287,22,14,12,36,34,15
PB000140,nuclei,J17,5,HT29,SN-38,0.5733537296037297,0.6154665719230545,0.7291429540818086,0.7575757575757576,0.7575757575757576,0.7575757575757576,25,8,8,33,33,25
PB000140,nuclei,J17,7,HT29,SN-38,0.5850272754067152,0.6100050908889293,0.7286495905801359,0.7833333333333333,0.7704918032786885,0.7768595041322314,47,14,13,61,60,35
PB000140,nuclei,J17,9,HT29,SN-38,0.6545945494529967,0.6715877511803106,0.7777222181530097,0.7843137254901961,0.7843137254901961,0.7843137254901961,40,11,11,51,51,45
PB000140,nuclei,N05,1,HCT116,DMSO,0.6771546755272259,0.6683260144461899,0.7716620357414745,0.9473684210526315,0.8571428571428571,0.9,36,6,2,42,38,5
PB000140,nuclei,N05,11,HCT116,DMSO,0.2809957915012071,0.2628510296790119,0.8220897649965987,0.8705882352941177,0.30578512396694213,0.4525993883792048,74,168,11,242,85,55
PB000140,nuclei,N05,3,HCT116,DMSO,0.7130369351163091,0.7131291826165719,0.7462002025754173,0.9393939393939394,0.9393939393939394,0.9393939393939394,93,6,6,99,99,15
PB000140,nuclei,N05,5,HCT116,DMSO,0.8510280900499957,0.8092775367787137,0.9043118917496873,0.9,0.884393063583815,0.892128279883382,153,20,17,173,170,25
PB000140,nuclei,N05,7,HCT116,DMSO,0.7149780541331383,0.7023266321260476,0.907088487820093,0.8947368421052632,0.7727272727272727,0.8292682926829269,170,50,20,220,190,35
PB000140,nuclei,N05,9,HCT116,DMSO,0.01696047396392995,0.013044395221021007,0.9468445013648431,1.0,0.013761467889908258,0.027149321266968326,3,215,0,218,3,45
PB000141,cell,G02,1,HT29,DMSO,0.7437962484942351,0.25726671879231827,0.7852129359342517,0.16666666666666666,0.16666666666666666,0.16666666666666666,7,35,35,42,42,5
PB000141,cell,G02,11,HT29,DMSO,0.28059944932878955,0.16931361222101737,0.6238413271042121,0.15625,0.1111111111111111,0.12987012987012989,5,40,27,45,32,55
PB000141,cell,G02,3,HT29,DMSO,0.7650855550621956,0.25256526969370535,0.7417258517769373,0.16666666666666666,0.1506849315068493,0.15827338129496402,11,62,55,73,66,15
PB000141,cell,G02,5,HT29,DMSO,0.5635700154117307,0.24001687165164734,0.7080828027008875,0.19047619047619047,0.16666666666666666,0.17777777777777778,12,60,51,72,63,25
PB000141,cell,G02,7,HT29,DMSO,0.4430982742043567,0.17134409579164525,0.7058237677595002,0.12903225806451613,0.11267605633802817,0.12030075187969924,8,63,54,71,62,35
PB000141,cell,G02,9,HT29,DMSO,0.5658932197770318,0.26215107721142433,0.7174842088700308,0.18461538461538463,0.16,0.17142857142857143,12,63,53,75,65,45
PB000141,cell,M23,1,HT29,DMSO,0.7589127059087198,0.34621458351664974,0.6862385580113399,0.2413793103448276,0.2413793103448276,0.2413793103448276,7,22,22,29,29,5
PB000141,cell,M23,11,HT29,DMSO,0.5646280714403942,0.24123379084896926,0.6657839006058792,0.14285714285714285,0.12987012987012986,0.13605442176870747,10,67,60,77,70,55
PB000141,cell,M23,3,HT29,DMSO,0.7870601004146203,0.2367871187253646,0.7375358565426716,0.16363636363636364,0.15254237288135594,0.15789473684210528,9,50,46,59,55,15
PB000141,cell,M23,5,HT29,DMSO,0.7558743797460328,0.21983965447074594,0.7186359303273868,0.16176470588235295,0.14102564102564102,0.1506849315068493,11,67,57,78,68,25
PB000141,cell,M23,7,HT29,DMSO,0.6599612727797081,0.2568189368471202,0.7063493775180864,0.16417910447761194,0.13414634146341464,0.1476510067114094,11,71,56,82,67,35
PB000141,cell,M23,9,HT29,DMSO,0.5049872326843281,0.21255232001898763,0.7194795531445826,0.15873015873015872,0.1388888888888889,0.14814814814814814,10,62,53,72,63,45
PB000141,nuclei,G02,1,HT29,DMSO,0.6778871522407613,0.6604155178527661,0.8048448394005612,0.7872340425531915,0.7872340425531915,0.7872340425531915,37,10,10,47,47,5
PB000141,nuclei,G02,11,HT29,DMSO,0.5050707644203077,0.5212302105917294,0.7695736474539377,0.8529411764705882,0.6444444444444445,0.7341772151898734,29,16,5,45,34,55
PB000141,nuclei,G02,3,HT29,DMSO,0.7271389067677417,0.6789377306536423,0.7733174318122682,0.8382352941176471,0.8142857142857143,0.8260869565217392,57,13,11,70,68,15
PB000141,nuclei,G02,5,HT29,DMSO,0.5919546489985934,0.5702930678279892,0.7472559861707978,0.868421052631579,0.717391304347826,0.7857142857142858,66,26,10,92,76,25
PB000141,nuclei,G02,7,HT29,DMSO,0.5011393694595367,0.515349287655373,0.7734702079798655,0.8611111111111112,0.6262626262626263,0.7251461988304094,62,37,10,99,72,35
PB000141,nuclei,G02,9,HT29,DMSO,0.6099664391176501,0.6042126195981826,0.7453711514387173,0.8767123287671232,0.7710843373493976,0.8205128205128205,64,19,9,83,73,45
PB000141,nuclei,M23,1,HT29,DMSO,0.7872167186863889,0.7733113942713014,0.831157123484478,0.9333333333333333,0.9032258064516129,0.9180327868852459,28,3,2,31,30,5
PB000141,nuclei,M23,11,HT29,DMSO,0.6039168473360066,0.5768868997317145,0.7410363613019242,0.8783783783783784,0.7386363636363636,0.802469135802469,65,23,9,88,74,55
PB000141,nuclei,M23,3,HT29,DMSO,0.6980282454024506,0.6564636112710224,0.7680804247806521,0.85,0.85,0.85,51,9,9,60,60,15
PB000141,nuclei,M23,5,HT29,DMSO,0.669744226203324,0.6593146909129604,0.7503704558027634,0.88,0.825,0.8516129032258064,66,14,9,80,75,25
PB000141,nuclei,M23,7,HT29,DMSO,0.6375964238695694,0.62425244561264,0.7439979441197115,0.8333333333333334,0.7738095238095238,0.8024691358024691,65,19,13,84,78,35
PB000141,nuclei,M23,9,HT29,DMSO,0.45920288008679716,0.4603417391952604,0.7070474657974718,0.8428571428571429,0.6082474226804123,0.7065868263473053,59,38,11,97,70,45
