;perturbation;group;grit;compound;conc
0;5-Fluo_136;0.333;0.22846427572393146;5-Fluo;0.333
1;5-Fluo_147;0.1;0.4985414252258763;5-Fluo;0.1
2;5-Fluo_165;1.0;0.5187595422782787;5-Fluo;1.0
3;5-Fluo_214;0.0333;0.43922456679003186;5-Fluo;0.0333
4;5-Fluo_220;1.0;0.13276624736301354;5-Fluo;1.0
5;5-Fluo_235;0.0333;0.0352996962858498;5-Fluo;0.0333
6;5-Fluo_240;0.333;0.6049022221510024;5-Fluo;0.333
7;5-Fluo_246;10.0;0.6742095750131408;5-Fluo;10.0
8;5-Fluo_321;0.1;0.28689460973045594;5-Fluo;0.1
9;5-Fluo_326;0.333;0.5218720296057658;5-Fluo;0.333
10;5-Fluo_38;0.00833;-0.13369662637862065;5-Fluo;0.00833
11;5-Fluo_425;0.00833;0.4017715003611618;5-Fluo;0.00833
12;5-Fluo_428;10.0;0.420688942618708;5-Fluo;10.0
13;5-Fluo_443;10.0;0.43487834920886004;5-Fluo;10.0
14;5-Fluo_456;0.1;0.5576471607787413;5-Fluo;0.1
15;5-Fluo_466;0.00833;0.213153076484766;5-Fluo;0.00833
16;5-Fluo_562;0.0333;0.46127691508390956;5-Fluo;0.0333
17;5-Fluo_574;1.0;0.8145030351644243;5-Fluo;1.0
18;5-Fluo_578;0.333;0.522864664064442;5-Fluo;0.333
19;5-Fluo_59;0.00833;0.405736749695343;5-Fluo;0.00833
20;5-Fluo_591;1.0;0.8768077038790155;5-Fluo;1.0
21;5-Fluo_593;0.0333;-0.3771466370935847;5-Fluo;0.0333
22;5-Fluo_94;0.1;0.5861722099220517;5-Fluo;0.1
23;5-Fluo_95;10.0;0.6338208715315362;5-Fluo;10.0
24;5Z-7-O_114;1.0;0.8506014120336757;5Z-7-O;1.0
25;5Z-7-O_12;0.00833;-0.06965479547702146;5Z-7-O;0.00833
26;5Z-7-O_146;10.0;1.8970293615328513;5Z-7-O;10.0
27;5Z-7-O_152;0.0333;-0.10577028216032221;5Z-7-O;0.0333
28;5Z-7-O_174;10.0;1.869872859874704;5Z-7-O;10.0
29;5Z-7-O_203;1.0;0.9262427392115948;5Z-7-O;1.0
30;5Z-7-O_237;0.333;0.6331381543191098;5Z-7-O;0.333
31;5Z-7-O_24;0.1;0.09565207466161435;5Z-7-O;0.1
32;5Z-7-O_257;0.0333;-0.5003916178509832;5Z-7-O;0.0333
33;5Z-7-O_275;0.1;-0.12062894751085951;5Z-7-O;0.1
34;5Z-7-O_307;0.00833;-0.06090212316956542;5Z-7-O;0.00833
35;5Z-7-O_374;0.00833;0.08926317786323773;5Z-7-O;0.00833
36;5Z-7-O_382;10.0;2.3101906595354182;5Z-7-O;10.0
37;5Z-7-O_400;0.333;0.7899100078782898;5Z-7-O;0.333
38;5Z-7-O_402;0.1;0.747453942574826;5Z-7-O;0.1
39;5Z-7-O_442;1.0;0.9059787668821266;5Z-7-O;1.0
40;5Z-7-O_46;0.333;0.615841872916572;5Z-7-O;0.333
41;5Z-7-O_492;0.333;0.7070616343840372;5Z-7-O;0.333
42;5Z-7-O_537;0.0333;0.28035489620818405;5Z-7-O;0.0333
43;5Z-7-O_554;1.0;1.1089274125733386;5Z-7-O;1.0
44;5Z-7-O_566;0.0333;0.369815736591528;5Z-7-O;0.0333
45;5Z-7-O_579;0.1;0.49138192180847695;5Z-7-O;0.1
46;5Z-7-O_609;10.0;2.0257797709914103;5Z-7-O;10.0
47;5Z-7-O_81;0.00833;0.23451526929029323;5Z-7-O;0.00833
48;ABT-73_1001;0.00833;0.08869415925436853;ABT-73;0.00833
49;ABT-73_1036;0.0333;0.47521673042425827;ABT-73;0.0333
50;ABT-73_1063;0.00833;-0.1428442126428347;ABT-73;0.00833
51;ABT-73_1070;0.1;0.2537556740771934;ABT-73;0.1
52;ABT-73_1151;0.333;-0.5074427356576061;ABT-73;0.333
53;ABT-73_1164;1.0;0.9689104977547541;ABT-73;1.0
54;ABT-73_1175;0.1;-0.48323620133717066;ABT-73;0.1
55;ABT-73_1188;1.0;0.5924023073855814;ABT-73;1.0
56;ABT-73_1192;10.0;0.37666250804026175;ABT-73;10.0
57;ABT-73_1205;0.0333;0.4324651757629467;ABT-73;0.0333
58;ABT-73_647;1.0;-0.7292750049252738;ABT-73;1.0
59;ABT-73_694;0.00833;0.3298658462135437;ABT-73;0.00833
60;ABT-73_706;10.0;-0.40493367498964555;ABT-73;10.0
61;ABT-73_739;1.0;0.757884476194089;ABT-73;1.0
62;ABT-73_752;0.333;-0.3278838079286001;ABT-73;0.333
63;ABT-73_754;10.0;-0.3889189937759739;ABT-73;10.0
64;ABT-73_782;0.0333;0.15372115154031069;ABT-73;0.0333
65;ABT-73_793;0.1;-0.12036665393195957;ABT-73;0.1
66;ABT-73_811;0.0333;0.46083379986142325;ABT-73;0.0333
67;ABT-73_879;0.333;-0.6291380775416392;ABT-73;0.333
68;ABT-73_904;0.1;0.43020454601262226;ABT-73;0.1
69;ABT-73_908;0.00833;-0.5958693447106729;ABT-73;0.00833
70;ABT-73_984;0.333;0.7794530673380375;ABT-73;0.333
71;ABT-73_992;10.0;1.8507529527323283;ABT-73;10.0
72;AMG 23_1068;0.1;-0.015291577266001383;AMG 23;0.1
73;AMG 23_1069;0.0333;-0.09455836289629223;AMG 23;0.0333
74;AMG 23_1102;0.00833;-0.049939803238230135;AMG 23;0.00833
75;AMG 23_1142;0.0333;-0.5679763401671551;AMG 23;0.0333
76;AMG 23_1145;0.333;0.47207045438825623;AMG 23;0.333
77;AMG 23_1170;0.00833;0.05320323349008746;AMG 23;0.00833
78;AMG 23_1195;1.0;0.7173780910429546;AMG 23;1.0
79;AMG 23_1206;10.0;0.9152035400291012;AMG 23;10.0
80;AMG 23_640;0.333;0.8884535163013166;AMG 23;0.333
81;AMG 23_657;0.1;0.3212430532411172;AMG 23;0.1
82;AMG 23_664;10.0;-1.3575716791660584;AMG 23;10.0
83;AMG 23_729;0.00833;0.2495561624888724;AMG 23;0.00833
84;AMG 23_732;1.0;-0.7348439170934953;AMG 23;1.0
85;AMG 23_759;0.0333;-0.23019183899713092;AMG 23;0.0333
86;AMG 23_785;0.333;0.7096827499068983;AMG 23;0.333
87;AMG 23_810;10.0;0.7489024440727454;AMG 23;10.0
88;AMG 23_848;1.0;-0.17608198290773308;AMG 23;1.0
89;AMG 23_868;0.0333;-0.27440462938229937;AMG 23;0.0333
90;AMG 23_894;0.00833;0.4144223415879075;AMG 23;0.00833
91;AMG 23_903;0.1;0.5419032857004804;AMG 23;0.1
92;AMG 23_955;10.0;-0.38344953541082427;AMG 23;10.0
93;AMG 23_962;1.0;0.7608285894971509;AMG 23;1.0
94;AMG 23_967;0.1;0.5832216269270724;AMG 23;0.1
95;AMG 23_981;0.333;0.4664824905687677;AMG 23;0.333
96;AZD454_1007;0.1;0.3776305361316509;AZD454;0.1
97;AZD454_1029;0.00833;0.2882763274752991;AZD454;0.00833
98;AZD454_1078;0.1;0.4574056030217066;AZD454;0.1
99;AZD454_1126;0.333;-0.0982923190774167;AZD454;0.333
100;AZD454_1127;1.0;-0.2475108252711778;AZD454;1.0
101;AZD454_1167;1.0;0.9138561589692811;AZD454;1.0
102;AZD454_1217;10.0;1.687089127805416;AZD454;10.0
103;AZD454_1225;0.0333;0.5044021281957364;AZD454;0.0333
104;AZD454_612;0.00833;0.33967794047404326;AZD454;0.00833
105;AZD454_687;0.333;0.6884075011000304;AZD454;0.333
106;AZD454_717;0.1;0.3733627171308597;AZD454;0.1
107;AZD454_737;1.0;0.06260183946804881;AZD454;1.0
108;AZD454_748;0.00833;-0.023952383090361337;AZD454;0.00833
109;AZD454_762;0.1;-0.25393228410624563;AZD454;0.1
110;AZD454_777;10.0;1.3002548649577776;AZD454;10.0
111;AZD454_779;1.0;-0.07543783155989374;AZD454;1.0
112;AZD454_818;0.0333;-0.4084352775193119;AZD454;0.0333
113;AZD454_851;0.0333;-0.31415082899476654;AZD454;0.0333
114;AZD454_857;0.333;0.449977990773787;AZD454;0.333
115;AZD454_883;10.0;1.3517745106912997;AZD454;10.0
116;AZD454_932;0.0333;-0.6356951485196747;AZD454;0.0333
117;AZD454_958;0.333;0.02400409021554478;AZD454;0.333
118;AZD454_959;10.0;2.3039045418808293;AZD454;10.0
119;AZD454_996;0.00833;0.3148088859786974;AZD454;0.00833
120;AZD776_1027;0.333;0.8574153247091139;AZD776;0.333
121;AZD776_1049;10.0;2.847016294110216;AZD776;10.0
122;AZD776_1075;0.333;0.8019325209055398;AZD776;0.333
123;AZD776_1112;0.1;0.48318110602424275;AZD776;0.1
124;AZD776_1135;0.0333;0.4722561822980175;AZD776;0.0333
125;AZD776_1168;0.00833;0.20531127277840452;AZD776;0.00833
126;AZD776_1198;0.0333;0.5123356560777119;AZD776;0.0333
127;AZD776_1211;0.00833;0.18510113295775055;AZD776;0.00833
128;AZD776_628;0.0333;0.11640629078173947;AZD776;0.0333
129;AZD776_635;0.333;0.7887868957710632;AZD776;0.333
130;AZD776_643;0.00833;0.30198305675203346;AZD776;0.00833
131;AZD776_703;0.1;0.14345683218106348;AZD776;0.1
132;AZD776_718;1.0;0.9255531546941177;AZD776;1.0
133;AZD776_733;10.0;2.9455152813773715;AZD776;10.0
134;AZD776_771;1.0;0.9681496239164902;AZD776;1.0
135;AZD776_824;0.0333;0.462137980985836;AZD776;0.0333
136;AZD776_835;0.00833;0.05988323892059681;AZD776;0.00833
137;AZD776_866;0.333;0.4641601435101132;AZD776;0.333
138;AZD776_882;0.1;0.32008708907850203;AZD776;0.1
139;AZD776_917;10.0;2.928854911321268;AZD776;10.0
140;AZD776_919;1.0;1.0944318868153728;AZD776;1.0
141;AZD776_949;1.0;1.0806437804398752;AZD776;1.0
142;AZD776_973;10.0;2.8629341191384623;AZD776;10.0
143;AZD776_982;0.1;0.6818481776478352;AZD776;0.1
144;AZD805_1042;0.1;0.4704961449328167;AZD805;0.1
145;AZD805_1055;10.0;2.440794530777407;AZD805;10.0
146;AZD805_1076;0.0333;0.5106515912247066;AZD805;0.0333
147;AZD805_1083;0.333;0.8779123974170263;AZD805;0.333
148;AZD805_1108;0.0333;0.5397810786302628;AZD805;0.0333
149;AZD805_1197;0.333;0.8447215741143754;AZD805;0.333
150;AZD805_1200;1.0;1.2297248056215413;AZD805;1.0
151;AZD805_1214;1.0;1.3007302142080015;AZD805;1.0
152;AZD805_621;0.333;0.8732696285539887;AZD805;0.333
153;AZD805_650;0.333;0.8240886618076362;AZD805;0.333
154;AZD805_651;10.0;2.328567456600678;AZD805;10.0
155;AZD805_702;10.0;2.799994076673753;AZD805;10.0
156;AZD805_722;0.00833;0.13435336347777785;AZD805;0.00833
157;AZD805_763;0.0333;0.5040033876619429;AZD805;0.0333
158;AZD805_783;1.0;1.2346483600432934;AZD805;1.0
159;AZD805_801;0.1;0.4496323517434116;AZD805;0.1
160;AZD805_819;0.1;0.45686523829298525;AZD805;0.1
161;AZD805_878;0.00833;-0.2543509658122266;AZD805;0.00833
162;AZD805_896;0.0333;0.4758677353914316;AZD805;0.0333
163;AZD805_902;1.0;1.1469787790388783;AZD805;1.0
164;AZD805_930;0.1;0.47673298411317383;AZD805;0.1
165;AZD805_938;0.00833;0.11966125220716209;AZD805;0.00833
166;AZD805_948;0.00833;0.11215448652068319;AZD805;0.00833
167;AZD805_985;10.0;2.802689475753696;AZD805;10.0
168;Abemac_1002;10.0;2.4511594824572063;Abemac;10.0
169;Abemac_1009;0.1;0.5367049363064565;Abemac;0.1
170;Abemac_1024;0.0333;-0.5603093588989188;Abemac;0.0333
171;Abemac_1039;0.00833;-0.5751877459861109;Abemac;0.00833
172;Abemac_1133;0.00833;0.08263419638003633;Abemac;0.00833
173;Abemac_1159;0.0333;0.4376371538089809;Abemac;0.0333
174;Abemac_1160;0.333;0.6588899269833283;Abemac;0.333
175;Abemac_1161;0.333;0.8150571480674328;Abemac;0.333
176;Abemac_1191;1.0;0.80898053994868;Abemac;1.0
177;Abemac_1218;1.0;0.377337727451732;Abemac;1.0
178;Abemac_676;0.0333;0.528653447410765;Abemac;0.0333
179;Abemac_688;10.0;1.9863148517451112;Abemac;10.0
180;Abemac_701;0.1;0.2952887457182324;Abemac;0.1
181;Abemac_705;0.0333;-0.6048131503526639;Abemac;0.0333
182;Abemac_735;0.00833;0.2511304652872472;Abemac;0.00833
183;Abemac_741;0.333;0.7762151949193848;Abemac;0.333
184;Abemac_769;10.0;2.1065454113315054;Abemac;10.0
185;Abemac_806;1.0;0.533874044170024;Abemac;1.0
186;Abemac_832;0.333;0.5082423876257285;Abemac;0.333
187;Abemac_860;0.1;0.6302319319758497;Abemac;0.1
188;Abemac_881;1.0;0.34913069716326556;Abemac;1.0
189;Abemac_916;0.00833;0.2781597271914097;Abemac;0.00833
190;Abemac_926;0.1;-0.4198229377592541;Abemac;0.1
191;Abemac_972;10.0;2.2819283941573567;Abemac;10.0
192;Afatin_142;10.0;2.9141290339403887;Afatin;10.0
193;Afatin_144;1.0;0.8790971765577109;Afatin;1.0
194;Afatin_160;0.00833;0.41388080494170454;Afatin;0.00833
195;Afatin_190;10.0;2.9373394200856597;Afatin;10.0
196;Afatin_21;0.333;0.8375966831500313;Afatin;0.333
197;Afatin_238;1.0;0.5207769430378446;Afatin;1.0
198;Afatin_244;0.0333;0.28507009267601385;Afatin;0.0333
199;Afatin_270;0.0333;0.4603179766541224;Afatin;0.0333
200;Afatin_303;0.333;0.6998057709185073;Afatin;0.333
201;Afatin_315;10.0;2.9885018471437728;Afatin;10.0
202;Afatin_377;0.00833;-0.026653557697670197;Afatin;0.00833
203;Afatin_387;0.1;0.5293099227902069;Afatin;0.1
204;Afatin_417;0.00833;0.31909170890848637;Afatin;0.00833
205;Afatin_418;0.1;0.4865173376312563;Afatin;0.1
206;Afatin_453;0.0333;0.3708210201770682;Afatin;0.0333
207;Afatin_465;1.0;1.065693696030796;Afatin;1.0
208;Afatin_538;0.0333;0.5817152779426095;Afatin;0.0333
209;Afatin_542;0.333;0.728227459348838;Afatin;0.333
210;Afatin_551;10.0;2.8289052467218303;Afatin;10.0
211;Afatin_586;1.0;0.990136504184528;Afatin;1.0
212;Afatin_602;0.333;0.7835247731501813;Afatin;0.333
213;Afatin_63;0.1;0.4717935296937512;Afatin;0.1
214;Afatin_65;0.1;0.36221978617669637;Afatin;0.1
215;Afatin_93;0.00833;-0.08133368109775264;Afatin;0.00833
216;BMS-75_1017;0.333;0.8221915782465435;BMS-75;0.333
217;BMS-75_1030;0.1;0.5235016597852963;BMS-75;0.1
218;BMS-75_1054;10.0;2.4382624672196918;BMS-75;10.0
219;BMS-75_1062;0.0333;0.43358594880563606;BMS-75;0.0333
220;BMS-75_1128;0.00833;0.04736157765410054;BMS-75;0.00833
221;BMS-75_1141;1.0;1.2008822336045861;BMS-75;1.0
222;BMS-75_1177;10.0;2.685679474504186;BMS-75;10.0
223;BMS-75_1187;0.0333;0.3073701874972058;BMS-75;0.0333
224;BMS-75_1210;0.333;0.8339768780111797;BMS-75;0.333
225;BMS-75_1224;0.1;0.4339489477354453;BMS-75;0.1
226;BMS-75_620;10.0;2.659680498150226;BMS-75;10.0
227;BMS-75_652;0.1;0.5169644085726488;BMS-75;0.1
228;BMS-75_661;10.0;2.319112234912783;BMS-75;10.0
229;BMS-75_677;1.0;1.1934627288430883;BMS-75;1.0
230;BMS-75_695;0.00833;0.28306616636557513;BMS-75;0.00833
231;BMS-75_716;0.333;0.851635486038966;BMS-75;0.333
232;BMS-75_800;0.0333;0.27535638022362874;BMS-75;0.0333
233;BMS-75_830;0.0333;0.45630627927803935;BMS-75;0.0333
234;BMS-75_884;0.333;0.8154668561321636;BMS-75;0.333
235;BMS-75_889;0.00833;-0.26951568627782463;BMS-75;0.00833
236;BMS-75_899;1.0;1.1875118975706527;BMS-75;1.0
237;BMS-75_900;0.1;0.44249295819636747;BMS-75;0.1
238;BMS-75_954;1.0;1.1077419069215861;BMS-75;1.0
239;BMS-75_960;0.00833;0.19447927867359385;BMS-75;0.00833
240;Crizot_107;0.1;0.5341171395420883;Crizot;0.1
241;Crizot_177;0.0333;0.29836934435493023;Crizot;0.0333
242;Crizot_202;0.1;-0.01956497586974096;Crizot;0.1
243;Crizot_208;1.0;0.5478447811093534;Crizot;1.0
244;Crizot_226;0.00833;0.12229751805657639;Crizot;0.00833
245;Crizot_250;0.333;0.4466323650602056;Crizot;0.333
246;Crizot_27;0.0333;0.4138419302296384;Crizot;0.0333
247;Crizot_282;0.00833;0.00624761008229443;Crizot;0.00833
248;Crizot_320;0.0333;0.44208802407195236;Crizot;0.0333
249;Crizot_328;0.1;0.06809514609160147;Crizot;0.1
250;Crizot_348;0.333;-0.05407424078128232;Crizot;0.333
251;Crizot_427;0.1;0.5588295070884463;Crizot;0.1
252;Crizot_441;0.00833;0.27567777226038365;Crizot;0.00833
253;Crizot_467;1.0;0.06934973303708114;Crizot;1.0
254;Crizot_471;0.00833;0.39780886215908084;Crizot;0.00833
255;Crizot_541;0.0333;0.5556472862336511;Crizot;0.0333
256;Crizot_557;0.333;-0.6328193802389398;Crizot;0.333
257;Crizot_571;1.0;0.6655387927428396;Crizot;1.0
258;Crizot_66;0.333;-0.5912292248226109;Crizot;0.333
259;Crizot_90;1.0;-0.36020673461929636;Crizot;1.0
260;Dabraf_1040;0.00833;-0.23896641855771522;Dabraf;0.00833
261;Dabraf_1073;0.0333;0.49811305016133806;Dabraf;0.0333
262;Dabraf_1101;0.1;-0.03983171822953089;Dabraf;0.1
263;Dabraf_1119;10.0;1.7494575779443444;Dabraf;10.0
264;Dabraf_1150;1.0;0.703721487721317;Dabraf;1.0
265;Dabraf_1193;1.0;0.9592982978819506;Dabraf;1.0
266;Dabraf_1223;0.333;0.7111042356351319;Dabraf;0.333
267;Dabraf_615;1.0;0.5016166367069698;Dabraf;1.0
268;Dabraf_619;10.0;0.7472584792586869;Dabraf;10.0
269;Dabraf_637;0.1;0.12049111584279237;Dabraf;0.1
270;Dabraf_669;10.0;0.06862608017597255;Dabraf;10.0
271;Dabraf_689;0.00833;0.4182526618006387;Dabraf;0.00833
272;Dabraf_698;0.0333;0.6084212946372728;Dabraf;0.0333
273;Dabraf_803;0.333;-0.01786575074465513;Dabraf;0.333
274;Dabraf_804;0.00833;-0.2070828231825923;Dabraf;0.00833
275;Dabraf_840;0.0333;-0.5322157519613046;Dabraf;0.0333
276;Dabraf_847;1.0;0.45618910657163025;Dabraf;1.0
277;Dabraf_855;0.333;0.851482472290144;Dabraf;0.333
278;Dabraf_907;0.1;-0.1459707502878049;Dabraf;0.1
279;Dabraf_920;10.0;1.5227565800190634;Dabraf;10.0
280;Dabraf_931;0.333;0.43086684291572186;Dabraf;0.333
281;Dabraf_951;0.00833;-0.34220025249296765;Dabraf;0.00833
282;Dabraf_978;0.0333;0.1540985512779226;Dabraf;0.0333
283;Dabraf_983;0.1;-0.4873383719610279;Dabraf;0.1
284;Encora_124;0.333;0.4856756686000147;Encora;0.333
285;Encora_13;1.0;0.7326130995576712;Encora;1.0
286;Encora_143;0.0333;0.4513595927847449;Encora;0.0333
287;Encora_162;1.0;-0.48546198495960247;Encora;1.0
288;Encora_170;0.0333;-0.3547823771667292;Encora;0.0333
289;Encora_195;10.0;2.45980212507286;Encora;10.0
290;Encora_221;0.1;0.18592945918528808;Encora;0.1
291;Encora_269;0.333;-0.031246523841734614;Encora;0.333
292;Encora_304;10.0;2.5240617146177047;Encora;10.0
293;Encora_305;0.1;-0.11988240364301299;Encora;0.1
294;Encora_335;0.1;0.5548227287520591;Encora;0.1
295;Encora_379;10.0;2.566514203920501;Encora;10.0
296;Encora_386;0.0333;0.43496245475001755;Encora;0.0333
297;Encora_4;0.1;0.3248070914602626;Encora;0.1
298;Encora_413;0.00833;0.2299528423411598;Encora;0.00833
299;Encora_422;0.00833;0.3041890902636819;Encora;0.00833
300;Encora_476;1.0;0.9082115391702007;Encora;1.0
301;Encora_50;0.00833;-0.5545448178291151;Encora;0.00833
302;Encora_500;0.0333;0.5395415868444867;Encora;0.0333
303;Encora_521;0.333;-0.11993532684876877;Encora;0.333
304;Encora_559;10.0;2.5835390136107432;Encora;10.0
305;Encora_568;0.333;0.7123752954875882;Encora;0.333
306;Encora_576;1.0;0.7530743244874426;Encora;1.0
307;Encora_96;0.00833;0.05663522235633649;Encora;0.00833
308;Gefiti_122;0.333;0.7058604233141001;Gefiti;0.333
309;Gefiti_148;0.00833;-0.18359651642652305;Gefiti;0.00833
310;Gefiti_179;1.0;0.879885137288848;Gefiti;1.0
311;Gefiti_229;0.1;0.3975446017801509;Gefiti;0.1
312;Gefiti_232;1.0;0.6672771336670263;Gefiti;1.0
313;Gefiti_243;0.333;0.6095241178875475;Gefiti;0.333
314;Gefiti_264;0.00833;-0.011741815969172233;Gefiti;0.00833
315;Gefiti_283;10.0;1.2892175749665846;Gefiti;10.0
316;Gefiti_31;0.0333;0.5556815745594005;Gefiti;0.0333
317;Gefiti_311;0.1;0.5607380080832053;Gefiti;0.1
318;Gefiti_354;1.0;1.2023446817201784;Gefiti;1.0
319;Gefiti_360;0.00833;-0.049864176659053766;Gefiti;0.00833
320;Gefiti_376;0.333;0.7663342290507233;Gefiti;0.333
321;Gefiti_412;1.0;0.8149027073553732;Gefiti;1.0
322;Gefiti_447;10.0;0.8302954265223019;Gefiti;10.0
323;Gefiti_478;0.0333;0.4979753605450949;Gefiti;0.0333
324;Gefiti_493;0.1;0.45335887916025847;Gefiti;0.1
325;Gefiti_510;0.333;0.514795381411916;Gefiti;0.333
326;Gefiti_525;0.0333;0.5227274390070723;Gefiti;0.0333
327;Gefiti_54;0.1;0.14397128839601211;Gefiti;0.1
328;Gefiti_555;10.0;1.3043343847087332;Gefiti;10.0
329;Gefiti_58;10.0;1.4926792990096192;Gefiti;10.0
330;Gefiti_604;0.00833;-0.2575498542461604;Gefiti;0.00833
331;Gefiti_71;0.0333;-0.6156942764319803;Gefiti;0.0333
332;LGK974_1025;0.1;-0.11781068215033179;LGK974;0.1
333;LGK974_1026;0.00833;0.19827085721740056;LGK974;0.00833
334;LGK974_1059;0.333;0.47550922024425657;LGK974;0.333
335;LGK974_1082;0.0333;0.5601898836978155;LGK974;0.0333
336;LGK974_1095;10.0;0.6520594319438164;LGK974;10.0
337;LGK974_1120;10.0;0.6472077082979253;LGK974;10.0
338;LGK974_1130;1.0;0.6473960732173889;LGK974;1.0
339;LGK974_1172;0.333;0.4270923944876181;LGK974;0.333
340;LGK974_1185;0.0333;0.3479731183208282;LGK974;0.0333
341;LGK974_625;1.0;-0.6711834777789178;LGK974;1.0
342;LGK974_648;0.0333;-0.16708736488072506;LGK974;0.0333
343;LGK974_662;0.00833;-0.5184092034904162;LGK974;0.00833
344;LGK974_668;0.333;-0.28385917461494825;LGK974;0.333
345;LGK974_690;10.0;0.14426970205370257;LGK974;10.0
346;LGK974_700;1.0;0.5877813040726001;LGK974;1.0
347;LGK974_776;0.1;-0.3567475190672424;LGK974;0.1
348;LGK974_781;0.0333;-0.630174717897307;LGK974;0.0333
349;LGK974_834;0.00833;-0.02649576320574041;LGK974;0.00833
350;LGK974_859;0.1;0.44490170193256545;LGK974;0.1
351;LGK974_897;0.333;0.11704936885001503;LGK974;0.333
352;LGK974_906;10.0;0.124032812131124;LGK974;10.0
353;LGK974_933;0.1;-0.5446944874808761;LGK974;0.1
354;LGK974_964;0.00833;0.2630288744670236;LGK974;0.00833
355;LGK974_999;1.0;0.469542725850585;LGK974;1.0
356;LY2603_1006;0.333;0.6983040431163693;LY2603;0.333
357;LY2603_1014;0.1;0.5258428475550039;LY2603;0.1
358;LY2603_1047;0.1;0.616754974677132;LY2603;0.1
359;LY2603_1097;0.0333;0.3847326794920523;LY2603;0.0333
360;LY2603_1140;10.0;1.4667446093712324;LY2603;10.0
361;LY2603_1147;1.0;0.35756961301685;LY2603;1.0
362;LY2603_1181;1.0;0.8394257636329856;LY2603;1.0
363;LY2603_1189;0.333;0.5862069942575105;LY2603;0.333
364;LY2603_1194;10.0;1.4547376552688227;LY2603;10.0
365;LY2603_613;0.00833;-0.45179881676849154;LY2603;0.00833
366;LY2603_683;0.333;0.7444406929508977;LY2603;0.333
367;LY2603_704;0.0333;-0.24654821185147244;LY2603;0.0333
368;LY2603_710;10.0;0.8258587217391601;LY2603;10.0
369;LY2603_740;1.0;0.9037717044245895;LY2603;1.0
370;LY2603_755;0.0333;-0.6451039732716763;LY2603;0.0333
371;LY2603_765;10.0;1.4026171661575135;LY2603;10.0
372;LY2603_786;0.1;0.48364942995704985;LY2603;0.1
373;LY2603_792;1.0;-0.4306786639516189;LY2603;1.0
374;LY2603_831;0.00833;0.27200858216189894;LY2603;0.00833
375;LY2603_846;0.1;-0.6098592760451751;LY2603;0.1
376;LY2603_864;0.333;-0.17798925761694126;LY2603;0.333
377;LY2603_929;0.0333;-0.6133600660900753;LY2603;0.0333
378;LY2603_935;0.00833;-0.22284464147902064;LY2603;0.00833
379;LY2603_953;0.00833;-0.5822367407835027;LY2603;0.00833
380;Linsit_1016;0.333;0.08976900713234026;Linsit;0.333
381;Linsit_1019;10.0;1.7212916187484695;Linsit;10.0
382;Linsit_1094;0.1;0.549213309359983;Linsit;0.1
383;Linsit_1134;0.1;0.22507868843927728;Linsit;0.1
384;Linsit_1146;10.0;2.1043986723573322;Linsit;10.0
385;Linsit_1186;0.333;0.683292773701543;Linsit;0.333
386;Linsit_1202;1.0;0.8350943706780326;Linsit;1.0
387;Linsit_1212;0.0333;0.4228854207385726;Linsit;0.0333
388;Linsit_624;1.0;0.5557153345618633;Linsit;1.0
389;Linsit_634;10.0;2.1923934467487216;Linsit;10.0
390;Linsit_646;0.00833;-0.2634934516899904;Linsit;0.00833
391;Linsit_724;10.0;1.857632835831898;Linsit;10.0
392;Linsit_731;0.333;0.3914334606133008;Linsit;0.333
393;Linsit_750;0.1;-0.10122247336732088;Linsit;0.1
394;Linsit_807;0.333;-0.04320130368804143;Linsit;0.333
395;Linsit_825;0.0333;0.43751131734233467;Linsit;0.0333
396;Linsit_849;1.0;-0.17577091511849172;Linsit;1.0
397;Linsit_858;0.1;0.5770846252809978;Linsit;0.1
398;Linsit_905;0.0333;0.45107539169794436;Linsit;0.0333
399;Linsit_912;0.00833;-0.5409107279063627;Linsit;0.00833
400;Linsit_937;1.0;1.0136438317458492;Linsit;1.0
401;Linsit_968;0.00833;0.2507736600012579;Linsit;0.00833
402;Linsit_987;0.00833;0.189989233807077;Linsit;0.00833
403;Linsit_998;0.0333;0.3968752895031863;Linsit;0.0333
404;MK-177_1012;0.333;0.769711760628454;MK-177;0.333
405;MK-177_1013;0.0333;0.18412068581620297;MK-177;0.0333
406;MK-177_1087;0.00833;0.23425220536603453;MK-177;0.00833
407;MK-177_1088;1.0;1.154645405463808;MK-177;1.0
408;MK-177_1106;0.00833;0.27336211540038036;MK-177;0.00833
409;MK-177_1113;1.0;1.1783890251069347;MK-177;1.0
410;MK-177_1165;0.333;0.8029395008795567;MK-177;0.333
411;MK-177_1209;0.0333;0.44240831190402163;MK-177;0.0333
412;MK-177_658;10.0;2.719247254131005;MK-177;10.0
413;MK-177_671;0.0333;-0.1033473050088854;MK-177;0.0333
414;MK-177_684;0.333;0.8310824936626747;MK-177;0.333
415;MK-177_699;0.1;0.50367632251412;MK-177;0.1
416;MK-177_720;1.0;1.1211138532378402;MK-177;1.0
417;MK-177_753;0.00833;-0.558265112229301;MK-177;0.00833
418;MK-177_778;0.333;0.6384895399889435;MK-177;0.333
419;MK-177_805;10.0;2.7284798139261097;MK-177;10.0
420;MK-177_815;0.00833;0.24184241427113015;MK-177;0.00833
421;MK-177_843;0.0333;-0.34353720340443233;MK-177;0.0333
422;MK-177_854;1.0;1.144402599916533;MK-177;1.0
423;MK-177_888;0.1;-0.12213336579632077;MK-177;0.1
424;MK-177_921;10.0;2.495934953870178;MK-177;10.0
425;MK-177_928;0.1;0.5372714321900534;MK-177;0.1
426;MK-177_952;0.1;0.2455860613162139;MK-177;0.1
427;MK-177_997;10.0;2.8395145984245427;MK-177;10.0
428;MK-220_1010;1.0;1.063494347740377;MK-220;1.0
429;MK-220_1043;0.1;0.4129710464113183;MK-220;0.1
430;MK-220_1085;0.333;0.6670532440601148;MK-220;0.333
431;MK-220_1090;10.0;2.69847508093668;MK-220;10.0
432;MK-220_1096;10.0;2.3193539731489667;MK-220;10.0
433;MK-220_1110;1.0;1.0386961664166712;MK-220;1.0
434;MK-220_1138;0.00833;0.25865274415409534;MK-220;0.00833
435;MK-220_1169;0.00833;0.13733864435058885;MK-220;0.00833
436;MK-220_626;0.00833;0.23132484211275234;MK-220;0.00833
437;MK-220_642;0.0333;0.005706749704786407;MK-220;0.0333
438;MK-220_672;10.0;2.5829599424502017;MK-220;10.0
439;MK-220_715;1.0;0.8982912625120762;MK-220;1.0
440;MK-220_726;10.0;2.5564545237444083;MK-220;10.0
441;MK-220_734;0.333;0.9358334321228007;MK-220;0.333
442;MK-220_775;0.1;-0.5362180784092049;MK-220;0.1
443;MK-220_817;0.0333;0.2886030805835658;MK-220;0.0333
444;MK-220_839;1.0;0.8698657652674449;MK-220;1.0
445;MK-220_874;0.1;0.4949555016651253;MK-220;0.1
446;MK-220_877;0.00833;-0.06492312043982115;MK-220;0.00833
447;MK-220_892;0.333;0.675372509133299;MK-220;0.333
448;MK-220_945;0.0333;0.39363488420370724;MK-220;0.0333
449;MK-220_947;0.333;0.8383082132852434;MK-220;0.333
450;MK-220_979;0.1;0.5671528486908083;MK-220;0.1
451;MK-220_994;0.0333;0.5237130946301164;MK-220;0.0333
452;Navito_1023;0.333;0.862470535837688;Navito;0.333
453;Navito_1032;0.00833;0.13965950062057264;Navito;0.00833
454;Navito_1034;10.0;2.585978805047151;Navito;10.0
455;Navito_1066;0.00833;0.33869592799306697;Navito;0.00833
456;Navito_1074;0.1;0.4182711126701827;Navito;0.1
457;Navito_1115;10.0;2.7063674269949236;Navito;10.0
458;Navito_1124;0.0333;0.4444600317302678;Navito;0.0333
459;Navito_1173;1.0;1.062649271052675;Navito;1.0
460;Navito_1203;0.1;0.4934154445402963;Navito;0.1
461;Navito_1220;0.0333;0.4757180982256172;Navito;0.0333
462;Navito_611;0.0333;0.533401106740075;Navito;0.0333
463;Navito_632;0.1;0.5398346515370387;Navito;0.1
464;Navito_659;1.0;0.9470035526108048;Navito;1.0
465;Navito_660;0.0333;0.47902659725932667;Navito;0.0333
466;Navito_693;0.00833;0.21285139038302914;Navito;0.00833
467;Navito_742;0.333;0.8724330740297374;Navito;0.333
468;Navito_766;10.0;2.259491898517854;Navito;10.0
469;Navito_770;0.1;0.5085415396815813;Navito;0.1
470;Navito_797;0.333;0.5360272215587459;Navito;0.333
471;Navito_826;1.0;1.3104282219883836;Navito;1.0
472;Navito_828;10.0;2.569249464090305;Navito;10.0
473;Navito_890;0.00833;-0.22752130964705908;Navito;0.00833
474;Navito_927;0.333;0.827449379049248;Navito;0.333
475;Navito_971;1.0;1.2040215035455801;Navito;1.0
476;Nutlin_1035;1.0;1.0688683200876798;Nutlin;1.0
477;Nutlin_1037;0.1;0.5103524489931973;Nutlin;0.1
478;Nutlin_1056;0.333;0.681701453466066;Nutlin;0.333
479;Nutlin_1077;10.0;0.12725756962761284;Nutlin;10.0
480;Nutlin_1121;0.00833;0.008365025162200494;Nutlin;0.00833
481;Nutlin_1152;0.0333;-0.6180244729998826;Nutlin;0.0333
482;Nutlin_1201;0.0333;0.3867642898525228;Nutlin;0.0333
483;Nutlin_1216;10.0;0.8059352381277425;Nutlin;10.0
484;Nutlin_1221;0.00833;-0.05985582129258993;Nutlin;0.00833
485;Nutlin_622;0.00833;-0.1701701647576877;Nutlin;0.00833
486;Nutlin_692;0.00833;-0.20531312124237738;Nutlin;0.00833
487;Nutlin_712;10.0;0.30964235565540865;Nutlin;10.0
488;Nutlin_727;0.0333;0.39787189154069486;Nutlin;0.0333
489;Nutlin_730;1.0;-0.4999128166441999;Nutlin;1.0
490;Nutlin_764;10.0;0.5837313206688081;Nutlin;10.0
491;Nutlin_767;0.333;0.8995531479097338;Nutlin;0.333
492;Nutlin_791;0.1;-0.10647347715083846;Nutlin;0.1
493;Nutlin_809;0.1;-0.07786374232922866;Nutlin;0.1
494;Nutlin_838;0.333;0.13116467003295332;Nutlin;0.333
495;Nutlin_873;1.0;0.7100978795170113;Nutlin;1.0
496;Nutlin_893;0.0333;0.2228759217869209;Nutlin;0.0333
497;Nutlin_934;1.0;0.24276017816723583;Nutlin;1.0
498;Nutlin_940;0.333;0.5214231535316822;Nutlin;0.333
499;Nutlin_986;0.1;0.4250027001275309;Nutlin;0.1
500;Olapar_106;0.0333;0.3441269326233303;Olapar;0.0333
501;Olapar_108;10.0;0.4151325587594584;Olapar;10.0
502;Olapar_137;0.1;0.2658676236764026;Olapar;0.1
503;Olapar_155;0.00833;-0.14138414091064858;Olapar;0.00833
504;Olapar_157;10.0;0.2344088281828677;Olapar;10.0
505;Olapar_16;0.00833;0.2221055305456044;Olapar;0.00833
506;Olapar_211;0.333;-0.6602296519905702;Olapar;0.333
507;Olapar_252;1.0;-0.27810694532140373;Olapar;1.0
508;Olapar_287;0.1;-0.13331919174454718;Olapar;0.1
509;Olapar_296;0.0333;0.3265394551593822;Olapar;0.0333
510;Olapar_338;1.0;0.6401483854493997;Olapar;1.0
511;Olapar_359;0.0333;0.10717721987365872;Olapar;0.0333
512;Olapar_384;0.0333;0.23098788331186715;Olapar;0.0333
513;Olapar_395;10.0;0.5297751020658538;Olapar;10.0
514;Olapar_40;1.0;0.4517913022367169;Olapar;1.0
515;Olapar_410;0.1;0.5800639144922224;Olapar;0.1
516;Olapar_439;0.00833;0.34463310211236237;Olapar;0.00833
517;Olapar_470;0.00833;0.28009721114228847;Olapar;0.00833
518;Olapar_480;1.0;0.5607764899108042;Olapar;1.0
519;Olapar_487;0.333;0.581460763502714;Olapar;0.333
520;Olapar_513;10.0;0.7304837270312163;Olapar;10.0
521;Olapar_52;0.333;0.5402260913875498;Olapar;0.333
522;Olapar_533;0.1;0.5085521632905978;Olapar;0.1
523;Olapar_583;0.333;0.7004076368628209;Olapar;0.333
524;Oxalip_100;10.0;1.7054579602335413;Oxalip;10.0
525;Oxalip_116;0.333;0.5805937718297358;Oxalip;0.333
526;Oxalip_123;10.0;1.5276648845270555;Oxalip;10.0
527;Oxalip_150;1.0;1.067107381914586;Oxalip;1.0
528;Oxalip_168;0.1;0.1707149628269887;Oxalip;0.1
529;Oxalip_17;1.0;0.7020807641861149;Oxalip;1.0
530;Oxalip_205;0.00833;0.5302698507895505;Oxalip;0.00833
531;Oxalip_227;0.0333;-0.31248166989984183;Oxalip;0.0333
532;Oxalip_262;0.333;0.7470742979164343;Oxalip;0.333
533;Oxalip_289;0.0333;-0.12951308733452982;Oxalip;0.0333
534;Oxalip_291;0.00833;0.35345629157696484;Oxalip;0.00833
535;Oxalip_329;0.0333;-0.329920375135709;Oxalip;0.0333
536;Oxalip_352;0.00833;0.28582791712932487;Oxalip;0.00833
537;Oxalip_380;0.00833;0.32125394911207683;Oxalip;0.00833
538;Oxalip_390;10.0;1.7028025217307505;Oxalip;10.0
539;Oxalip_399;0.1;0.4554737038578722;Oxalip;0.1
540;Oxalip_452;0.0333;0.5696245735441786;Oxalip;0.0333
541;Oxalip_481;0.1;0.5265971528079614;Oxalip;0.1
542;Oxalip_490;1.0;0.9856960041924917;Oxalip;1.0
543;Oxalip_550;0.333;0.7690712319987725;Oxalip;0.333
544;Oxalip_581;0.333;0.805281189730737;Oxalip;0.333
545;Oxalip_585;1.0;1.01244209453827;Oxalip;1.0
546;Oxalip_606;10.0;1.2574792437750075;Oxalip;10.0
547;Oxalip_75;0.1;0.26562809826323996;Oxalip;0.1
548;PD0325_113;0.00833;0.31690112952580934;PD0325;0.00833
549;PD0325_121;0.0333;0.4009378173799355;PD0325;0.0333
550;PD0325_131;10.0;0.9477443266132941;PD0325;10.0
551;PD0325_156;10.0;0.9516734936085212;PD0325;10.0
552;PD0325_175;0.1;0.48854321219756314;PD0325;0.1
553;PD0325_18;0.1;0.6307704179902119;PD0325;0.1
554;PD0325_239;0.333;0.9357060032241439;PD0325;0.333
555;PD0325_279;1.0;0.827463193111961;PD0325;1.0
556;PD0325_294;0.0333;0.46286269522269324;PD0325;0.0333
557;PD0325_299;0.333;0.7674694361481028;PD0325;0.333
558;PD0325_318;0.333;0.846614311433981;PD0325;0.333
559;PD0325_347;0.333;0.8804201210015556;PD0325;0.333
560;PD0325_349;10.0;1.3200764734713601;PD0325;10.0
561;PD0325_39;0.00833;0.38755111913749485;PD0325;0.00833
562;PD0325_403;0.00833;0.21685506190249837;PD0325;0.00833
563;PD0325_419;0.00833;0.3057233516363461;PD0325;0.00833
564;PD0325_450;0.0333;0.5831144061958202;PD0325;0.0333
565;PD0325_460;1.0;0.8365227865857973;PD0325;1.0
566;PD0325_496;10.0;0.682519430572058;PD0325;10.0
567;PD0325_519;0.1;0.5236571631681561;PD0325;0.1
568;PD0325_526;0.1;0.49698228887178414;PD0325;0.1
569;PD0325_536;0.0333;0.7036533674443713;PD0325;0.0333
570;PD0325_552;1.0;0.9493531500678963;PD0325;1.0
571;PD0325_7;1.0;0.7817864677854494;PD0325;1.0
572;PI-103_118;10.0;1.5194414211546048;PI-103;10.0
573;PI-103_130;0.1;0.4213687482037041;PI-103;0.1
574;PI-103_138;1.0;0.7094527379448456;PI-103;1.0
575;PI-103_192;0.333;0.22061193572444457;PI-103;0.333
576;PI-103_194;0.00833;0.21121988799377747;PI-103;0.00833
577;PI-103_198;1.0;0.9564786223603764;PI-103;1.0
578;PI-103_254;0.1;0.42357079939384773;PI-103;0.1
579;PI-103_273;0.0333;0.020865707865326263;PI-103;0.0333
580;PI-103_286;0.333;0.44816492366097893;PI-103;0.333
581;PI-103_306;0.00833;0.21811387864080428;PI-103;0.00833
582;PI-103_334;0.333;0.8276815351888703;PI-103;0.333
583;PI-103_351;10.0;2.350833912652527;PI-103;10.0
584;PI-103_370;0.00833;0.2612495581146892;PI-103;0.00833
585;PI-103_375;0.333;0.35891341661924814;PI-103;0.333
586;PI-103_41;0.00833;-0.045821382468906505;PI-103;0.00833
587;PI-103_415;10.0;2.0540287055502775;PI-103;10.0
588;PI-103_495;0.0333;0.1814367931041949;PI-103;0.0333
589;PI-103_503;1.0;0.6523262698371575;PI-103;1.0
590;PI-103_512;0.0333;-0.49084030059755307;PI-103;0.0333
591;PI-103_534;0.1;0.49864083130818054;PI-103;0.1
592;PI-103_539;1.0;0.8540735638242754;PI-103;1.0
593;PI-103_6;0.0333;0.5280071486613974;PI-103;0.0333
594;PI-103_603;0.1;0.43613090836869756;PI-103;0.1
595;PI-103_82;10.0;1.8376765219811333;PI-103;10.0
596;Paclit_105;0.333;0.8762297362560655;Paclit;0.333
597;Paclit_110;10.0;2.114094965718721;Paclit;10.0
598;Paclit_14;0.00833;0.18336846501880072;Paclit;0.00833
599;Paclit_159;0.1;0.501982356038944;Paclit;0.1
600;Paclit_167;1.0;1.1205708599281519;Paclit;1.0
601;Paclit_193;10.0;2.4237960910782492;Paclit;10.0
602;Paclit_206;0.00833;0.28752539862598586;Paclit;0.00833
603;Paclit_22;0.333;0.8164014296242861;Paclit;0.333
604;Paclit_230;0.1;0.37889753291997336;Paclit;0.1
605;Paclit_290;0.0333;0.4307764849777893;Paclit;0.0333
606;Paclit_319;1.0;1.2594622963734872;Paclit;1.0
607;Paclit_327;0.0333;0.36589707736541643;Paclit;0.0333
608;Paclit_365;0.0333;0.5324811938205719;Paclit;0.0333
609;Paclit_420;0.333;0.7848551330602954;Paclit;0.333
610;Paclit_423;1.0;1.1750295657710284;Paclit;1.0
611;Paclit_44;1.0;1.175218756978431;Paclit;1.0
612;Paclit_448;0.333;0.8670199123900334;Paclit;0.333
613;Paclit_47;0.0333;0.4301703719845728;Paclit;0.0333
614;Paclit_475;0.1;0.4851540588121313;Paclit;0.1
615;Paclit_485;0.00833;0.16883254139344467;Paclit;0.00833
616;Paclit_489;10.0;2.5828888016300233;Paclit;10.0
617;Paclit_504;10.0;2.45699428225649;Paclit;10.0
618;Paclit_516;0.1;0.4807425189592986;Paclit;0.1
619;Paclit_588;0.00833;0.2882390326107396;Paclit;0.00833
620;Palboc_103;10.0;2.5042820048072936;Palboc;10.0
621;Palboc_112;0.1;0.3973568910797493;Palboc;0.1
622;Palboc_182;0.1;0.08703857380221171;Palboc;0.1
623;Palboc_19;0.333;0.3171430021546293;Palboc;0.333
624;Palboc_197;0.00833;0.03786079707106832;Palboc;0.00833
625;Palboc_210;0.0333;-0.019034166245238918;Palboc;0.0333
626;Palboc_248;10.0;2.416182231739088;Palboc;10.0
627;Palboc_271;0.00833;8.759493287425514e-05;Palboc;0.00833
628;Palboc_277;0.0333;-0.13905553329861484;Palboc;0.0333
629;Palboc_310;0.333;0.7567209661676876;Palboc;0.333
630;Palboc_322;0.00833;0.12964499712880814;Palboc;0.00833
631;Palboc_33;1.0;0.8914949449517394;Palboc;1.0
632;Palboc_345;0.00833;0.2956534832202913;Palboc;0.00833
633;Palboc_404;0.0333;0.5007501170639701;Palboc;0.0333
634;Palboc_405;0.1;0.5303441012178562;Palboc;0.1
635;Palboc_445;0.0333;0.512708818806237;Palboc;0.0333
636;Palboc_482;0.333;0.6838655489713364;Palboc;0.333
637;Palboc_514;10.0;2.338154096728242;Palboc;10.0
638;Palboc_529;10.0;1.7046907242129457;Palboc;10.0
639;Palboc_546;1.0;0.9067500136727564;Palboc;1.0
640;Palboc_549;0.1;0.7039387864423693;Palboc;0.1
641;Palboc_57;1.0;0.9940808394090972;Palboc;1.0
642;Palboc_601;1.0;0.8552624645219002;Palboc;1.0
643;Palboc_72;0.333;0.7536548268384857;Palboc;0.333
644;Ruxoli_1005;1.0;0.674614515365114;Ruxoli;1.0
645;Ruxoli_1053;0.333;0.5547857348128284;Ruxoli;0.333
646;Ruxoli_1109;0.00833;0.047864398880882966;Ruxoli;0.00833
647;Ruxoli_1114;1.0;0.5932949865010331;Ruxoli;1.0
648;Ruxoli_1149;0.0333;-0.38972302453116314;Ruxoli;0.0333
649;Ruxoli_1156;0.00833;-0.4058310599218147;Ruxoli;0.00833
650;Ruxoli_1178;10.0;0.14890081023719096;Ruxoli;10.0
651;Ruxoli_1184;10.0;0.3729042147040408;Ruxoli;10.0
652;Ruxoli_633;0.1;0.6691499128874466;Ruxoli;0.1
653;Ruxoli_649;0.0333;-0.45735588669883503;Ruxoli;0.0333
654;Ruxoli_673;0.0333;0.5098044333028626;Ruxoli;0.0333
655;Ruxoli_674;0.00833;0.11620595323529903;Ruxoli;0.00833
656;Ruxoli_678;10.0;0.36904974197319723;Ruxoli;10.0
657;Ruxoli_744;0.00833;-0.18814959789851818;Ruxoli;0.00833
658;Ruxoli_812;1.0;0.6398298847844474;Ruxoli;1.0
659;Ruxoli_836;0.333;-0.4253306701161174;Ruxoli;0.333
660;Ruxoli_844;0.1;0.047869400182578736;Ruxoli;0.1
661;Ruxoli_887;10.0;-1.431351083757797;Ruxoli;10.0
662;Ruxoli_901;0.333;-0.014857236785291928;Ruxoli;0.333
663;Ruxoli_911;1.0;-0.18185950260466355;Ruxoli;1.0
664;Ruxoli_950;0.333;0.32992242502567265;Ruxoli;0.333
665;Ruxoli_970;0.1;0.37838792401769755;Ruxoli;0.1
666;Ruxoli_974;0.0333;-0.01052349675605793;Ruxoli;0.0333
667;Ruxoli_993;0.1;0.5014130952536774;Ruxoli;0.1
668;SB2167_1000;0.1;0.32160614163013845;SB2167;0.1
669;SB2167_1011;0.333;0.10842377717251443;SB2167;0.333
670;SB2167_1028;10.0;-0.19584475798632564;SB2167;10.0
671;SB2167_1067;0.1;0.479772616498735;SB2167;0.1
672;SB2167_1081;1.0;0.6167735140066303;SB2167;1.0
673;SB2167_1125;0.0333;0.5618735213936027;SB2167;0.0333
674;SB2167_1153;0.0333;-0.6194906801146883;SB2167;0.0333
675;SB2167_1171;0.00833;-0.05600680030081402;SB2167;0.00833
676;SB2167_1182;1.0;0.7238024612264375;SB2167;1.0
677;SB2167_1196;10.0;-0.1920073387640627;SB2167;10.0
678;SB2167_614;0.333;-0.11869586829228893;SB2167;0.333
679;SB2167_623;0.00833;-0.16446488040847607;SB2167;0.00833
680;SB2167_636;1.0;-0.5628705857856302;SB2167;1.0
681;SB2167_666;0.0333;-0.20222105932236725;SB2167;0.0333
682;SB2167_749;0.0333;-0.6117630544628441;SB2167;0.0333
683;SB2167_758;0.00833;-0.19206705391133003;SB2167;0.00833
684;SB2167_794;10.0;-0.42135523144633774;SB2167;10.0
685;SB2167_816;1.0;1.02736347102463;SB2167;1.0
686;SB2167_823;0.1;0.15756792584775403;SB2167;0.1
687;SB2167_850;0.333;0.16315330054470165;SB2167;0.333
688;SB2167_872;0.1;0.1789977988440489;SB2167;0.1
689;SB2167_885;10.0;-0.03010447698591948;SB2167;10.0
690;SB2167_941;0.333;0.7924071006749938;SB2167;0.333
691;SB2167_966;0.00833;-0.10699697083279203;SB2167;0.00833
692;SB5051_1004;0.1;0.6094566021621725;SB5051;0.1
693;SB5051_1045;0.00833;0.31788785081420345;SB5051;0.00833
694;SB5051_1065;10.0;2.6170970266201246;SB5051;10.0
695;SB5051_1071;0.1;0.5640189151811577;SB5051;0.1
696;SB5051_1080;1.0;1.1540597916167916;SB5051;1.0
697;SB5051_1086;0.333;0.7575651822025604;SB5051;0.333
698;SB5051_1122;1.0;1.1205227003234206;SB5051;1.0
699;SB5051_1137;0.00833;0.19785976050765375;SB5051;0.00833
700;SB5051_1162;0.0333;0.40545603140941777;SB5051;0.0333
701;SB5051_1207;10.0;2.7937700917568526;SB5051;10.0
702;SB5051_618;0.1;-0.21624525743980588;SB5051;0.1
703;SB5051_675;10.0;2.781310140541522;SB5051;10.0
704;SB5051_686;10.0;2.6907175746247893;SB5051;10.0
705;SB5051_714;0.333;-0.5606740135835147;SB5051;0.333
706;SB5051_723;0.00833;0.1787148148720601;SB5051;0.00833
707;SB5051_757;1.0;0.455338698709886;SB5051;1.0
708;SB5051_788;0.333;0.5544258136376452;SB5051;0.333
709;SB5051_821;1.0;1.0010294867637533;SB5051;1.0
710;SB5051_841;0.0333;-0.4428551449721179;SB5051;0.0333
711;SB5051_852;0.00833;0.16477106785580176;SB5051;0.00833
712;SB5051_853;0.0333;0.7030128146127168;SB5051;0.0333
713;SB5051_871;0.1;0.5172983856203776;SB5051;0.1
714;SB5051_922;0.333;-0.33493155694310583;SB5051;0.333
715;SB5051_991;0.0333;0.5730817220905086;SB5051;0.0333
716;SN-38_163;0.333;0.4525929764841544;SN-38;0.333
717;SN-38_217;0.333;0.8947742042707568;SN-38;0.333
718;SN-38_233;1.0;1.0463135092736877;SN-38;1.0
719;SN-38_274;0.00833;-0.09398652234372987;SN-38;0.00833
720;SN-38_278;0.0333;-0.0947275882661943;SN-38;0.0333
721;SN-38_28;0.1;0.4917015270561898;SN-38;0.1
722;SN-38_301;0.0333;-0.4705032394667636;SN-38;0.0333
723;SN-38_312;0.1;0.5139489446201568;SN-38;0.1
724;SN-38_325;0.0333;0.6457193514283207;SN-38;0.0333
725;SN-38_343;0.0333;0.4162652548303233;SN-38;0.0333
726;SN-38_358;10.0;0.7246295963289596;SN-38;10.0
727;SN-38_401;0.333;0.8602013199086578;SN-38;0.333
728;SN-38_455;0.00833;0.3815496339095457;SN-38;0.00833
729;SN-38_468;0.1;0.36693723596651845;SN-38;0.1
730;SN-38_479;1.0;0.9640216781845888;SN-38;1.0
731;SN-38_49;10.0;1.1555047743015983;SN-38;10.0
732;SN-38_506;10.0;1.2568680624289594;SN-38;10.0
733;SN-38_556;1.0;1.0548915491783233;SN-38;1.0
734;SN-38_565;0.333;0.7703243660235572;SN-38;0.333
735;SN-38_569;0.00833;0.02070729748713544;SN-38;0.00833
736;SN-38_76;1.0;0.8165082223915694;SN-38;1.0
737;SN-38_8;0.1;0.22216765864037977;SN-38;0.1
738;SN-38_89;10.0;1.3613835323231118;SN-38;10.0
739;Sapiti_10;0.1;0.42130667303661246;Sapiti;0.1
740;Sapiti_101;1.0;0.6679888945782165;Sapiti;1.0
741;Sapiti_141;0.0333;0.018934471944481515;Sapiti;0.0333
742;Sapiti_176;0.1;0.6260768769666586;Sapiti;0.1
743;Sapiti_200;10.0;1.8700617131928352;Sapiti;10.0
744;Sapiti_251;0.0333;0.472130066573887;Sapiti;0.0333
745;Sapiti_261;10.0;1.7276015511922056;Sapiti;10.0
746;Sapiti_285;0.00833;0.19043210267555766;Sapiti;0.00833
747;Sapiti_300;1.0;0.641708746950158;Sapiti;1.0
748;Sapiti_314;0.00833;0.4130258414495521;Sapiti;0.00833
749;Sapiti_337;0.1;0.3686746060870531;Sapiti;0.1
750;Sapiti_340;0.0333;0.3898298143284197;Sapiti;0.0333
751;Sapiti_385;0.0333;-0.4310271295972925;Sapiti;0.0333
752;Sapiti_388;1.0;1.0567553059050274;Sapiti;1.0
753;Sapiti_436;0.00833;-0.06953692997041776;Sapiti;0.00833
754;Sapiti_458;0.333;0.7850882232496625;Sapiti;0.333
755;Sapiti_48;0.333;0.7647898169020266;Sapiti;0.333
756;Sapiti_494;1.0;0.9236092661703896;Sapiti;1.0
757;Sapiti_505;10.0;2.179843323438082;Sapiti;10.0
758;Sapiti_560;0.1;0.6244606821818616;Sapiti;0.1
759;Sapiti_572;10.0;2.3361654784776023;Sapiti;10.0
760;Sapiti_592;0.333;0.8414906283084852;Sapiti;0.333
761;Sapiti_74;0.333;0.6275789669557637;Sapiti;0.333
762;Sapiti_85;0.00833;0.38811598928998625;Sapiti;0.00833
763;Taseli_1020;0.00833;-0.5143681596322964;Taseli;0.00833
764;Taseli_1022;0.0333;0.24052785776068086;Taseli;0.0333
765;Taseli_1099;0.1;0.49332326071892857;Taseli;0.1
766;Taseli_1111;0.333;-0.003904754631635916;Taseli;0.333
767;Taseli_1123;0.1;0.4127815698106073;Taseli;0.1
768;Taseli_1129;0.333;0.608006741129042;Taseli;0.333
769;Taseli_1139;10.0;2.551906291969533;Taseli;10.0
770;Taseli_1144;0.00833;0.3617662707328523;Taseli;0.00833
771;Taseli_630;10.0;2.699844502183514;Taseli;10.0
772;Taseli_631;0.333;0.7694119501579256;Taseli;0.333
773;Taseli_645;0.00833;-0.28077446490720326;Taseli;0.00833
774;Taseli_655;0.333;0.872046343058042;Taseli;0.333
775;Taseli_707;0.0333;-0.4595785678270985;Taseli;0.0333
776;Taseli_746;0.0333;-0.1378019346338661;Taseli;0.0333
777;Taseli_780;0.1;-0.23588195229592784;Taseli;0.1
778;Taseli_789;1.0;0.8431514074326862;Taseli;1.0
779;Taseli_798;0.00833;-0.0626376234395876;Taseli;0.00833
780;Taseli_814;0.1;0.4003232758677504;Taseli;0.1
781;Taseli_862;10.0;2.572524011181729;Taseli;10.0
782;Taseli_915;1.0;1.1455151324336599;Taseli;1.0
783;Taseli_943;1.0;1.1186823940796937;Taseli;1.0
784;Taseli_977;10.0;2.6177928309563567;Taseli;10.0
785;Taseli_980;1.0;1.1932396777999312;Taseli;1.0
786;Taseli_989;0.0333;0.5216463443591569;Taseli;0.0333
787;Temozo_117;0.0333;0.026773193728558246;Temozo;0.0333
788;Temozo_149;0.333;0.6456565618156945;Temozo;0.333
789;Temozo_153;0.1;-0.3662199163440319;Temozo;0.1
790;Temozo_184;1.0;0.48982879107250377;Temozo;1.0
791;Temozo_241;10.0;-0.3975845812074597;Temozo;10.0
792;Temozo_253;0.333;-0.6572925154359616;Temozo;0.333
793;Temozo_268;0.00833;-0.44592021358558676;Temozo;0.00833
794;Temozo_295;0.1;0.13989695197946708;Temozo;0.1
795;Temozo_316;0.00833;0.3434135045204292;Temozo;0.00833
796;Temozo_355;0.1;0.24265784456578932;Temozo;0.1
797;Temozo_396;0.333;0.38542209629822954;Temozo;0.333
798;Temozo_408;10.0;-0.23310472796050694;Temozo;10.0
799;Temozo_438;10.0;-0.016637018832143337;Temozo;10.0
800;Temozo_446;1.0;0.14057735542314354;Temozo;1.0
801;Temozo_474;0.333;0.5322667488023601;Temozo;0.333
802;Temozo_488;0.0333;0.5119044058881032;Temozo;0.0333
803;Temozo_498;1.0;0.32776774541578163;Temozo;1.0
804;Temozo_5;1.0;0.22712352462463775;Temozo;1.0
805;Temozo_515;0.0333;0.5413166478284027;Temozo;0.0333
806;Temozo_590;0.1;-0.38812588369435297;Temozo;0.1
807;Temozo_607;0.00833;0.35710602637758826;Temozo;0.00833
808;Temozo_64;0.00833;-0.45693908873654177;Temozo;0.00833
809;Temozo_79;0.0333;0.32207910352344743;Temozo;0.0333
810;Temozo_99;10.0;0.21479149088788624;Temozo;10.0
811;Tramet_102;1.0;1.1038730253808096;Tramet;1.0
812;Tramet_132;10.0;0.8234040198963177;Tramet;10.0
813;Tramet_140;0.333;0.8975351465213938;Tramet;0.333
814;Tramet_166;0.00833;0.3728280355039262;Tramet;0.00833
815;Tramet_172;1.0;1.074915570944708;Tramet;1.0
816;Tramet_186;0.0333;0.5753330955581412;Tramet;0.0333
817;Tramet_187;0.333;0.6659236401747796;Tramet;0.333
818;Tramet_222;0.1;0.4012620378658251;Tramet;0.1
819;Tramet_249;0.0333;0.4697802904368168;Tramet;0.0333
820;Tramet_309;0.1;0.4911033740571534;Tramet;0.1
821;Tramet_341;1.0;1.0368970928647019;Tramet;1.0
822;Tramet_378;10.0;1.4300845591026479;Tramet;10.0
823;Tramet_391;0.00833;-0.5189326781073527;Tramet;0.00833
824;Tramet_430;0.1;0.5908207286138861;Tramet;0.1
825;Tramet_434;0.333;0.7678811503740943;Tramet;0.333
826;Tramet_469;1.0;1.1286088539095345;Tramet;1.0
827;Tramet_51;10.0;1.3636519248411259;Tramet;10.0
828;Tramet_530;0.0333;0.4011044320309328;Tramet;0.0333
829;Tramet_545;0.333;0.8647573681652194;Tramet;0.333
830;Tramet_584;0.0333;0.44820075137989457;Tramet;0.0333
831;Tramet_594;0.00833;-0.16080617480597933;Tramet;0.00833
832;Tramet_597;10.0;1.5249586658213448;Tramet;10.0
833;Tramet_84;0.1;0.4895798804149713;Tramet;0.1
834;Tramet_87;0.00833;0.20820034797065162;Tramet;0.00833
835;Velipa_1008;0.00833;0.1517200594677921;Velipa;0.00833
836;Velipa_1046;0.0333;0.5989453925353009;Velipa;0.0333
837;Velipa_1057;0.1;0.19376741386566776;Velipa;0.1
838;Velipa_1091;1.0;0.8872240414913296;Velipa;1.0
839;Velipa_1103;0.333;0.6368388141021185;Velipa;0.333
840;Velipa_1132;10.0;0.43729499078123046;Velipa;10.0
841;Velipa_1158;0.0333;0.10892854816918153;Velipa;0.0333
842;Velipa_1215;0.1;0.4492003996114293;Velipa;0.1
843;Velipa_1226;10.0;0.9798851249913533;Velipa;10.0
844;Velipa_617;0.1;-0.5644750366092949;Velipa;0.1
845;Velipa_641;0.1;0.357107538031229;Velipa;0.1
846;Velipa_663;1.0;-0.6904666984847221;Velipa;1.0
847;Velipa_670;0.00833;-0.2658501295291449;Velipa;0.00833
848;Velipa_681;10.0;-0.0857177251483117;Velipa;10.0
849;Velipa_738;0.333;0.6098514542296051;Velipa;0.333
850;Velipa_768;0.0333;0.38262014375867753;Velipa;0.0333
851;Velipa_796;10.0;0.24866290960265816;Velipa;10.0
852;Velipa_799;0.333;-0.6443005801548362;Velipa;0.333
853;Velipa_829;0.0333;0.38071127642142877;Velipa;0.0333
854;Velipa_886;0.00833;-0.5006039192472669;Velipa;0.00833
855;Velipa_913;1.0;0.4690949200775551;Velipa;1.0
856;Velipa_925;1.0;-0.06756765128109812;Velipa;1.0
857;Velipa_944;0.00833;-0.1503686654672171;Velipa;0.00833
858;Velipa_976;0.333;0.43509116616604154;Velipa;0.333
859;Vinore_1050;0.333;0.8059056595537978;Vinore;0.333
860;Vinore_1051;1.0;1.144073152151457;Vinore;1.0
861;Vinore_1061;10.0;2.779912551522223;Vinore;10.0
862;Vinore_1089;0.1;0.44019129899340287;Vinore;0.1
863;Vinore_1092;0.0333;0.5644108686651607;Vinore;0.0333
864;Vinore_1098;0.0333;0.44420634579041623;Vinore;0.0333
865;Vinore_1117;0.00833;0.13139307958441127;Vinore;0.00833
866;Vinore_1166;1.0;1.1950962860441479;Vinore;1.0
867;Vinore_1219;0.333;0.7786331169790279;Vinore;0.333
868;Vinore_682;0.1;0.45696986979998194;Vinore;0.1
869;Vinore_691;10.0;2.6358190248662345;Vinore;10.0
870;Vinore_709;0.0333;0.3327949843431254;Vinore;0.0333
871;Vinore_711;1.0;1.1584965574278903;Vinore;1.0
872;Vinore_721;0.333;0.8107653838804973;Vinore;0.333
873;Vinore_761;0.00833;0.3114414992606297;Vinore;0.00833
874;Vinore_773;10.0;2.8575945459051217;Vinore;10.0
875;Vinore_790;0.1;0.4667824813197662;Vinore;0.1
876;Vinore_808;0.00833;0.2727107758009678;Vinore;0.00833
877;Vinore_822;0.0333;0.5726817374067715;Vinore;0.0333
878;Vinore_869;0.333;0.8901162110111202;Vinore;0.333
879;Vinore_876;1.0;1.1268591659294662;Vinore;1.0
880;Vinore_924;0.00833;0.21982156036438036;Vinore;0.00833
881;Vinore_956;10.0;2.661744540595951;Vinore;10.0
882;Vinore_961;0.1;0.40883207654628667;Vinore;0.1
883;[berb]_1003;2.5;0.6859528321620868;[berb];2.5
884;[berb]_1155;2.5;-0.33078876500459853;[berb];2.5
885;[berb]_1163;2.5;1.0540362770409817;[berb];2.5
886;[berb]_164;2.5;0.6833168589671218;[berb];2.5
887;[berb]_199;2.5;1.1057193248788844;[berb];2.5
888;[berb]_332;2.5;0.29906950834184626;[berb];2.5
889;[berb]_426;2.5;0.7964599987385049;[berb];2.5
890;[berb]_53;2.5;-0.30147994204148587;[berb];2.5
891;[berb]_558;2.5;0.26934978934099163;[berb];2.5
892;[berb]_577;2.5;1.1444325111292777;[berb];2.5
893;[berb]_627;2.5;-0.7055170319522073;[berb];2.5
894;[berb]_745;2.5;0.6175041595991957;[berb];2.5
895;[berb]_78;2.5;1.1027200176273506;[berb];2.5
896;[berb]_870;2.5;0.7503416914103036;[berb];2.5
897;[berb]_898;2.5;1.2150427732125137;[berb];2.5
898;[berb]_963;2.5;0.8619742760525885;[berb];2.5
899;[dmso]_1015;0.1;0.27100287941524;[dmso];0.1
900;[dmso]_1021;0.1;-0.3570139010679402;[dmso];0.1
901;[dmso]_1031;0.1;0.4755258807619637;[dmso];0.1
902;[dmso]_104;0.1;-0.09354041808192352;[dmso];0.1
903;[dmso]_1048;0.1;0.567939883456337;[dmso];0.1
904;[dmso]_1058;0.1;0.24097023095970713;[dmso];0.1
905;[dmso]_1072;0.1;0.5372873235760982;[dmso];0.1
906;[dmso]_1084;0.1;0.4362962747360195;[dmso];0.1
907;[dmso]_109;0.1;0.4515664631460259;[dmso];0.1
908;[dmso]_1100;0.1;0.43785405745541306;[dmso];0.1
909;[dmso]_1118;0.1;0.5162522899050924;[dmso];0.1
910;[dmso]_1131;0.1;0.043810741143915234;[dmso];0.1
911;[dmso]_1148;0.1;-0.5791648894917493;[dmso];0.1
912;[dmso]_115;0.1;-0.37588726621317836;[dmso];0.1
913;[dmso]_1157;0.1;0.46378866520422596;[dmso];0.1
914;[dmso]_1174;0.1;0.2495049465186448;[dmso];0.1
915;[dmso]_1176;0.1;0.6078235325217548;[dmso];0.1
916;[dmso]_1183;0.1;0.49969154388428155;[dmso];0.1
917;[dmso]_1190;0.1;0.5503907141263299;[dmso];0.1
918;[dmso]_1208;0.1;0.6339154131415603;[dmso];0.1
919;[dmso]_1222;0.1;0.5214216143202459;[dmso];0.1
920;[dmso]_134;0.1;-0.12594800968740624;[dmso];0.1
921;[dmso]_145;0.1;-0.48684470421497633;[dmso];0.1
922;[dmso]_151;0.1;-0.14110651103640218;[dmso];0.1
923;[dmso]_161;0.1;0.7406066660168065;[dmso];0.1
924;[dmso]_181;0.1;0.43057993254955995;[dmso];0.1
925;[dmso]_189;0.1;-0.47117930101176647;[dmso];0.1
926;[dmso]_2;0.1;-0.5783279720065311;[dmso];0.1
927;[dmso]_20;0.1;-0.5405717871454644;[dmso];0.1
928;[dmso]_215;0.1;-0.004539800836137171;[dmso];0.1
929;[dmso]_224;0.1;-0.38455292165921123;[dmso];0.1
930;[dmso]_256;0.1;0.03043014155915299;[dmso];0.1
931;[dmso]_26;0.1;0.1959421128231999;[dmso];0.1
932;[dmso]_260;0.1;-0.3773570470117289;[dmso];0.1
933;[dmso]_263;0.1;-0.5885019120304675;[dmso];0.1
934;[dmso]_280;0.1;-0.33842495431145625;[dmso];0.1
935;[dmso]_292;0.1;-0.5031662064473746;[dmso];0.1
936;[dmso]_297;0.1;0.496640028549695;[dmso];0.1
937;[dmso]_317;0.1;0.4487716691163576;[dmso];0.1
938;[dmso]_32;0.1;0.31769707375851713;[dmso];0.1
939;[dmso]_344;0.1;0.46118386834906366;[dmso];0.1
940;[dmso]_346;0.1;0.20686434002911155;[dmso];0.1
941;[dmso]_363;0.1;0.059618494257733;[dmso];0.1
942;[dmso]_373;0.1;0.5524644784230325;[dmso];0.1
943;[dmso]_381;0.1;0.5162333412094792;[dmso];0.1
944;[dmso]_397;0.1;-0.12710045588259428;[dmso];0.1
945;[dmso]_406;0.1;0.5432683063326359;[dmso];0.1
946;[dmso]_421;0.1;0.47086405249194785;[dmso];0.1
947;[dmso]_424;0.1;-0.2838681036835566;[dmso];0.1
948;[dmso]_437;0.1;0.2166413450973708;[dmso];0.1
949;[dmso]_451;0.1;0.47088522731191584;[dmso];0.1
950;[dmso]_461;0.1;-0.2147348193047803;[dmso];0.1
951;[dmso]_463;0.1;0.3858319505365828;[dmso];0.1
952;[dmso]_486;0.1;0.20326619215844968;[dmso];0.1
953;[dmso]_497;0.1;0.08660819194468566;[dmso];0.1
954;[dmso]_517;0.1;0.2962408755991188;[dmso];0.1
955;[dmso]_522;0.1;0.5640830689614853;[dmso];0.1
956;[dmso]_527;0.1;0.5314640277007222;[dmso];0.1
957;[dmso]_553;0.1;0.6495798059449216;[dmso];0.1
958;[dmso]_56;0.1;-0.20294564632672824;[dmso];0.1
959;[dmso]_582;0.1;0.47153685809752277;[dmso];0.1
960;[dmso]_587;0.1;0.407801819905719;[dmso];0.1
961;[dmso]_589;0.1;0.6460051668875244;[dmso];0.1
962;[dmso]_600;0.1;0.3792402231063735;[dmso];0.1
963;[dmso]_629;0.1;-0.5831760651915757;[dmso];0.1
964;[dmso]_639;0.1;0.5486046986965988;[dmso];0.1
965;[dmso]_654;0.1;0.4144027255476291;[dmso];0.1
966;[dmso]_656;0.1;0.41419062486368713;[dmso];0.1
967;[dmso]_665;0.1;-0.5627512464314349;[dmso];0.1
968;[dmso]_680;0.1;0.5668706922469483;[dmso];0.1
969;[dmso]_70;0.1;0.43888778700465825;[dmso];0.1
970;[dmso]_708;0.1;-0.5967930389893324;[dmso];0.1
971;[dmso]_719;0.1;0.5625634949089702;[dmso];0.1
972;[dmso]_728;0.1;0.4686445529267357;[dmso];0.1
973;[dmso]_736;0.1;0.46931054086217255;[dmso];0.1
974;[dmso]_756;0.1;-0.6080498620956921;[dmso];0.1
975;[dmso]_760;0.1;-0.20803471838792797;[dmso];0.1
976;[dmso]_784;0.1;0.6449846040304885;[dmso];0.1
977;[dmso]_787;0.1;-0.5422040915986164;[dmso];0.1
978;[dmso]_795;0.1;-0.18492337780594792;[dmso];0.1
979;[dmso]_813;0.1;-0.13189063394148606;[dmso];0.1
980;[dmso]_820;0.1;0.05469802417767567;[dmso];0.1
981;[dmso]_833;0.1;-0.03496923587404881;[dmso];0.1
982;[dmso]_845;0.1;-0.07870387108743834;[dmso];0.1
983;[dmso]_863;0.1;-0.6222451206530992;[dmso];0.1
984;[dmso]_865;0.1;0.13054228988473146;[dmso];0.1
985;[dmso]_880;0.1;-0.3619661151253909;[dmso];0.1
986;[dmso]_891;0.1;-0.6280210450656971;[dmso];0.1
987;[dmso]_918;0.1;0.5440367781560125;[dmso];0.1
988;[dmso]_923;0.1;0.49009725320236286;[dmso];0.1
989;[dmso]_939;0.1;0.5326463316909522;[dmso];0.1
990;[dmso]_957;0.1;-0.3395442516062988;[dmso];0.1
991;[dmso]_969;0.1;-0.49818887782927523;[dmso];0.1
992;[dmso]_975;0.1;0.0990456090784407;[dmso];0.1
993;[dmso]_98;0.1;0.2891875769328958;[dmso];0.1
994;[dmso]_995;0.1;-0.404047023682255;[dmso];0.1
995;[etop]_1079;2.5;1.351930023856869;[etop];2.5
996;[etop]_1136;2.5;1.2048545762422433;[etop];2.5
997;[etop]_207;2.5;1.0802447688617751;[etop];2.5
998;[etop]_218;2.5;1.097015179001075;[etop];2.5
999;[etop]_29;2.5;1.2649826251215044;[etop];2.5
1000;[etop]_308;2.5;1.3474797442780655;[etop];2.5
1001;[etop]_431;2.5;1.1000779670737735;[etop];2.5
1002;[etop]_502;2.5;1.200969214075351;[etop];2.5
1003;[etop]_540;2.5;1.111318253601926;[etop];2.5
1004;[etop]_644;2.5;1.0891231949400124;[etop];2.5
1005;[etop]_743;2.5;0.5007615921628921;[etop];2.5
1006;[etop]_802;2.5;1.2260570891117442;[etop];2.5
1007;[etop]_83;2.5;1.2004150764218515;[etop];2.5
1008;[etop]_856;2.5;1.282220966560222;[etop];2.5
1009;[etop]_936;2.5;1.0001052827174495;[etop];2.5
1010;[etop]_946;2.5;1.4018676376773602;[etop];2.5
1011;[fenb]_1038;2.5;1.258306453070277;[fenb];2.5
1012;[fenb]_1064;2.5;1.358272501017897;[fenb];2.5
1013;[fenb]_1107;2.5;1.2975674877353571;[fenb];2.5
1014;[fenb]_1213;2.5;1.2508878983316376;[fenb];2.5
1015;[fenb]_139;2.5;1.3978897771645293;[fenb];2.5
1016;[fenb]_228;2.5;1.3032868154255097;[fenb];2.5
1017;[fenb]_288;2.5;1.446402594601879;[fenb];2.5
1018;[fenb]_313;2.5;1.317395625501295;[fenb];2.5
1019;[fenb]_37;2.5;1.3951147307622784;[fenb];2.5
1020;[fenb]_454;2.5;1.3492248967077403;[fenb];2.5
1021;[fenb]_547;2.5;1.3544408688130936;[fenb];2.5
1022;[fenb]_608;2.5;1.2180461857864333;[fenb];2.5
1023;[fenb]_667;2.5;1.3323106346618327;[fenb];2.5
1024;[fenb]_685;2.5;1.3409988565190172;[fenb];2.5
1025;[fenb]_772;2.5;1.2134155318414086;[fenb];2.5
1026;[fenb]_895;2.5;1.4109463540511038;[fenb];2.5
1027;[flup]_1044;2.5;1.1543809964993903;[flup];2.5
1028;[flup]_1093;2.5;1.1467205414219312;[flup];2.5
1029;[flup]_1143;2.5;0.6918618087786312;[flup];2.5
1030;[flup]_128;2.5;0.7102541534676687;[flup];2.5
1031;[flup]_245;2.5;0.15301486234278444;[flup];2.5
1032;[flup]_276;2.5;0.5689363231989744;[flup];2.5
1033;[flup]_356;2.5;0.7223207068354228;[flup];2.5
1034;[flup]_392;2.5;0.9455156844288931;[flup];2.5
1035;[flup]_472;2.5;0.3482882440682554;[flup];2.5
1036;[flup]_595;2.5;0.9238364216288909;[flup];2.5
1037;[flup]_696;2.5;0.9297174296607249;[flup];2.5
1038;[flup]_725;2.5;0.6232951576786369;[flup];2.5
1039;[flup]_774;2.5;0.49366035707583455;[flup];2.5
1040;[flup]_827;2.5;0.8832675539992585;[flup];2.5
1041;[flup]_88;2.5;0.626669904780353;[flup];2.5
1042;[flup]_942;2.5;1.1061248900415808;[flup];2.5
1043;[tetr]_0;2.5;1.0421789171704108;[tetr];2.5
1044;[tetr]_1018;2.5;0.4094229414834398;[tetr];2.5
1045;[tetr]_1105;2.5;1.1378770284064081;[tetr];2.5
1046;[tetr]_1204;2.5;1.1569581834520613;[tetr];2.5
1047;[tetr]_191;2.5;0.7174015554788988;[tetr];2.5
1048;[tetr]_242;2.5;1.003293748555441;[tetr];2.5
1049;[tetr]_369;2.5;1.0483289191622989;[tetr];2.5
1050;[tetr]_393;2.5;0.8029289495390148;[tetr];2.5
1051;[tetr]_491;2.5;1.1603431702708302;[tetr];2.5
1052;[tetr]_532;2.5;0.6958154040153861;[tetr];2.5
1053;[tetr]_60;2.5;0.8879535169223085;[tetr];2.5
1054;[tetr]_616;2.5;0.728928194236647;[tetr];2.5
1055;[tetr]_713;2.5;0.4774559983935675;[tetr];2.5
1056;[tetr]_837;2.5;0.2963640159543678;[tetr];2.5
1057;[tetr]_910;2.5;0.21519586849323016;[tetr];2.5
1058;[tetr]_988;2.5;1.3495128205946612;[tetr];2.5
1059;alpeli_126;0.0333;0.425644037328816;alpeli;0.0333
1060;alpeli_158;10.0;0.8867239947957798;alpeli;10.0
1061;alpeli_183;1.0;0.2074259971856184;alpeli;1.0
1062;alpeli_212;0.00833;0.03672110081863252;alpeli;0.00833
1063;alpeli_234;0.333;0.538299563754325;alpeli;0.333
1064;alpeli_247;10.0;0.9672848186917169;alpeli;10.0
1065;alpeli_25;0.0333;-0.5908568738604115;alpeli;0.0333
1066;alpeli_284;0.333;0.45022182383365683;alpeli;0.333
1067;alpeli_36;0.1;-0.08776815167518791;alpeli;0.1
1068;alpeli_366;0.0333;-0.21747456273347773;alpeli;0.0333
1069;alpeli_372;0.0333;0.2793430136440734;alpeli;0.0333
1070;alpeli_398;1.0;0.6951632860454414;alpeli;1.0
1071;alpeli_429;0.00833;-0.14137931547288834;alpeli;0.00833
1072;alpeli_433;1.0;0.8242084826932895;alpeli;1.0
1073;alpeli_440;0.00833;-0.22061444784168138;alpeli;0.00833
1074;alpeli_477;0.1;0.4999434595540515;alpeli;0.1
1075;alpeli_511;10.0;0.645284779299681;alpeli;10.0
1076;alpeli_520;0.333;0.4082297514171587;alpeli;0.333
1077;alpeli_523;0.333;0.6644013642900274;alpeli;0.333
1078;alpeli_544;0.1;0.43679008375843215;alpeli;0.1
1079;alpeli_573;10.0;1.1417110003012598;alpeli;10.0
1080;alpeli_62;0.1;0.6294932458968788;alpeli;0.1
1081;alpeli_69;1.0;-0.04722191989951551;alpeli;1.0
1082;alpeli_80;0.00833;-0.2501631285418832;alpeli;0.00833
1083;binime_119;0.333;0.5486432041348225;binime;0.333
1084;binime_120;1.0;0.9618554430523306;binime;1.0
1085;binime_135;1.0;0.9295237422071141;binime;1.0
1086;binime_178;0.0333;-0.21120372958983222;binime;0.0333
1087;binime_180;0.1;0.5339308188932811;binime;0.1
1088;binime_204;0.00833;-0.08731357491144204;binime;0.00833
1089;binime_231;10.0;0.7852159717201801;binime;10.0
1090;binime_258;0.333;0.2736013377301402;binime;0.333
1091;binime_265;10.0;0.7894121092033651;binime;10.0
1092;binime_336;10.0;0.8627349994020258;binime;10.0
1093;binime_35;0.1;0.6327046786211695;binime;0.1
1094;binime_368;0.0333;0.5915408014969158;binime;0.0333
1095;binime_383;1.0;1.049447161716622;binime;1.0
1096;binime_389;0.00833;0.24399352685252765;binime;0.00833
1097;binime_407;1.0;1.0894508198441042;binime;1.0
1098;binime_444;10.0;0.8890184158506932;binime;10.0
1099;binime_459;0.1;0.48896596170030315;binime;0.1
1100;binime_484;0.00833;-0.12503631862424597;binime;0.00833
1101;binime_501;0.1;0.4854851153434224;binime;0.1
1102;binime_55;0.0333;0.3663191899933403;binime;0.0333
1103;binime_561;0.333;0.8179316489021695;binime;0.333
1104;binime_575;0.0333;0.42018745137104213;binime;0.0333
1105;binime_610;0.333;0.6533998541686417;binime;0.333
1106;binime_67;0.00833;-0.23409106899463403;binime;0.00833
1107;cobime_11;0.0333;0.3791682764993379;cobime;0.0333
1108;cobime_127;0.333;0.7934030917464169;cobime;0.333
1109;cobime_173;10.0;2.219401627300676;cobime;10.0
1110;cobime_209;0.00833;0.06968941721009453;cobime;0.00833
1111;cobime_223;0.00833;-0.4260984611789166;cobime;0.00833
1112;cobime_23;10.0;1.8332400494935084;cobime;10.0
1113;cobime_255;0.333;0.8756543579345284;cobime;0.333
1114;cobime_281;0.0333;0.5754301948891248;cobime;0.0333
1115;cobime_298;0.1;0.49554529308633144;cobime;0.1
1116;cobime_3;0.1;0.41270032876425566;cobime;0.1
1117;cobime_333;1.0;1.1466685704575068;cobime;1.0
1118;cobime_357;0.1;0.4961812226406997;cobime;0.1
1119;cobime_367;10.0;2.2346416563928146;cobime;10.0
1120;cobime_394;0.333;0.8691404551685967;cobime;0.333
1121;cobime_414;10.0;2.327429072766443;cobime;10.0
1122;cobime_432;1.0;1.0874439725434715;cobime;1.0
1123;cobime_518;0.0333;0.6003065549203676;cobime;0.0333
1124;cobime_535;0.333;0.7948076133095433;cobime;0.333
1125;cobime_543;0.1;0.5805117228692717;cobime;0.1
1126;cobime_548;0.00833;0.2612335747963931;cobime;0.00833
1127;cobime_570;0.0333;0.47210313186303915;cobime;0.0333
1128;cobime_596;0.00833;0.2917874660717924;cobime;0.00833
1129;cobime_68;1.0;0.9278126361879571;cobime;1.0
1130;cobime_86;1.0;1.1580885987120886;cobime;1.0
1131;regora_1;0.00833;-0.5144205443319863;regora;0.00833
1132;regora_15;10.0;1.16951158056906;regora;10.0
1133;regora_154;0.00833;-0.16257100427809476;regora;0.00833
1134;regora_171;0.333;0.5855859235315481;regora;0.333
1135;regora_216;1.0;0.8483314307880402;regora;1.0
1136;regora_266;0.1;-0.5441844518732332;regora;0.1
1137;regora_267;0.0333;-0.49630024739767076;regora;0.0333
1138;regora_293;0.0333;-0.34243559805070767;regora;0.0333
1139;regora_324;10.0;0.8648166649153378;regora;10.0
1140;regora_330;1.0;0.10328709386589378;regora;1.0
1141;regora_331;0.333;0.573753736522931;regora;0.333
1142;regora_34;1.0;0.3411992455637924;regora;1.0
1143;regora_350;10.0;1.1904300789661588;regora;10.0
1144;regora_364;0.1;0.45957443131714926;regora;0.1
1145;regora_43;0.333;0.7690346627134265;regora;0.333
1146;regora_457;0.1;0.6657652610820837;regora;0.1
1147;regora_473;0.0333;0.5306511444332107;regora;0.0333
1148;regora_508;0.00833;-0.319808318230962;regora;0.00833
1149;regora_531;0.00833;0.05310647376703975;regora;0.00833
1150;regora_563;0.0333;-0.33773295134086145;regora;0.0333
1151;regora_564;1.0;0.7658011357910957;regora;1.0
1152;regora_567;0.333;0.6630206881401217;regora;0.333
1153;regora_77;0.1;0.05120971938854736;regora;0.1
1154;regora_97;10.0;0.9475746037543845;regora;10.0
1155;tricir_1033;0.1;0.418818368220441;tricir;0.1
1156;tricir_1041;0.00833;-0.12424272971458936;tricir;0.00833
1157;tricir_1052;0.1;0.34298234798805444;tricir;0.1
1158;tricir_1060;10.0;0.6300221904714408;tricir;10.0
1159;tricir_1104;0.0333;0.1466304370297406;tricir;0.0333
1160;tricir_1116;1.0;0.7513668823914643;tricir;1.0
1161;tricir_1154;1.0;0.10686244669282567;tricir;1.0
1162;tricir_1179;0.333;0.7041454521386821;tricir;0.333
1163;tricir_1180;0.0333;0.4921976013467754;tricir;0.0333
1164;tricir_1199;0.00833;0.31278391533115435;tricir;0.00833
1165;tricir_638;10.0;0.9357676332035493;tricir;10.0
1166;tricir_653;1.0;0.8140173405393462;tricir;1.0
1167;tricir_679;0.00833;0.15616695680311582;tricir;0.00833
1168;tricir_697;0.0333;0.5717144324075412;tricir;0.0333
1169;tricir_747;1.0;0.541271101314228;tricir;1.0
1170;tricir_751;0.1;-0.05078028302070701;tricir;0.1
1171;tricir_842;0.1;-0.6040183037224909;tricir;0.1
1172;tricir_861;0.00833;-0.1846357109525066;tricir;0.00833
1173;tricir_867;10.0;0.5583685638441692;tricir;10.0
1174;tricir_875;0.333;0.23242562887868704;tricir;0.333
1175;tricir_909;0.0333;-0.5383505138416635;tricir;0.0333
1176;tricir_914;0.333;0.4250674063023287;tricir;0.333
1177;tricir_965;0.333;0.573937306955825;tricir;0.333
1178;tricir_990;10.0;0.9552839989687616;tricir;10.0
1179;triflu_129;1.0;0.6981940919114795;triflu;1.0
1180;triflu_188;10.0;-0.06708033709646352;triflu;10.0
1181;triflu_196;1.0;-0.5399874323622923;triflu;1.0
1182;triflu_213;0.00833;0.24201843209682494;triflu;0.00833
1183;triflu_225;10.0;-0.015374132036937566;triflu;10.0
1184;triflu_236;0.333;-0.5923348282368811;triflu;0.333
1185;triflu_272;0.0333;0.10952558350583476;triflu;0.0333
1186;triflu_323;10.0;-0.18611088241798004;triflu;10.0
1187;triflu_339;0.333;0.704240503832306;triflu;0.333
1188;triflu_353;1.0;0.08653563662315666;triflu;1.0
1189;triflu_409;1.0;0.47229902190786643;triflu;1.0
1190;triflu_435;10.0;-0.20738468886461928;triflu;10.0
1191;triflu_449;0.00833;0.40786319465393167;triflu;0.00833
1192;triflu_45;0.1;0.39052155902947383;triflu;0.1
1193;triflu_464;0.0333;-0.034496995023099136;triflu;0.0333
1194;triflu_499;0.00833;0.2670891488397523;triflu;0.00833
1195;triflu_509;0.1;0.5701033736936036;triflu;0.1
1196;triflu_524;0.333;0.7579551122013699;triflu;0.333
1197;triflu_598;0.0333;0.47698036585646814;triflu;0.0333
1198;triflu_599;0.1;0.47624507064337523;triflu;0.1
1199;triflu_61;0.0333;0.2390652599730073;triflu;0.0333
1200;triflu_73;0.1;0.3685678666658254;triflu;0.1
1201;triflu_9;0.333;0.12280710372015616;triflu;0.333
1202;triflu_92;0.00833;0.0018209330580334377;triflu;0.00833
1203;vemura_111;1.0;-0.3181183755118022;vemura;1.0
1204;vemura_125;10.0;-1.1138875338376641;vemura;10.0
1205;vemura_133;0.333;-0.03283737406146293;vemura;0.333
1206;vemura_169;0.00833;-0.545233696259356;vemura;0.00833
1207;vemura_185;0.333;0.6398659497366437;vemura;0.333
1208;vemura_201;0.0333;0.4083746233667167;vemura;0.0333
1209;vemura_219;1.0;0.4198919043908341;vemura;1.0
1210;vemura_259;0.0333;-0.3806819144231578;vemura;0.0333
1211;vemura_30;0.1;0.00345249910231459;vemura;0.1
1212;vemura_302;0.1;0.3488269684000368;vemura;0.1
1213;vemura_342;0.0333;0.22015387637303535;vemura;0.0333
1214;vemura_361;1.0;0.5234903456277058;vemura;1.0
1215;vemura_362;0.1;-0.21762361037995115;vemura;0.1
1216;vemura_371;0.0333;0.5796090053278214;vemura;0.0333
1217;vemura_411;0.333;0.16535993890234515;vemura;0.333
1218;vemura_416;0.00833;0.062207557917679415;vemura;0.00833
1219;vemura_42;0.00833;0.3715896493030062;vemura;0.00833
1220;vemura_462;0.1;0.475920917152398;vemura;0.1
1221;vemura_483;10.0;-1.131245478152296;vemura;10.0
1222;vemura_507;0.00833;-0.023280156815842;vemura;0.00833
1223;vemura_528;1.0;0.4779754866843058;vemura;1.0
1224;vemura_580;10.0;-0.29459325203906334;vemura;10.0
1225;vemura_605;0.333;0.4044715971955006;vemura;0.333
1226;vemura_91;10.0;-0.8538347431800783;vemura;10.0
