;Count_nuclei;ObjectNumber_nuclei;ObjectNumber_cells;compound;conc;cmpd_conc
0;116.0;89.0;40.0;[tetr];2.5;2.5
1;183.0;155.5;70.0;regora;0.00833;0.00833
2;193.0;172.5;74.5;[dmso];0.1;0.1
3;128.0;115.0;53.0;cobime;0.1;0.1
4;192.5;164.0;75.0;Encora;0.1;0.1
5;158.0;132.5;55.5;Temozo;1.0;1.0
6;174.5;132.25;55.25;PI-103;0.0333;0.0333
7;124.0;110.0;45.0;PD0325;1.0;1.0
8;143.0;123.0;49.75;SN-38;0.1;0.1
9;158.0;124.5;56.0;triflu;0.333;0.333
10;114.0;95.5;48.0;Sapiti;0.1;0.1
11;161.0;116.0;61.0;cobime;0.0333;0.0333
12;210.0;160.0;80.0;5Z-7-O;0.00833;0.00833
13;155.0;127.75;65.75;Encora;1.0;1.0
14;137.0;150.0;47.5;Paclit;0.00833;0.00833
15;132.0;88.0;47.25;regora;10.0;10.0
16;185.0;141.0;63.0;Olapar;0.00833;0.00833
17;110.0;97.0;48.5;Oxalip;1.0;1.0
18;107.0;92.5;42.0;PD0325;0.1;0.1
19;114.0;91.0;43.0;Palboc;0.333;0.333
20;159.0;123.0;66.0;[dmso];0.1;0.1
21;72.5;56.0;26.5;Afatin;0.333;0.333
22;75.0;111.25;27.5;Paclit;0.333;0.333
23;102.0;85.0;29.0;cobime;10.0;10.0
24;145.0;115.0;63.0;5Z-7-O;0.1;0.1
25;144.0;143.0;57.0;alpeli;0.0333;0.0333
26;156.0;128.5;58.0;[dmso];0.1;0.1
27;150.0;126.0;53.5;Crizot;0.0333;0.0333
28;94.0;104.5;48.0;SN-38;0.1;0.1
29;105.0;99.0;35.0;[etop];2.5;2.5
30;193.0;146.0;73.5;vemura;0.1;0.1
31;151.0;121.0;49.75;Gefiti;0.0333;0.0333
32;123.0;96.0;45.25;[dmso];0.1;0.1
33;108.0;93.5;52.0;Palboc;1.0;1.0
34;151.0;136.5;62.0;regora;1.0;1.0
35;133.0;115.0;45.0;binime;0.1;0.1
36;171.0;129.5;63.0;alpeli;0.1;0.1
37;66.0;92.5;30.5;[fenb];2.5;2.5
38;185.0;143.5;72.5;5-Fluo;0.00833;0.00833
39;139.0;122.0;48.0;PD0325;0.00833;0.00833
40;156.5;135.0;61.0;Olapar;1.0;1.0
41;187.5;159.5;63.75;PI-103;0.00833;0.00833
42;140.0;105.5;48.5;vemura;0.00833;0.00833
43;139.0;93.0;49.5;regora;0.333;0.333
44;57.0;65.0;19.0;Paclit;1.0;1.0
45;148.0;110.5;48.0;triflu;0.1;0.1
46;153.0;144.0;59.0;5Z-7-O;0.333;0.333
47;84.0;92.25;30.0;Paclit;0.0333;0.0333
48;107.0;82.5;37.0;Sapiti;0.333;0.333
49;61.0;59.5;30.0;SN-38;10.0;10.0
50;175.0;157.5;68.0;Encora;0.00833;0.00833
51;82.0;70.0;30.5;Tramet;10.0;10.0
52;206.0;147.5;67.5;Olapar;0.333;0.333
53;154.0;123.5;57.0;[berb];2.5;2.5
54;137.0;110.0;54.0;Gefiti;0.1;0.1
55;170.0;124.5;68.0;binime;0.0333;0.0333
56;187.0;162.5;73.0;[dmso];0.1;0.1
57;84.0;63.25;30.75;Palboc;1.0;1.0
58;74.0;69.5;26.5;Gefiti;10.0;10.0
59;138.0;93.0;53.0;5-Fluo;0.00833;0.00833
60;132.0;117.0;53.0;[tetr];2.5;2.5
61;173.0;134.25;66.5;triflu;0.0333;0.0333
62;137.0;101.0;48.0;alpeli;0.1;0.1
63;155.0;117.5;49.0;Afatin;0.1;0.1
64;162.0;138.25;63.5;Temozo;0.00833;0.00833
65;130.0;112.5;45.0;Afatin;0.1;0.1
66;179.0;158.5;69.0;Crizot;0.333;0.333
67;196.5;151.0;63.5;binime;0.00833;0.00833
68;81.0;62.5;33.5;cobime;1.0;1.0
69;130.0;114.0;49.0;alpeli;1.0;1.0
70;142.0;118.5;55.0;[dmso];0.1;0.1
71;190.0;171.0;72.0;Gefiti;0.0333;0.0333
72;109.5;93.0;37.5;Palboc;0.333;0.333
73;140.0;113.25;45.5;triflu;0.1;0.1
74;151.0;124.0;52.5;Sapiti;0.333;0.333
75;140.0;126.5;72.0;Oxalip;0.1;0.1
76;78.0;82.5;27.5;SN-38;1.0;1.0
77;173.0;154.0;68.0;regora;0.1;0.1
78;130.0;105.5;47.0;[berb];2.5;2.5
79;157.0;119.0;58.0;Temozo;0.0333;0.0333
80;161.0;141.0;63.5;alpeli;0.00833;0.00833
81;192.0;138.5;71.0;5Z-7-O;0.00833;0.00833
82;74.5;58.5;27.0;PI-103;10.0;10.0
83;80.0;71.0;30.0;[etop];2.5;2.5
84;153.0;125.5;61.0;Tramet;0.1;0.1
85;143.0;106.0;60.0;Sapiti;0.00833;0.00833
86;80.0;65.5;28.5;cobime;1.0;1.0
87;164.0;120.0;55.0;Tramet;0.00833;0.00833
88;167.0;132.0;63.0;[flup];2.5;2.5
89;58.0;52.0;22.0;SN-38;10.0;10.0
90;176.0;152.0;69.0;Crizot;1.0;1.0
91;175.5;147.5;62.0;vemura;10.0;10.0
92;161.0;159.5;72.5;triflu;0.00833;0.00833
93;200.0;155.0;78.0;Afatin;0.00833;0.00833
94;151.0;113.5;61.5;5-Fluo;0.1;0.1
95;86.0;74.0;34.0;5-Fluo;10.0;10.0
96;166.0;138.0;63.0;Encora;0.00833;0.00833
97;126.0;104.5;45.5;regora;10.0;10.0
98;219.0;168.0;75.0;[dmso];0.1;0.1
99;181.5;139.0;66.5;Temozo;10.0;10.0
100;72.0;58.0;30.0;Oxalip;10.0;10.0
101;113.0;96.0;33.5;Sapiti;1.0;1.0
102;102.0;81.0;36.0;Tramet;1.0;1.0
103;59.5;51.75;20.75;Palboc;10.0;10.0
104;178.0;155.25;71.0;[dmso];0.1;0.1
105;66.0;101.0;27.0;Paclit;0.333;0.333
106;142.0;122.0;50.0;Olapar;0.0333;0.0333
107;153.0;124.0;61.0;Crizot;0.1;0.1
108;108.0;96.5;38.0;Olapar;10.0;10.0
109;170.0;146.0;63.0;[dmso];0.1;0.1
110;69.5;104.0;26.0;Paclit;10.0;10.0
111;199.0;167.5;73.0;vemura;1.0;1.0
112;126.0;101.5;45.0;Palboc;0.1;0.1
113;156.0;126.5;64.0;PD0325;0.00833;0.00833
114;133.0;104.5;40.5;5Z-7-O;1.0;1.0
115;178.5;132.5;57.0;[dmso];0.1;0.1
116;106.0;98.0;41.0;Oxalip;0.333;0.333
117;146.5;127.0;55.0;Temozo;0.0333;0.0333
118;94.0;74.0;38.0;PI-103;10.0;10.0
119;122.0;91.5;40.5;binime;0.333;0.333
120;88.5;84.0;29.0;binime;1.0;1.0
121;154.0;112.5;57.0;PD0325;0.0333;0.0333
122;131.0;109.0;41.5;Gefiti;0.333;0.333
123;68.0;58.0;26.0;Oxalip;10.0;10.0
124;198.0;149.0;67.5;Encora;0.333;0.333
125;197.0;150.5;80.5;vemura;10.0;10.0
126;158.0;108.5;59.0;alpeli;0.0333;0.0333
127;125.0;82.5;37.0;cobime;0.333;0.333
128;172.0;153.0;56.0;[flup];2.5;2.5
129;106.0;113.5;52.0;triflu;1.0;1.0
130;139.0;101.5;54.0;PI-103;0.1;0.1
131;99.0;83.0;36.0;PD0325;10.0;10.0
132;88.0;72.0;36.0;Tramet;10.0;10.0
133;141.0;115.0;64.0;vemura;0.333;0.333
134;166.0;128.0;71.0;[dmso];0.1;0.1
135;98.5;77.0;33.5;binime;1.0;1.0
136;162.5;159.5;61.0;5-Fluo;0.333;0.333
137;173.0;142.5;59.0;Olapar;0.1;0.1
138;139.0;113.5;49.0;PI-103;1.0;1.0
139;64.0;65.0;22.0;[fenb];2.5;2.5
140;101.0;99.5;41.5;Tramet;0.333;0.333
141;152.0;130.0;54.0;Sapiti;0.0333;0.0333
142;35.0;26.0;13.0;Afatin;10.0;10.0
143;179.0;129.0;68.0;Encora;0.0333;0.0333
144;112.5;94.0;40.75;Afatin;1.0;1.0
145;168.0;142.0;69.0;[dmso];0.1;0.1
146;60.0;52.0;24.5;5Z-7-O;10.0;10.0
147;173.0;131.5;72.0;5-Fluo;0.1;0.1
148;196.0;156.5;76.0;Gefiti;0.00833;0.00833
149;135.0;107.0;49.5;Temozo;0.333;0.333
150;85.0;73.0;27.0;Oxalip;1.0;1.0
151;184.0;156.0;65.0;[dmso];0.1;0.1
152;163.0;133.0;63.0;5Z-7-O;0.0333;0.0333
153;129.0;120.0;49.0;Temozo;0.1;0.1
154;185.0;145.5;70.0;regora;0.00833;0.00833
155;223.0;179.5;77.0;Olapar;0.00833;0.00833
156;83.0;75.25;32.5;PD0325;10.0;10.0
157;113.0;118.0;50.5;Olapar;10.0;10.0
158;90.0;78.0;42.0;alpeli;10.0;10.0
159;93.0;135.0;35.0;Paclit;0.1;0.1
160;169.0;120.0;53.0;Afatin;0.00833;0.00833
161;138.5;118.25;60.5;[dmso];0.1;0.1
162;191.0;154.5;71.0;Encora;1.0;1.0
163;106.0;106.0;46.0;SN-38;0.333;0.333
164;145.0;111.5;52.0;[berb];2.5;2.5
165;140.0;152.75;53.0;5-Fluo;1.0;1.0
166;175.5;143.25;62.25;Tramet;0.00833;0.00833
167;66.0;91.5;21.0;Paclit;1.0;1.0
168;110.0;90.5;46.0;Oxalip;0.1;0.1
169;192.0;176.0;87.0;vemura;0.00833;0.00833
170;172.0;131.0;66.0;Encora;0.0333;0.0333
171;163.0;126.5;61.0;regora;0.333;0.333
172;82.5;60.0;25.0;Tramet;1.0;1.0
173;81.0;68.0;30.0;cobime;10.0;10.0
174;41.0;34.5;15.0;5Z-7-O;10.0;10.0
175;132.0;109.5;59.0;PD0325;0.1;0.1
176;129.0;113.0;49.0;Sapiti;0.1;0.1
177;167.0;115.0;55.0;Crizot;0.0333;0.0333
178;155.0;148.0;65.5;binime;0.0333;0.0333
179;119.0;92.5;46.0;Gefiti;1.0;1.0
180;111.0;100.0;39.5;binime;0.1;0.1
181;161.5;131.75;58.25;[dmso];0.1;0.1
182;159.5;122.25;62.75;Palboc;0.1;0.1
183;158.0;121.0;55.0;alpeli;1.0;1.0
184;161.0;135.5;59.0;Temozo;1.0;1.0
185;116.0;94.0;43.5;vemura;0.333;0.333
186;133.5;105.0;51.5;Tramet;0.0333;0.0333
187;129.0;99.5;49.5;Tramet;0.333;0.333
188;100.0;99.5;42.5;triflu;10.0;10.0
189;135.0;111.5;56.0;[dmso];0.1;0.1
190;29.0;22.5;12.0;Afatin;10.0;10.0
191;121.0;102.5;57.0;[tetr];2.5;2.5
192;153.0;111.5;58.25;PI-103;0.333;0.333
193;59.0;78.25;23.0;Paclit;10.0;10.0
194;172.0;148.0;63.0;PI-103;0.00833;0.00833
195;73.0;50.5;25.5;Encora;10.0;10.0
196;136.0;120.5;51.0;triflu;1.0;1.0
197;158.0;124.5;53.75;Palboc;0.00833;0.00833
198;115.0;109.0;43.75;PI-103;1.0;1.0
199;100.5;83.0;48.75;[berb];2.5;2.5
200;84.0;86.0;28.0;Sapiti;10.0;10.0
201;196.5;149.25;67.25;vemura;0.0333;0.0333
202;164.0;136.5;64.0;Crizot;0.1;0.1
203;159.0;147.5;68.0;5Z-7-O;1.0;1.0
204;165.0;135.0;66.0;binime;0.00833;0.00833
205;170.0;134.0;63.0;Oxalip;0.00833;0.00833
206;110.0;123.5;36.5;Paclit;0.00833;0.00833
207;83.0;82.0;37.5;[etop];2.5;2.5
208;171.0;127.25;61.0;Crizot;1.0;1.0
209;184.5;132.5;67.75;cobime;0.00833;0.00833
210;202.5;169.5;82.5;Palboc;0.0333;0.0333
211;226.0;175.0;84.5;Olapar;0.333;0.333
212;192.0;155.0;76.0;alpeli;0.00833;0.00833
213;189.0;143.0;70.0;triflu;0.00833;0.00833
214;136.0;117.75;46.0;5-Fluo;0.0333;0.0333
215;205.0;165.5;84.0;[dmso];0.1;0.1
216;161.0;141.0;62.0;regora;1.0;1.0
217;77.0;73.0;28.0;SN-38;0.333;0.333
218;87.0;89.0;40.0;[etop];2.5;2.5
219;181.0;154.5;68.0;vemura;1.0;1.0
220;121.0;115.0;48.0;5-Fluo;1.0;1.0
221;152.0;104.5;51.5;Encora;0.1;0.1
222;136.0;116.5;46.0;Tramet;0.1;0.1
223;190.0;148.0;71.0;cobime;0.00833;0.00833
224;180.0;144.0;68.5;[dmso];0.1;0.1
225;111.0;81.75;46.0;triflu;10.0;10.0
226;208.0;177.0;71.0;Crizot;0.00833;0.00833
227;155.0;146.0;73.0;Oxalip;0.0333;0.0333
228;81.0;85.0;29.0;[fenb];2.5;2.5
229;161.0;129.5;62.0;Gefiti;0.1;0.1
230;77.0;95.0;32.5;Paclit;0.1;0.1
231;113.0;93.5;49.0;binime;10.0;10.0
232;147.0;128.0;65.0;Gefiti;1.0;1.0
233;89.0;76.5;37.0;SN-38;1.0;1.0
234;167.0;141.0;63.5;alpeli;0.333;0.333
235;179.0;153.5;58.0;5-Fluo;0.0333;0.0333
236;152.0;128.5;65.0;triflu;0.333;0.333
237;155.0;136.5;64.5;5Z-7-O;0.333;0.333
238;111.0;91.5;47.0;Afatin;1.0;1.0
239;99.0;87.0;36.0;PD0325;0.333;0.333
240;176.0;152.0;64.5;5-Fluo;0.333;0.333
241;206.0;187.75;81.25;Temozo;10.0;10.0
242;155.0;135.5;63.0;[tetr];2.5;2.5
243;168.0;133.5;61.0;Gefiti;0.333;0.333
244;130.0;117.5;51.0;Afatin;0.0333;0.0333
245;182.0;155.0;79.5;[flup];2.5;2.5
246;127.0;107.0;48.5;5-Fluo;10.0;10.0
247;104.5;98.0;39.5;alpeli;10.0;10.0
248;92.0;70.5;35.5;Palboc;10.0;10.0
249;178.0;155.0;71.0;Tramet;0.0333;0.0333
250;172.0;132.5;63.5;Crizot;0.333;0.333
251;143.5;109.75;55.5;Sapiti;0.0333;0.0333
252;189.0;148.0;72.5;Olapar;1.0;1.0
253;203.0;153.5;74.0;Temozo;0.333;0.333
254;168.0;147.5;67.5;PI-103;0.1;0.1
255;113.0;89.0;44.0;cobime;0.333;0.333
256;179.0;140.5;67.0;[dmso];0.1;0.1
257;151.0;135.0;55.5;5Z-7-O;0.0333;0.0333
258;127.0;124.0;46.0;binime;0.333;0.333
259;166.0;139.75;68.75;vemura;0.0333;0.0333
260;225.0;179.0;79.5;[dmso];0.1;0.1
261;70.0;59.0;24.0;Sapiti;10.0;10.0
262;106.0;89.5;42.0;Oxalip;0.333;0.333
263;182.0;149.5;71.0;[dmso];0.1;0.1
264;226.0;194.5;88.0;Gefiti;0.00833;0.00833
265;99.0;97.5;35.0;binime;10.0;10.0
266;169.0;154.5;50.0;regora;0.1;0.1
267;211.0;173.5;78.0;regora;0.0333;0.0333
268;166.0;126.0;59.5;Temozo;0.00833;0.00833
269;173.0;134.0;63.0;Encora;0.333;0.333
270;108.0;94.5;48.0;Afatin;0.0333;0.0333
271;208.0;147.5;72.5;Palboc;0.00833;0.00833
272;184.5;157.5;65.75;triflu;0.0333;0.0333
273;199.0;152.5;70.0;PI-103;0.0333;0.0333
274;187.0;139.0;68.0;SN-38;0.00833;0.00833
275;176.0;148.5;66.0;5Z-7-O;0.1;0.1
276;177.5;145.25;58.0;[flup];2.5;2.5
277;149.0;126.5;69.5;Palboc;0.0333;0.0333
278;187.0;158.0;65.0;SN-38;0.0333;0.0333
279;115.0;89.5;40.0;PD0325;1.0;1.0
280;177.0;138.0;67.75;[dmso];0.1;0.1
281;144.0;115.5;56.0;cobime;0.0333;0.0333
282;159.0;137.5;67.5;Crizot;0.00833;0.00833
283;95.0;80.5;34.0;Gefiti;10.0;10.0
284;133.0;117.5;54.5;alpeli;0.333;0.333
285;167.0;123.0;69.0;Sapiti;0.00833;0.00833
286;173.0;128.5;63.5;PI-103;0.333;0.333
287;183.5;134.75;67.75;Olapar;0.1;0.1
288;68.0;85.5;24.0;[fenb];2.5;2.5
289;179.5;134.75;65.25;Oxalip;0.0333;0.0333
290;89.0;106.5;31.0;Paclit;0.0333;0.0333
291;166.0;135.0;64.0;Oxalip;0.00833;0.00833
292;149.5;116.0;50.5;[dmso];0.1;0.1
293;183.5;166.75;74.5;regora;0.0333;0.0333
294;136.5;108.25;54.5;PD0325;0.0333;0.0333
295;179.0;150.0;67.0;Temozo;0.1;0.1
296;218.0;202.5;84.0;Olapar;0.0333;0.0333
297;166.0;130.5;58.0;[dmso];0.1;0.1
298;133.5;117.75;55.25;cobime;0.1;0.1
299;118.0;100.5;43.0;PD0325;0.333;0.333
300;128.0;91.5;34.0;Sapiti;1.0;1.0
301;153.5;131.0;58.0;SN-38;0.0333;0.0333
302;176.0;123.0;60.0;vemura;0.1;0.1
303;121.0;96.25;44.0;Afatin;0.333;0.333
304;50.0;52.5;19.0;Encora;10.0;10.0
305;145.0;120.0;61.0;Encora;0.1;0.1
306;125.0;106.5;42.0;PI-103;0.00833;0.00833
307;160.0;132.5;68.5;5Z-7-O;0.00833;0.00833
308;65.0;62.5;28.0;[etop];2.5;2.5
309;103.0;81.25;39.25;Tramet;0.1;0.1
310;108.0;79.0;37.0;Palboc;0.333;0.333
311;133.0;91.0;42.0;Gefiti;0.1;0.1
312;89.0;75.0;36.5;SN-38;0.1;0.1
313;57.0;60.5;25.5;[fenb];2.5;2.5
314;87.0;83.0;36.0;Sapiti;0.00833;0.00833
315;23.0;13.0;15.5;Afatin;10.0;10.0
316;153.0;128.0;47.0;Temozo;0.00833;0.00833
317;139.0;119.25;51.0;[dmso];0.1;0.1
318;77.0;71.0;23.0;PD0325;0.333;0.333
319;41.0;63.0;18.0;Paclit;1.0;1.0
320;135.0;104.5;53.5;Crizot;0.0333;0.0333
321;134.0;120.5;45.0;5-Fluo;0.1;0.1
322;128.0;102.5;54.0;Palboc;0.00833;0.00833
323;89.0;78.5;32.5;triflu;10.0;10.0
324;126.5;96.75;45.25;regora;10.0;10.0
325;130.0;93.5;52.0;SN-38;0.0333;0.0333
326;144.0;103.5;47.5;5-Fluo;0.333;0.333
327;59.0;68.0;21.0;Paclit;0.0333;0.0333
328;158.5;137.5;63.25;Crizot;0.1;0.1
329;165.0;145.0;64.0;Oxalip;0.0333;0.0333
330;155.0;116.5;66.5;regora;1.0;1.0
331;155.0;120.0;57.5;regora;0.333;0.333
332;116.0;107.5;46.0;[berb];2.5;2.5
333;97.0;91.5;35.0;cobime;1.0;1.0
334;114.0;107.0;45.0;PI-103;0.333;0.333
335;155.5;119.0;63.75;Encora;0.1;0.1
336;72.0;66.0;23.0;binime;10.0;10.0
337;94.0;76.5;34.5;Sapiti;0.1;0.1
338;106.5;94.0;41.5;Olapar;1.0;1.0
339;99.0;101.0;34.0;triflu;0.333;0.333
340;111.0;98.5;41.0;Sapiti;0.0333;0.0333
341;84.0;63.0;28.0;Tramet;1.0;1.0
342;148.0;132.5;54.0;vemura;0.0333;0.0333
343;130.0;112.5;50.5;SN-38;0.0333;0.0333
344;143.0;123.5;53.0;[dmso];0.1;0.1
345;102.0;88.5;47.5;Palboc;0.00833;0.00833
346;153.0;135.0;53.0;[dmso];0.1;0.1
347;90.0;77.0;29.0;PD0325;0.333;0.333
348;165.0;123.0;55.0;Crizot;0.333;0.333
349;70.0;54.5;27.5;PD0325;10.0;10.0
350;64.0;64.0;29.0;regora;10.0;10.0
351;66.0;44.0;19.0;PI-103;10.0;10.0
352;155.0;121.25;53.75;Oxalip;0.00833;0.00833
353;109.0;107.5;48.0;triflu;1.0;1.0
354;83.0;70.5;32.0;Gefiti;1.0;1.0
355;119.5;98.5;53.0;Temozo;0.1;0.1
356;107.0;90.0;36.0;[flup];2.5;2.5
357;130.5;99.75;48.0;cobime;0.1;0.1
358;69.0;62.5;24.5;SN-38;10.0;10.0
359;113.0;106.5;36.0;Olapar;0.0333;0.0333
360;106.0;95.0;37.0;Gefiti;0.00833;0.00833
361;128.0;98.5;48.5;vemura;1.0;1.0
362;164.0;148.5;57.0;vemura;0.1;0.1
363;133.0;99.0;48.0;[dmso];0.1;0.1
364;131.0;121.0;47.0;regora;0.1;0.1
365;61.0;69.5;21.0;Paclit;0.0333;0.0333
366;150.0;115.0;49.0;alpeli;0.0333;0.0333
367;72.0;60.0;29.0;cobime;10.0;10.0
368;75.0;67.0;27.0;binime;0.0333;0.0333
369;101.0;96.0;42.0;[tetr];2.5;2.5
370;129.0;101.5;39.0;PI-103;0.00833;0.00833
371;118.0;105.5;38.5;vemura;0.0333;0.0333
372;133.0;117.5;46.5;alpeli;0.0333;0.0333
373;153.0;117.0;59.0;[dmso];0.1;0.1
374;137.0;110.5;48.5;5Z-7-O;0.00833;0.00833
375;128.0;120.5;59.0;PI-103;0.333;0.333
376;114.0;96.5;33.5;Gefiti;0.333;0.333
377;164.0;135.0;64.5;Afatin;0.00833;0.00833
378;75.0;57.0;26.0;Tramet;10.0;10.0
379;48.0;39.0;16.0;Encora;10.0;10.0
380;118.0;89.0;48.0;Oxalip;0.00833;0.00833
381;108.5;83.5;38.75;[dmso];0.1;0.1
382;42.0;32.5;19.0;5Z-7-O;10.0;10.0
383;67.0;47.5;26.5;binime;1.0;1.0
384;132.0;107.0;43.0;Olapar;0.0333;0.0333
385;156.0;111.5;63.0;Sapiti;0.0333;0.0333
386;127.0;96.0;40.0;Encora;0.0333;0.0333
387;90.0;69.0;36.5;Afatin;0.1;0.1
388;72.0;64.0;28.0;Sapiti;1.0;1.0
389;107.0;94.5;44.0;binime;0.00833;0.00833
390;45.0;43.5;18.0;Oxalip;10.0;10.0
391;139.0;108.5;53.0;Tramet;0.00833;0.00833
392;87.5;71.5;31.5;[flup];2.5;2.5
393;136.5;108.25;52.25;[tetr];2.5;2.5
394;75.0;66.0;27.0;cobime;0.333;0.333
395;111.0;96.5;37.0;Olapar;10.0;10.0
396;130.0;123.0;51.0;Temozo;0.333;0.333
397;99.0;89.0;37.0;[dmso];0.1;0.1
398;91.0;72.5;37.5;alpeli;1.0;1.0
399;142.0;112.0;48.5;Oxalip;0.1;0.1
400;147.0;127.5;52.0;5Z-7-O;0.333;0.333
401;75.0;75.0;28.0;SN-38;0.333;0.333
402;124.0;94.0;49.0;5Z-7-O;0.1;0.1
403;125.0;96.5;39.0;PD0325;0.00833;0.00833
404;138.0;111.5;54.5;Palboc;0.0333;0.0333
405;120.0;96.5;49.0;Palboc;0.1;0.1
406;155.0;117.0;55.0;[dmso];0.1;0.1
407;105.0;76.0;30.5;binime;1.0;1.0
408;190.0;169.5;81.0;Temozo;10.0;10.0
409;129.0;115.0;48.0;triflu;1.0;1.0
410;86.0;71.0;33.0;Olapar;0.1;0.1
411;140.0;127.5;56.5;vemura;0.333;0.333
412;93.0;69.5;36.0;Gefiti;1.0;1.0
413;122.0;105.5;42.0;Encora;0.00833;0.00833
414;55.0;43.5;19.0;cobime;10.0;10.0
415;53.0;58.5;25.0;PI-103;10.0;10.0
416;160.0;149.0;51.0;vemura;0.00833;0.00833
417;125.0;106.5;45.0;Afatin;0.00833;0.00833
418;75.0;64.0;30.0;Afatin;0.1;0.1
419;100.5;92.0;39.5;PD0325;0.00833;0.00833
420;43.0;52.5;15.5;Paclit;0.333;0.333
421;189.0;142.5;62.0;[dmso];0.1;0.1
422;135.0;100.5;50.0;Encora;0.00833;0.00833
423;53.0;85.0;17.0;Paclit;1.0;1.0
424;154.5;117.0;57.0;[dmso];0.1;0.1
425;113.0;94.0;45.0;5-Fluo;0.00833;0.00833
426;129.0;101.0;49.0;[berb];2.5;2.5
427;126.0;103.0;51.5;Crizot;0.1;0.1
428;84.0;78.0;34.0;5-Fluo;10.0;10.0
429;151.0;110.5;52.5;alpeli;0.00833;0.00833
430;115.0;80.0;44.5;Tramet;0.1;0.1
431;70.0;64.5;32.0;[etop];2.5;2.5
432;73.0;56.5;24.0;cobime;1.0;1.0
433;76.0;69.0;28.0;alpeli;1.0;1.0
434;83.5;73.5;35.0;Tramet;0.333;0.333
435;97.0;81.0;36.0;triflu;10.0;10.0
436;141.0;108.0;44.0;Sapiti;0.00833;0.00833
437;126.0;90.5;42.0;[dmso];0.1;0.1
438;116.0;83.0;47.5;Temozo;10.0;10.0
439;125.0;106.25;48.0;Olapar;0.00833;0.00833
440;154.0;130.0;58.0;alpeli;0.00833;0.00833
441;128.0;123.0;43.0;Crizot;0.00833;0.00833
442;75.0;68.5;37.5;5Z-7-O;1.0;1.0
443;92.0;71.5;40.0;5-Fluo;10.0;10.0
444;58.0;59.0;29.0;binime;10.0;10.0
445;116.0;96.5;43.0;Palboc;0.0333;0.0333
446;144.0;126.5;48.0;Temozo;1.0;1.0
447;67.0;51.0;28.5;Gefiti;10.0;10.0
448;59.0;83.0;22.0;Paclit;0.333;0.333
449;113.0;90.0;46.0;triflu;0.00833;0.00833
450;90.0;87.0;42.0;PD0325;0.0333;0.0333
451;171.0;125.0;61.0;[dmso];0.1;0.1
452;115.0;94.0;42.0;Oxalip;0.0333;0.0333
453;143.0;111.0;58.0;Afatin;0.0333;0.0333
454;68.0;72.5;22.0;[fenb];2.5;2.5
455;83.0;72.5;31.5;SN-38;0.00833;0.00833
456;131.0;110.5;52.0;5-Fluo;0.1;0.1
457;108.0;80.0;45.0;regora;0.1;0.1
458;106.0;77.0;40.0;Sapiti;0.333;0.333
459;124.0;106.0;51.0;binime;0.1;0.1
460;80.0;62.5;28.0;PD0325;1.0;1.0
461;135.0;115.5;45.5;[dmso];0.1;0.1
462;133.0;111.25;50.0;vemura;0.1;0.1
463;121.0;106.0;44.0;[dmso];0.1;0.1
464;112.0;96.5;43.5;triflu;0.0333;0.0333
465;78.0;69.0;29.0;Afatin;1.0;1.0
466;125.0;102.0;49.0;5-Fluo;0.00833;0.00833
467;142.5;114.25;46.0;Crizot;1.0;1.0
468;99.0;92.0;40.5;SN-38;0.1;0.1
469;78.0;55.5;23.0;Tramet;1.0;1.0
470;126.0;106.5;50.0;Olapar;0.00833;0.00833
471;125.0;100.0;41.5;Crizot;0.00833;0.00833
472;135.0;107.0;54.0;[flup];2.5;2.5
473;144.0;130.0;53.0;regora;0.0333;0.0333
474;143.0;113.5;50.0;Temozo;0.333;0.333
475;51.0;58.5;20.0;Paclit;0.1;0.1
476;112.0;101.0;43.5;Encora;1.0;1.0
477;90.5;65.0;31.0;alpeli;0.1;0.1
478;129.0;114.0;51.5;Gefiti;0.0333;0.0333
479;60.0;55.5;30.0;SN-38;1.0;1.0
480;154.0;121.0;63.0;Olapar;1.0;1.0
481;110.0;85.0;35.0;Oxalip;0.1;0.1
482;94.0;74.0;44.0;Palboc;0.333;0.333
483;164.0;125.0;63.0;vemura;10.0;10.0
484;127.0;107.0;44.0;binime;0.00833;0.00833
485;87.0;88.5;35.0;Paclit;0.00833;0.00833
486;133.0;103.5;49.0;[dmso];0.1;0.1
487;140.0;105.5;47.5;Olapar;0.333;0.333
488;114.0;100.0;32.0;Temozo;0.0333;0.0333
489;39.0;45.0;16.0;Paclit;10.0;10.0
490;79.0;69.5;27.5;Oxalip;1.0;1.0
491;122.0;110.0;41.0;[tetr];2.5;2.5
492;140.0;100.0;43.0;5Z-7-O;0.333;0.333
493;126.0;87.0;55.0;Gefiti;0.1;0.1
494;103.0;90.0;30.0;Sapiti;1.0;1.0
495;157.5;119.5;60.0;PI-103;0.0333;0.0333
496;86.0;62.5;29.0;PD0325;10.0;10.0
497;153.0;118.0;61.75;[dmso];0.1;0.1
498;108.0;93.75;40.5;Temozo;1.0;1.0
499;131.0;114.0;58.0;triflu;0.00833;0.00833
500;124.0;120.0;48.0;Encora;0.0333;0.0333
501;77.0;71.0;31.5;binime;0.1;0.1
502;67.0;64.5;25.25;[etop];2.5;2.5
503;170.0;146.5;57.5;PI-103;1.0;1.0
504;49.0;58.5;17.0;Paclit;10.0;10.0
505;75.0;66.0;30.0;Sapiti;10.0;10.0
506;45.0;33.5;19.5;SN-38;10.0;10.0
507;155.0;133.5;52.0;vemura;0.00833;0.00833
508;127.0;92.5;45.0;regora;0.00833;0.00833
509;116.0;104.0;44.0;triflu;0.1;0.1
510;119.0;98.5;45.5;Gefiti;0.333;0.333
511;87.0;74.5;30.0;alpeli;10.0;10.0
512;129.0;105.5;51.5;PI-103;0.0333;0.0333
513;84.0;79.0;39.0;Olapar;10.0;10.0
514;63.0;49.0;23.5;Palboc;10.0;10.0
515;156.0;113.0;56.5;Temozo;0.0333;0.0333
516;64.0;81.5;24.0;Paclit;0.1;0.1
517;130.0;103.0;56.0;[dmso];0.1;0.1
518;103.0;96.0;39.0;cobime;0.0333;0.0333
519;76.0;56.0;32.0;PD0325;0.1;0.1
520;116.0;90.5;46.0;alpeli;0.333;0.333
521;137.0;102.5;46.5;Encora;0.333;0.333
522;121.0;92.0;45.5;[dmso];0.1;0.1
523;97.0;79.5;43.0;alpeli;0.333;0.333
524;112.0;95.0;42.0;triflu;0.333;0.333
525;102.0;104.0;34.0;Gefiti;0.0333;0.0333
526;85.0;74.0;39.0;PD0325;0.1;0.1
527;132.0;105.5;53.0;[dmso];0.1;0.1
528;146.0;145.0;61.0;vemura;1.0;1.0
529;59.0;50.75;23.25;Palboc;10.0;10.0
530;90.0;77.0;37.0;Tramet;0.0333;0.0333
531;157.0;120.0;56.0;regora;0.00833;0.00833
532;113.0;93.0;47.5;[tetr];2.5;2.5
533;109.0;81.0;36.0;Olapar;0.1;0.1
534;126.0;99.0;45.0;PI-103;0.1;0.1
535;71.0;61.0;26.0;cobime;0.333;0.333
536;118.0;100.0;38.0;PD0325;0.0333;0.0333
537;119.0;105.5;54.5;5Z-7-O;0.0333;0.0333
538;98.0;70.5;40.0;Afatin;0.0333;0.0333
539;86.0;77.5;32.5;PI-103;1.0;1.0
540;76.0;77.5;29.0;[etop];2.5;2.5
541;125.0;104.0;45.5;Crizot;0.0333;0.0333
542;105.0;83.5;38.5;Afatin;0.333;0.333
543;95.0;88.5;38.0;cobime;0.1;0.1
544;153.0;108.0;58.0;alpeli;0.1;0.1
545;76.0;58.0;28.0;Tramet;0.333;0.333
546;106.0;90.5;37.5;Palboc;1.0;1.0
547;50.0;53.5;17.0;[fenb];2.5;2.5
548;117.0;99.5;50.0;cobime;0.00833;0.00833
549;120.0;104.0;52.5;Palboc;0.1;0.1
550;104.0;78.0;35.0;Oxalip;0.333;0.333
551;32.0;23.0;15.0;Afatin;10.0;10.0
552;64.0;50.0;22.0;PD0325;1.0;1.0
553;126.0;113.0;51.0;[dmso];0.1;0.1
554;112.5;93.0;46.25;5Z-7-O;1.0;1.0
555;65.0;54.0;25.0;Gefiti;10.0;10.0
556;60.0;71.0;24.0;SN-38;1.0;1.0
557;135.0;108.0;49.5;Crizot;0.333;0.333
558;134.0;111.5;58.0;[berb];2.5;2.5
559;52.0;41.0;16.5;Encora;10.0;10.0
560;118.0;90.0;43.0;Sapiti;0.1;0.1
561;90.5;69.0;34.75;binime;0.333;0.333
562;106.0;80.5;43.5;5-Fluo;0.0333;0.0333
563;144.0;118.0;54.0;regora;0.0333;0.0333
564;100.0;82.5;36.5;regora;1.0;1.0
565;98.0;87.5;42.0;SN-38;0.333;0.333
566;108.0;86.5;42.0;5Z-7-O;0.0333;0.0333
567;110.0;101.5;40.0;regora;0.333;0.333
568;104.0;91.0;41.5;Encora;0.333;0.333
569;132.0;98.5;45.0;SN-38;0.00833;0.00833
570;107.0;88.0;37.0;cobime;0.0333;0.0333
571;138.0;110.0;48.0;Crizot;1.0;1.0
572;68.0;60.0;22.5;Sapiti;10.0;10.0
573;81.0;75.0;32.0;alpeli;10.0;10.0
574;106.0;94.5;32.5;5-Fluo;1.0;1.0
575;83.0;62.5;31.5;binime;0.0333;0.0333
576;109.0;87.5;37.5;Encora;1.0;1.0
577;89.0;82.5;33.0;[berb];2.5;2.5
578;126.0;111.0;46.5;5-Fluo;0.333;0.333
579;87.0;82.0;26.75;5Z-7-O;0.1;0.1
580;104.0;84.0;44.5;vemura;10.0;10.0
581;79.5;79.25;29.75;Oxalip;0.333;0.333
582;142.0;99.0;61.0;[dmso];0.1;0.1
583;131.0;115.0;46.0;Olapar;0.333;0.333
584;114.5;92.5;50.25;Tramet;0.0333;0.0333
585;59.0;52.0;18.0;Oxalip;1.0;1.0
586;81.0;68.5;33.5;Afatin;1.0;1.0
587;128.0;102.0;45.5;[dmso];0.1;0.1
588;78.0;96.0;27.0;Paclit;0.00833;0.00833
589;118.0;112.5;49.5;[dmso];0.1;0.1
590;122.0;105.0;50.0;Temozo;0.1;0.1
591;98.0;76.5;36.0;5-Fluo;1.0;1.0
592;110.0;73.5;30.5;Sapiti;0.333;0.333
593;123.0;94.5;48.0;5-Fluo;0.0333;0.0333
594;151.0;102.0;56.0;Tramet;0.00833;0.00833
595;107.0;88.0;44.0;[flup];2.5;2.5
596;98.0;86.75;39.0;cobime;0.00833;0.00833
597;65.0;51.0;26.0;Tramet;10.0;10.0
598;107.0;86.5;38.0;triflu;0.0333;0.0333
599;125.0;105.0;43.0;triflu;0.1;0.1
600;108.0;88.0;41.0;[dmso];0.1;0.1
601;97.0;79.0;41.0;Palboc;1.0;1.0
602;95.0;77.5;30.0;Afatin;0.333;0.333
603;111.0;97.5;38.5;PI-103;0.1;0.1
604;164.0;128.0;62.0;Gefiti;0.00833;0.00833
605;149.0;117.0;59.0;vemura;0.333;0.333
606;49.0;39.0;18.5;Oxalip;10.0;10.0
607;102.0;76.5;34.0;Temozo;0.00833;0.00833
608;63.0;68.5;26.5;[fenb];2.5;2.5
609;44.0;33.5;16.5;5Z-7-O;10.0;10.0
610;83.0;79.0;40.0;binime;0.333;0.333
611;112.0;86.0;37.0;Navito;0.0333;0.0333
612;124.0;99.0;46.5;AZD454;0.00833;0.00833
613;182.0;149.0;65.0;LY2603;0.00833;0.00833
614;163.0;144.5;64.0;SB2167;0.333;0.333
615;160.0;141.5;56.5;Dabraf;1.0;1.0
616;163.0;141.0;70.0;[tetr];2.5;2.5
617;215.0;185.5;82.0;Velipa;0.1;0.1
618;166.0;136.0;53.0;SB5051;0.1;0.1
619;199.0;165.0;68.0;Dabraf;10.0;10.0
620;41.0;39.0;16.0;BMS-75;10.0;10.0
621;98.0;88.0;40.0;AZD805;0.333;0.333
622;207.0;183.5;86.0;Nutlin;0.00833;0.00833
623;242.0;210.5;88.5;SB2167;0.00833;0.00833
624;154.0;157.0;60.0;Linsit;1.0;1.0
625;237.0;204.0;93.0;LGK974;1.0;1.0
626;216.0;187.25;79.25;MK-220;0.00833;0.00833
627;188.0;162.5;79.5;[berb];2.5;2.5
628;194.0;157.0;68.0;AZD776;0.0333;0.0333
629;187.5;166.0;81.25;[dmso];0.1;0.1
630;43.0;41.5;13.0;Taseli;10.0;10.0
631;98.0;90.5;39.5;Taseli;0.333;0.333
632;93.0;81.0;40.0;Navito;0.1;0.1
633;124.0;120.0;57.5;Ruxoli;0.1;0.1
634;39.0;37.0;15.5;Linsit;10.0;10.0
635;81.0;77.5;32.0;AZD776;0.333;0.333
636;144.0;109.5;52.0;SB2167;1.0;1.0
637;137.0;115.0;49.0;Dabraf;0.1;0.1
638;80.0;70.5;31.0;tricir;10.0;10.0
639;63.0;46.0;26.0;[dmso];0.1;0.1
640;58.5;55.5;24.0;AMG 23;0.333;0.333
641;99.0;78.0;30.5;Velipa;0.1;0.1
642;150.0;127.0;55.0;MK-220;0.0333;0.0333
643;181.0;164.0;71.0;AZD776;0.00833;0.00833
644;81.0;87.0;40.5;[etop];2.5;2.5
645;202.0;168.0;77.0;Taseli;0.00833;0.00833
646;152.0;136.5;65.0;Linsit;0.00833;0.00833
647;183.0;150.0;68.0;ABT-73;1.0;1.0
648;209.0;170.5;80.0;LGK974;0.0333;0.0333
649;193.0;157.0;56.0;Ruxoli;0.0333;0.0333
650;71.0;62.5;31.0;AZD805;0.333;0.333
651;40.0;37.5;16.0;AZD805;10.0;10.0
652;77.0;52.0;26.5;BMS-75;0.1;0.1
653;64.0;62.5;35.0;tricir;1.0;1.0
654;115.0;98.5;38.0;[dmso];0.1;0.1
655;112.0;91.5;45.5;Taseli;0.333;0.333
656;152.0;109.5;57.0;[dmso];0.1;0.1
657;170.0;153.5;63.0;AMG 23;0.1;0.1
658;57.0;62.5;24.0;MK-177;10.0;10.0
659;104.0;91.5;33.5;Navito;1.0;1.0
660;137.0;121.0;49.0;Navito;0.0333;0.0333
661;44.0;42.5;19.0;BMS-75;10.0;10.0
662;178.0;158.0;69.0;LGK974;0.00833;0.00833
663;200.0;158.0;79.0;Velipa;1.0;1.0
664;147.0;138.5;58.0;AMG 23;10.0;10.0
665;252.0;203.5;93.0;[dmso];0.1;0.1
666;163.0;111.0;72.0;SB2167;0.0333;0.0333
667;101.0;132.0;32.5;[fenb];2.5;2.5
668;213.0;171.0;95.0;LGK974;0.333;0.333
669;216.0;175.5;72.5;Dabraf;10.0;10.0
670;273.0;224.0;91.0;Velipa;0.00833;0.00833
671;238.0;201.5;89.25;MK-177;0.0333;0.0333
672;64.0;50.5;20.5;MK-220;10.0;10.0
673;115.0;107.5;41.0;Ruxoli;0.0333;0.0333
674;168.0;152.25;63.25;Ruxoli;0.00833;0.00833
675;55.0;46.0;21.0;SB5051;10.0;10.0
676;144.0;118.0;54.0;Abemac;0.0333;0.0333
677;61.0;64.0;25.5;BMS-75;1.0;1.0
678;137.0;110.5;58.0;Ruxoli;10.0;10.0
679;85.0;69.0;38.5;tricir;0.00833;0.00833
680;101.0;86.5;39.0;[dmso];0.1;0.1
681;143.0;129.0;56.0;Velipa;10.0;10.0
682;49.0;57.5;19.0;Vinore;0.1;0.1
683;77.0;61.0;28.0;LY2603;0.333;0.333
684;70.0;57.0;30.0;MK-177;0.333;0.333
685;32.0;37.0;14.0;[fenb];2.5;2.5
686;42.0;37.5;19.5;SB5051;10.0;10.0
687;108.0;93.0;45.5;AZD454;0.333;0.333
688;58.5;40.75;22.75;Abemac;10.0;10.0
689;172.0;130.5;59.5;Dabraf;0.00833;0.00833
690;116.0;112.0;52.0;LGK974;10.0;10.0
691;28.0;19.0;12.0;Vinore;10.0;10.0
692;158.0;132.0;57.0;Nutlin;0.00833;0.00833
693;132.0;129.5;47.0;Navito;0.00833;0.00833
694;175.0;144.0;69.0;ABT-73;0.00833;0.00833
695;143.5;107.25;49.0;BMS-75;0.00833;0.00833
696;151.5;120.0;56.75;[flup];2.5;2.5
697;125.0;110.5;52.0;tricir;0.0333;0.0333
698;116.0;80.0;44.0;Dabraf;0.0333;0.0333
699;109.5;88.5;44.0;MK-177;0.1;0.1
700;166.0;128.5;53.0;LGK974;1.0;1.0
701;178.0;158.0;72.5;Abemac;0.1;0.1
702;39.0;34.5;15.0;AZD805;10.0;10.0
703;180.0;148.0;66.5;AZD776;0.1;0.1
704;165.0;127.0;65.0;LY2603;0.0333;0.0333
705;223.0;210.0;88.0;Abemac;0.0333;0.0333
706;195.0;152.0;67.0;ABT-73;10.0;10.0
707;232.0;218.0;103.5;Taseli;0.0333;0.0333
708;143.0;132.5;59.5;[dmso];0.1;0.1
709;134.0;154.5;56.0;Vinore;0.0333;0.0333
710;143.0;168.0;44.0;LY2603;10.0;10.0
711;39.0;44.0;19.0;Vinore;1.0;1.0
712;155.0;124.25;60.75;Nutlin;10.0;10.0
713;203.0;185.0;72.0;[tetr];2.5;2.5
714;181.0;142.5;64.0;SB5051;0.333;0.333
715;123.0;119.0;38.5;MK-220;1.0;1.0
716;95.0;79.5;32.0;BMS-75;0.333;0.333
717;153.0;141.0;59.0;AZD454;0.1;0.1
718;105.0;106.0;32.5;AZD776;1.0;1.0
719;134.0;111.5;49.0;[dmso];0.1;0.1
720;84.0;80.0;29.0;MK-177;1.0;1.0
721;46.0;43.5;16.0;Vinore;0.333;0.333
722;71.0;52.0;26.5;AZD805;0.00833;0.00833
723;113.0;97.0;43.0;SB5051;0.00833;0.00833
724;56.0;41.0;25.0;Linsit;10.0;10.0
725;87.0;69.0;37.5;[flup];2.5;2.5
726;40.0;30.0;12.5;MK-220;10.0;10.0
727;126.0;90.0;47.5;Nutlin;0.0333;0.0333
728;83.0;65.0;30.5;[dmso];0.1;0.1
729;110.0;98.0;45.0;AMG 23;0.00833;0.00833
730;171.0;151.5;61.0;Nutlin;1.0;1.0
731;161.0;156.0;72.0;Linsit;0.333;0.333
732;205.0;149.5;71.0;AMG 23;1.0;1.0
733;47.0;38.5;16.0;AZD776;10.0;10.0
734;125.0;101.5;46.0;MK-220;0.333;0.333
735;157.0;134.5;67.0;Abemac;0.00833;0.00833
736;176.0;144.5;79.0;[dmso];0.1;0.1
737;166.0;139.5;60.0;AZD454;1.0;1.0
738;141.0;112.0;41.0;Velipa;0.333;0.333
739;115.0;91.0;37.0;ABT-73;1.0;1.0
740;125.0;107.0;45.0;LY2603;1.0;1.0
741;110.0;80.0;39.0;Abemac;0.333;0.333
742;60.0;51.0;22.0;Navito;0.333;0.333
743;65.0;62.0;25.0;[etop];2.5;2.5
744;156.0;126.0;58.0;Ruxoli;0.00833;0.00833
745;135.0;113.0;58.0;[berb];2.5;2.5
746;157.0;135.5;58.0;Taseli;0.0333;0.0333
747;125.0;114.0;43.0;tricir;1.0;1.0
748;222.0;170.5;85.0;AZD454;0.00833;0.00833
749;206.0;179.0;76.0;SB2167;0.0333;0.0333
750;166.0;135.0;55.0;Linsit;0.1;0.1
751;176.0;136.0;76.0;tricir;0.1;0.1
752;245.0;199.0;106.0;ABT-73;0.333;0.333
753;196.0;168.5;71.5;MK-177;0.00833;0.00833
754;172.0;156.5;64.0;ABT-73;10.0;10.0
755;244.0;194.0;85.0;LY2603;0.0333;0.0333
756;236.0;191.0;84.5;[dmso];0.1;0.1
757;125.0;121.0;44.0;SB5051;1.0;1.0
758;236.0;200.5;93.0;SB2167;0.00833;0.00833
759;212.0;179.0;85.0;AMG 23;0.0333;0.0333
760;166.0;119.0;52.0;[dmso];0.1;0.1
761;161.5;143.5;58.0;Vinore;0.00833;0.00833
762;181.0;173.5;73.5;AZD454;0.1;0.1
763;133.0;104.0;54.0;AZD805;0.0333;0.0333
764;123.0;93.0;46.0;Nutlin;10.0;10.0
765;99.0;111.5;33.0;LY2603;10.0;10.0
766;28.0;18.5;10.5;Navito;10.0;10.0
767;105.0;73.0;35.0;Nutlin;0.333;0.333
768;100.0;78.0;37.0;Velipa;0.0333;0.0333
769;64.0;46.25;23.75;Abemac;10.0;10.0
770;100.0;80.5;35.0;Navito;0.1;0.1
771;60.5;49.5;19.5;AZD776;1.0;1.0
772;48.0;48.5;20.0;[fenb];2.5;2.5
773;14.0;5.25;11.25;Vinore;10.0;10.0
774;164.0;134.0;61.0;[flup];2.5;2.5
775;191.0;164.0;71.0;MK-220;0.1;0.1
776;194.0;150.0;75.0;LGK974;0.1;0.1
777;149.0;123.0;56.5;AZD454;10.0;10.0
778;173.0;157.0;63.0;MK-177;0.333;0.333
779;215.0;182.0;86.0;AZD454;1.0;1.0
780;148.5;113.0;60.5;Taseli;0.1;0.1
781;193.0;147.0;76.0;LGK974;0.0333;0.0333
782;113.0;96.5;40.5;ABT-73;0.0333;0.0333
783;41.0;36.0;16.5;AZD805;1.0;1.0
784;121.5;98.0;47.0;[dmso];0.1;0.1
785;123.0;91.0;38.0;AMG 23;0.333;0.333
786;139.0;113.5;52.5;LY2603;0.1;0.1
787;163.0;143.0;61.0;[dmso];0.1;0.1
788;156.0;144.0;63.0;SB5051;0.333;0.333
789;116.0;85.0;41.0;Taseli;1.0;1.0
790;76.0;82.5;31.0;Vinore;0.1;0.1
791;163.0;136.0;58.0;Nutlin;0.1;0.1
792;181.0;140.0;75.0;LY2603;1.0;1.0
793;165.0;144.0;64.0;ABT-73;0.1;0.1
794;224.0;204.0;94.0;SB2167;10.0;10.0
795;208.0;182.0;72.5;[dmso];0.1;0.1
796;163.0;150.0;72.0;Velipa;10.0;10.0
797;132.0;114.0;55.0;Navito;0.333;0.333
798;230.0;183.5;80.0;Taseli;0.00833;0.00833
799;245.0;202.5;89.0;Velipa;0.333;0.333
800;162.0;141.0;65.5;BMS-75;0.0333;0.0333
801;102.0;95.5;37.0;AZD805;0.1;0.1
802;97.0;98.5;29.0;[etop];2.5;2.5
803;176.5;158.5;55.5;Dabraf;0.333;0.333
804;174.0;143.0;64.5;Dabraf;0.00833;0.00833
805;52.0;46.0;20.0;MK-177;10.0;10.0
806;174.0;141.5;63.0;Abemac;1.0;1.0
807;150.0;122.0;46.0;Linsit;0.333;0.333
808;103.0;81.5;40.5;Vinore;0.00833;0.00833
809;187.0;145.0;74.5;Nutlin;0.1;0.1
810;87.0;77.0;34.5;AMG 23;10.0;10.0
811;87.0;74.5;29.5;ABT-73;0.0333;0.0333
812;138.0;118.5;52.0;Ruxoli;1.0;1.0
813;187.0;167.0;70.0;[dmso];0.1;0.1
814;100.0;74.25;36.5;Taseli;0.1;0.1
815;94.0;69.5;29.5;MK-177;0.00833;0.00833
816;80.0;67.5;32.0;SB2167;1.0;1.0
817;114.0;106.5;47.5;MK-220;0.0333;0.0333
818;165.0;151.0;66.5;AZD454;0.0333;0.0333
819;102.0;89.5;39.5;AZD805;0.1;0.1
820;219.0;164.0;84.5;[dmso];0.1;0.1
821;135.0;121.0;49.0;SB5051;1.0;1.0
822;113.0;118.0;44.0;Vinore;0.0333;0.0333
823;170.5;136.5;65.0;SB2167;0.1;0.1
824;128.0;85.5;46.0;AZD776;0.0333;0.0333
825;197.0;163.5;70.5;Linsit;0.0333;0.0333
826;58.0;58.0;20.0;Navito;1.0;1.0
827;136.0;109.0;50.0;[flup];2.5;2.5
828;29.0;19.0;13.0;Navito;10.0;10.0
829;120.0;101.5;46.0;Velipa;0.0333;0.0333
830;58.0;51.0;25.0;BMS-75;0.0333;0.0333
831;161.0;137.0;58.0;LY2603;0.00833;0.00833
832;141.5;112.5;53.5;Abemac;0.333;0.333
833;228.0;187.0;90.25;[dmso];0.1;0.1
834;201.0;161.0;76.0;LGK974;0.00833;0.00833
835;223.0;186.0;80.0;AZD776;0.00833;0.00833
836;191.0;142.5;75.0;Ruxoli;0.333;0.333
837;214.0;179.0;68.0;[tetr];2.5;2.5
838;210.0;161.5;73.5;Nutlin;0.333;0.333
839;120.0;102.0;40.0;MK-220;1.0;1.0
840;248.0;189.5;91.0;Dabraf;0.0333;0.0333
841;214.0;181.5;76.0;SB5051;0.0333;0.0333
842;161.0;124.5;55.0;tricir;0.1;0.1
843;214.0;168.0;87.0;MK-177;0.0333;0.0333
844;215.0;175.0;84.0;Ruxoli;0.1;0.1
845;212.0;152.5;76.5;[dmso];0.1;0.1
846;229.0;181.5;88.0;LY2603;0.1;0.1
847;202.0;158.5;66.0;Dabraf;1.0;1.0
848;182.0;163.5;78.0;AMG 23;1.0;1.0
849;166.0;132.0;65.0;Linsit;1.0;1.0
850;170.5;143.25;59.75;SB2167;0.333;0.333
851;189.0;152.5;69.5;AZD454;0.0333;0.0333
852;146.0;130.5;54.0;SB5051;0.00833;0.00833
853;133.0;121.5;39.5;SB5051;0.0333;0.0333
854;35.0;26.5;15.0;MK-177;1.0;1.0
855;120.0;100.0;50.0;Dabraf;0.333;0.333
856;69.0;63.0;29.0;[etop];2.5;2.5
857;134.0;100.5;53.5;AZD454;0.333;0.333
858;132.0;101.0;52.0;Linsit;0.1;0.1
859;89.0;73.0;29.0;LGK974;0.1;0.1
860;89.0;75.5;33.0;Abemac;0.1;0.1
861;143.0;118.5;51.0;tricir;0.00833;0.00833
862;51.5;52.0;17.25;Taseli;10.0;10.0
863;195.0;191.5;78.0;[dmso];0.1;0.1
864;175.0;148.25;57.75;LY2603;0.333;0.333
865;231.5;198.75;91.0;[dmso];0.1;0.1
866;133.0;116.0;50.0;AZD776;0.333;0.333
867;115.0;95.5;42.0;tricir;10.0;10.0
868;174.0;150.0;67.5;AMG 23;0.0333;0.0333
869;51.0;60.5;25.0;Vinore;0.333;0.333
870;140.0;104.0;49.0;[berb];2.5;2.5
871;116.0;86.5;45.25;SB5051;0.1;0.1
872;140.0;109.0;49.5;SB2167;0.1;0.1
873;128.0;115.5;54.5;Nutlin;1.0;1.0
874;110.0;91.5;40.0;MK-220;0.1;0.1
875;129.0;97.0;48.0;tricir;0.333;0.333
876;51.0;48.0;21.0;Vinore;1.0;1.0
877;173.0;158.5;61.5;MK-220;0.00833;0.00833
878;197.0;150.0;68.0;AZD805;0.00833;0.00833
879;231.0;206.75;79.0;ABT-73;0.333;0.333
880;208.0;177.5;69.5;[dmso];0.1;0.1
881;196.0;176.0;67.0;Abemac;1.0;1.0
882;211.0;167.0;68.5;AZD776;0.1;0.1
883;141.0;132.0;62.0;AZD454;10.0;10.0
884;113.0;112.0;42.0;BMS-75;0.333;0.333
885;247.5;214.25;83.0;SB2167;10.0;10.0
886;219.0;176.0;75.5;Velipa;0.00833;0.00833
887;234.0;190.5;90.0;Ruxoli;10.0;10.0
888;240.5;192.75;84.0;MK-177;0.1;0.1
889;223.0;183.0;86.0;BMS-75;0.00833;0.00833
890;197.0;175.0;84.0;Navito;0.00833;0.00833
891;220.0;184.0;88.5;[dmso];0.1;0.1
892;113.0;101.5;42.0;MK-220;0.333;0.333
893;189.0;158.0;73.0;Nutlin;0.0333;0.0333
894;156.5;138.5;75.5;AMG 23;0.00833;0.00833
895;86.0;116.5;34.0;[fenb];2.5;2.5
896;92.0;74.0;34.0;AZD805;0.0333;0.0333
897;132.0;118.25;51.25;LGK974;0.333;0.333
898;89.0;71.5;33.5;[berb];2.5;2.5
899;38.0;27.5;13.0;BMS-75;1.0;1.0
900;95.0;80.5;36.0;BMS-75;0.1;0.1
901;152.0;134.5;52.0;Ruxoli;0.333;0.333
902;64.0;53.5;25.0;AZD805;1.0;1.0
903;117.0;91.0;44.5;AMG 23;0.1;0.1
904;73.0;59.0;26.0;ABT-73;0.1;0.1
905;136.0;109.25;49.75;Linsit;0.0333;0.0333
906;120.0;89.75;51.25;LGK974;10.0;10.0
907;154.0;135.5;61.5;Dabraf;0.1;0.1
908;254.0;195.5;92.0;ABT-73;0.00833;0.00833
909;218.0;185.0;81.0;tricir;0.0333;0.0333
910;196.0;167.0;62.5;[tetr];2.5;2.5
911;163.0;145.0;62.0;Ruxoli;1.0;1.0
912;231.0;175.5;88.0;Linsit;0.00833;0.00833
913;173.5;156.0;63.0;Velipa;1.0;1.0
914;115.0;99.0;43.0;tricir;0.333;0.333
915;91.0;65.5;29.0;Taseli;1.0;1.0
916;116.0;88.5;41.5;Abemac;0.00833;0.00833
917;20.5;9.0;9.0;AZD776;10.0;10.0
918;97.0;77.5;38.5;[dmso];0.1;0.1
919;77.0;76.25;27.25;AZD776;1.0;1.0
920;98.0;87.0;41.5;Dabraf;10.0;10.0
921;50.0;39.0;18.5;MK-177;10.0;10.0
922;167.0;136.5;66.0;SB5051;0.333;0.333
923;104.0;96.5;42.0;[dmso];0.1;0.1
924;117.5;121.5;42.25;Vinore;0.00833;0.00833
925;163.0;126.0;57.5;Velipa;1.0;1.0
926;164.0;141.5;63.0;Abemac;0.1;0.1
927;94.0;75.5;37.0;Navito;0.333;0.333
928;154.0;146.5;64.0;MK-177;0.1;0.1
929;201.0;166.0;74.0;LY2603;0.0333;0.0333
930;105.0;89.0;40.5;AZD805;0.1;0.1
931;176.0;159.5;70.0;Dabraf;0.333;0.333
932;179.0;157.0;69.0;AZD454;0.0333;0.0333
933;169.0;142.0;69.0;LGK974;0.1;0.1
934;223.0;201.0;74.0;Nutlin;1.0;1.0
935;165.0;146.25;69.0;LY2603;0.00833;0.00833
936;67.0;56.0;26.0;[etop];2.5;2.5
937;74.0;60.5;26.5;Linsit;1.0;1.0
938;162.0;123.0;66.0;AZD805;0.00833;0.00833
939;150.0;119.5;59.5;[dmso];0.1;0.1
940;130.0;111.5;38.0;Nutlin;0.333;0.333
941;127.0;117.0;59.0;SB2167;0.333;0.333
942;67.0;60.5;28.0;[flup];2.5;2.5
943;49.0;35.5;18.5;Taseli;1.0;1.0
944;107.0;91.5;40.0;Velipa;0.00833;0.00833
945;131.0;114.0;51.0;MK-220;0.0333;0.0333
946;45.0;42.5;18.0;[etop];2.5;2.5
947;50.0;42.0;20.5;MK-220;0.333;0.333
948;66.0;60.0;28.0;AZD805;0.00833;0.00833
949;69.0;64.75;21.0;AZD776;1.0;1.0
950;153.0;122.0;61.0;Ruxoli;0.333;0.333
951;196.0;181.5;73.0;Dabraf;0.00833;0.00833
952;193.0;161.0;72.0;MK-177;0.1;0.1
953;194.0;138.0;73.0;LY2603;0.00833;0.00833
954;72.0;67.0;26.0;BMS-75;1.0;1.0
955;149.0;128.0;56.0;AMG 23;10.0;10.0
956;17.0;8.0;10.0;Vinore;10.0;10.0
957;134.0;118.0;54.0;[dmso];0.1;0.1
958;172.0;151.5;74.0;AZD454;0.333;0.333
959;72.0;58.0;22.0;AZD454;10.0;10.0
960;101.0;79.5;41.0;BMS-75;0.00833;0.00833
961;38.0;31.0;12.5;Vinore;0.1;0.1
962;71.0;59.5;32.5;AMG 23;1.0;1.0
963;117.0;97.0;43.0;[berb];2.5;2.5
964;89.0;89.0;40.0;LGK974;0.00833;0.00833
965;145.0;117.0;54.0;tricir;0.333;0.333
966;158.0;140.0;66.5;SB2167;0.00833;0.00833
967;139.0;117.5;60.5;AMG 23;0.1;0.1
968;201.5;164.5;77.5;Linsit;0.00833;0.00833
969;187.0;162.0;62.0;[dmso];0.1;0.1
970;176.0;153.5;72.0;Ruxoli;0.1;0.1
971;81.0;83.5;32.0;Navito;1.0;1.0
972;58.5;40.75;24.75;Abemac;10.0;10.0
973;43.5;33.0;18.0;AZD776;10.0;10.0
974;206.0;162.0;71.5;Ruxoli;0.0333;0.0333
975;197.0;176.0;74.0;[dmso];0.1;0.1
976;159.5;147.25;57.75;Velipa;0.333;0.333
977;41.0;46.0;15.5;Taseli;10.0;10.0
978;119.0;89.0;46.5;Dabraf;0.0333;0.0333
979;131.0;105.5;55.0;MK-220;0.1;0.1
980;98.0;79.5;36.0;Taseli;1.0;1.0
981;161.0;142.5;65.0;AMG 23;0.333;0.333
982;92.0;84.5;33.0;AZD776;0.1;0.1
983;145.0;132.5;72.0;Dabraf;0.1;0.1
984;104.0;88.0;34.0;ABT-73;0.333;0.333
985;27.0;20.0;12.0;AZD805;10.0;10.0
986;76.0;62.0;26.0;Nutlin;0.1;0.1
987;62.0;53.0;25.0;Linsit;0.00833;0.00833
988;78.0;69.5;31.0;[tetr];2.5;2.5
989;115.0;103.5;47.75;Taseli;0.0333;0.0333
990;97.0;84.5;37.0;tricir;10.0;10.0
991;63.0;47.0;20.5;SB5051;0.0333;0.0333
992;48.0;35.0;18.75;ABT-73;10.0;10.0
993;87.0;71.0;33.5;Ruxoli;0.1;0.1
994;112.5;91.5;40.25;MK-220;0.0333;0.0333
995;172.0;154.5;70.0;[dmso];0.1;0.1
996;135.5;106.5;51.5;AZD454;0.00833;0.00833
997;40.0;37.5;17.0;MK-177;10.0;10.0
998;151.0;124.5;52.5;Linsit;0.0333;0.0333
999;132.0;113.5;49.0;LGK974;1.0;1.0
1000;152.0;146.0;70.5;SB2167;0.1;0.1
1001;139.0;119.5;54.5;ABT-73;0.00833;0.00833
1002;55.0;44.5;25.5;Abemac;10.0;10.0
1003;111.0;100.5;47.5;[berb];2.5;2.5
1004;101.0;86.0;37.0;SB5051;0.1;0.1
1005;98.0;71.5;37.0;Ruxoli;1.0;1.0
1006;112.0;93.0;38.5;LY2603;0.333;0.333
1007;92.0;67.0;30.5;AZD454;0.1;0.1
1008;101.0;81.0;39.0;Velipa;0.00833;0.00833
1009;109.0;93.5;40.0;Abemac;0.1;0.1
1010;93.0;89.0;33.0;MK-220;1.0;1.0
1011;148.0;116.0;58.0;SB2167;0.333;0.333
1012;141.0;122.0;45.0;MK-177;0.333;0.333
1013;152.0;120.0;59.0;MK-177;0.0333;0.0333
1014;140.0;118.0;60.5;LY2603;0.1;0.1
1015;150.0;124.75;46.75;[dmso];0.1;0.1
1016;169.0;145.5;61.5;Linsit;0.333;0.333
1017;94.0;78.5;35.5;BMS-75;0.333;0.333
1018;178.0;134.0;65.0;[tetr];2.5;2.5
1019;93.0;75.5;31.5;Linsit;10.0;10.0
1020;169.0;150.0;63.0;Taseli;0.00833;0.00833
1021;208.0;170.5;77.0;[dmso];0.1;0.1
1022;175.0;150.0;61.0;Taseli;0.0333;0.0333
1023;97.5;85.25;35.5;Navito;0.333;0.333
1024;192.0;161.5;70.5;Abemac;0.0333;0.0333
1025;134.0;105.0;54.0;LGK974;0.1;0.1
1026;124.0;107.0;45.0;LGK974;0.00833;0.00833
1027;96.0;86.0;37.0;AZD776;0.333;0.333
1028;134.0;106.75;49.0;SB2167;10.0;10.0
1029;121.0;90.5;38.0;AZD454;0.00833;0.00833
1030;52.0;37.5;21.5;BMS-75;0.1;0.1
1031;89.0;67.5;32.0;[dmso];0.1;0.1
1032;91.0;77.5;33.5;Navito;0.00833;0.00833
1033;116.0;91.0;45.0;tricir;0.1;0.1
1034;26.0;16.0;12.0;Navito;10.0;10.0
1035;70.0;62.0;31.0;Nutlin;1.0;1.0
1036;66.0;55.5;23.5;ABT-73;0.0333;0.0333
1037;89.0;91.5;34.0;Nutlin;0.1;0.1
1038;70.0;86.5;25.0;[fenb];2.5;2.5
1039;159.0;140.5;62.5;Abemac;0.00833;0.00833
1040;146.0;118.0;60.0;Dabraf;0.00833;0.00833
1041;159.0;124.5;58.5;tricir;0.00833;0.00833
1042;78.0;61.5;29.0;AZD805;0.1;0.1
1043;152.0;133.0;61.0;MK-220;0.1;0.1
1044;143.0;110.0;48.0;[flup];2.5;2.5
1045;110.5;86.75;43.0;SB5051;0.00833;0.00833
1046;97.0;81.0;38.0;Velipa;0.0333;0.0333
1047;118.0;90.5;41.5;LY2603;0.1;0.1
1048;96.0;84.25;36.25;[dmso];0.1;0.1
1049;27.0;10.5;9.0;AZD776;10.0;10.0
1050;46.0;43.5;15.5;Vinore;0.333;0.333
1051;25.5;18.25;10.75;Vinore;1.0;1.0
1052;116.0;90.0;38.5;tricir;0.1;0.1
1053;120.0;104.5;43.0;Ruxoli;0.333;0.333
1054;21.0;21.0;9.25;BMS-75;10.0;10.0
1055;31.0;30.0;12.5;AZD805;10.0;10.0
1056;148.0;129.5;61.0;Nutlin;0.333;0.333
1057;148.0;135.0;61.0;Velipa;0.1;0.1
1058;164.0;122.5;64.0;[dmso];0.1;0.1
1059;116.0;100.0;44.5;LGK974;0.333;0.333
1060;99.5;78.5;44.0;tricir;10.0;10.0
1061;26.5;16.5;11.0;Vinore;10.0;10.0
1062;124.0;106.0;45.5;BMS-75;0.0333;0.0333
1063;183.0;137.5;73.0;ABT-73;0.00833;0.00833
1064;74.0;99.0;29.0;[fenb];2.5;2.5
1065;53.0;47.5;20.0;SB5051;10.0;10.0
1066;157.0;128.0;59.0;Navito;0.00833;0.00833
1067;157.0;125.5;56.0;SB2167;0.1;0.1
1068;142.0;131.0;56.0;AMG 23;0.1;0.1
1069;149.0;126.5;53.5;AMG 23;0.0333;0.0333
1070;139.0;112.5;54.0;ABT-73;0.1;0.1
1071;119.0;89.0;50.0;SB5051;0.1;0.1
1072;121.0;93.5;37.5;[dmso];0.1;0.1
1073;84.0;75.0;33.0;Dabraf;0.0333;0.0333
1074;27.0;27.0;11.0;Navito;0.1;0.1
1075;62.0;51.5;20.0;AZD776;0.333;0.333
1076;93.0;71.5;32.5;AZD805;0.0333;0.0333
1077;120.0;107.0;47.0;Nutlin;10.0;10.0
1078;86.0;64.0;29.0;AZD454;0.1;0.1
1079;41.5;33.0;18.75;[etop];2.5;2.5
1080;69.0;68.0;29.0;SB5051;1.0;1.0
1081;119.0;109.5;34.5;SB2167;1.0;1.0
1082;169.0;134.5;59.0;LGK974;0.0333;0.0333
1083;85.0;72.5;35.0;AZD805;0.333;0.333
1084;175.0;146.5;74.0;[dmso];0.1;0.1
1085;141.0;90.5;55.0;MK-220;0.333;0.333
1086;130.0;91.5;51.0;SB5051;0.333;0.333
1087;113.0;84.5;41.0;MK-177;0.00833;0.00833
1088;63.0;67.5;21.0;MK-177;1.0;1.0
1089;51.0;50.0;22.0;Vinore;0.1;0.1
1090;68.0;57.5;27.5;MK-220;10.0;10.0
1091;104.0;88.5;44.5;Velipa;1.0;1.0
1092;49.0;64.5;23.0;Vinore;0.0333;0.0333
1093;102.0;78.5;37.0;[flup];2.5;2.5
1094;80.0;66.5;28.5;Linsit;0.1;0.1
1095;98.0;67.5;35.5;LGK974;10.0;10.0
1096;65.0;55.5;25.0;MK-220;10.0;10.0
1097;104.0;74.5;35.0;LY2603;0.0333;0.0333
1098;60.0;64.5;20.0;Vinore;0.0333;0.0333
1099;108.0;95.0;44.0;Taseli;0.1;0.1
1100;143.5;128.0;57.5;[dmso];0.1;0.1
1101;188.0;134.0;71.0;Dabraf;0.1;0.1
1102;159.0;125.5;53.0;AMG 23;0.00833;0.00833
1103;122.0;97.5;54.5;Velipa;0.333;0.333
1104;181.0;159.5;71.0;tricir;0.0333;0.0333
1105;183.0;146.0;67.5;[tetr];2.5;2.5
1106;176.0;160.5;59.0;MK-177;0.00833;0.00833
1107;89.0;112.0;32.0;[fenb];2.5;2.5
1108;130.0;121.5;48.0;AZD805;0.0333;0.0333
1109;186.0;147.0;71.5;Ruxoli;0.00833;0.00833
1110;136.0;115.0;47.0;MK-220;1.0;1.0
1111;143.0;120.5;54.0;Taseli;0.333;0.333
1112;120.0;100.0;40.0;AZD776;0.1;0.1
1113;81.0;88.5;30.0;MK-177;1.0;1.0
1114;136.0;107.25;46.5;Ruxoli;1.0;1.0
1115;23.0;18.0;11.5;Navito;10.0;10.0
1116;88.0;80.5;33.5;tricir;1.0;1.0
1117;65.0;70.0;28.5;Vinore;0.00833;0.00833
1118;60.0;52.5;28.5;[dmso];0.1;0.1
1119;63.0;44.5;21.0;Dabraf;10.0;10.0
1120;77.0;69.5;40.0;LGK974;10.0;10.0
1121;179.0;135.5;58.5;Nutlin;0.00833;0.00833
1122;81.0;60.5;26.5;SB5051;1.0;1.0
1123;64.0;62.0;24.0;Taseli;0.1;0.1
1124;51.0;40.5;22.5;Navito;0.0333;0.0333
1125;105.0;79.0;39.0;SB2167;0.0333;0.0333
1126;162.0;133.0;54.5;AZD454;0.333;0.333
1127;159.0;141.0;66.5;AZD454;1.0;1.0
1128;131.0;113.0;53.0;BMS-75;0.00833;0.00833
1129;131.0;106.5;47.0;Taseli;0.333;0.333
1130;138.0;112.0;49.0;LGK974;1.0;1.0
1131;177.0;134.5;59.5;[dmso];0.1;0.1
1132;130.0;127.5;58.5;Velipa;10.0;10.0
1133;149.0;115.0;57.0;Abemac;0.00833;0.00833
1134;161.0;131.0;65.0;Linsit;0.1;0.1
1135;128.0;112.0;45.0;AZD776;0.0333;0.0333
1136;55.0;48.5;25.0;[etop];2.5;2.5
1137;73.0;55.0;25.0;SB5051;0.00833;0.00833
1138;74.0;62.0;31.0;MK-220;0.00833;0.00833
1139;27.0;20.5;7.0;Taseli;10.0;10.0
1140;95.0;98.0;34.0;LY2603;10.0;10.0
1141;60.0;58.5;24.5;BMS-75;1.0;1.0
1142;150.0;110.0;56.0;AMG 23;0.0333;0.0333
1143;159.0;157.5;62.0;[flup];2.5;2.5
1144;164.0;134.5;56.0;Taseli;0.00833;0.00833
1145;141.0;116.0;44.0;AMG 23;0.333;0.333
1146;58.0;54.0;22.5;Linsit;10.0;10.0
1147;156.0;122.0;52.0;LY2603;1.0;1.0
1148;177.0;154.0;69.0;[dmso];0.1;0.1
1149;166.0;139.5;66.0;Ruxoli;0.0333;0.0333
1150;145.0;133.0;54.0;Dabraf;1.0;1.0
1151;222.0;184.0;77.5;ABT-73;0.333;0.333
1152;183.0;150.5;70.5;Nutlin;0.0333;0.0333
1153;195.0;153.5;65.0;SB2167;0.0333;0.0333
1154;143.0;126.0;46.0;tricir;1.0;1.0
1155;149.0;111.0;59.0;[berb];2.5;2.5
1156;156.0;125.5;58.0;Ruxoli;0.00833;0.00833
1157;166.0;134.5;60.0;[dmso];0.1;0.1
1158;163.0;125.5;68.0;Velipa;0.0333;0.0333
1159;133.0;105.0;56.0;Abemac;0.0333;0.0333
1160;109.0;86.0;41.5;Abemac;0.333;0.333
1161;50.0;36.5;23.0;Abemac;0.333;0.333
1162;53.0;37.0;21.5;SB5051;0.0333;0.0333
1163;80.0;64.5;33.0;[berb];2.5;2.5
1164;62.0;63.0;29.0;ABT-73;1.0;1.0
1165;55.0;48.0;19.0;MK-177;0.333;0.333
1166;23.0;23.5;12.5;Vinore;1.0;1.0
1167;69.0;55.5;27.0;AZD454;1.0;1.0
1168;72.0;68.0;26.5;AZD776;0.00833;0.00833
1169;121.0;93.5;45.5;MK-220;0.00833;0.00833
1170;160.0;138.5;54.0;AMG 23;0.00833;0.00833
1171;141.0;117.0;54.0;SB2167;0.00833;0.00833
1172;120.0;104.5;43.5;LGK974;0.333;0.333
1173;83.0;75.5;28.0;Navito;1.0;1.0
1174;145.0;109.0;53.5;[dmso];0.1;0.1
1175;156.0;145.5;55.5;ABT-73;0.1;0.1
1176;123.0;89.5;50.0;[dmso];0.1;0.1
1177;26.0;22.5;14.0;BMS-75;10.0;10.0
1178;114.0;98.5;46.5;Ruxoli;10.0;10.0
1179;120.0;100.5;42.0;tricir;0.333;0.333
1180;102.0;92.5;40.0;tricir;0.0333;0.0333
1181;108.0;85.0;40.0;LY2603;1.0;1.0
1182;88.0;81.0;34.0;SB2167;1.0;1.0
1183;107.0;90.5;39.0;[dmso];0.1;0.1
1184;86.0;73.0;28.0;Ruxoli;10.0;10.0
1185;111.0;101.0;39.0;LGK974;0.0333;0.0333
1186;98.0;106.0;38.0;Linsit;0.333;0.333
1187;91.0;78.0;39.5;BMS-75;0.0333;0.0333
1188;131.5;123.75;47.75;ABT-73;1.0;1.0
1189;94.0;90.5;37.5;LY2603;0.333;0.333
1190;133.0;112.5;52.0;[dmso];0.1;0.1
1191;121.0;86.0;44.0;Abemac;1.0;1.0
1192;113.0;109.5;40.0;ABT-73;10.0;10.0
1193;117.0;89.5;42.5;Dabraf;1.0;1.0
1194;88.0;80.5;32.0;LY2603;10.0;10.0
1195;127.0;113.5;52.5;AMG 23;1.0;1.0
1196;118.0;123.5;54.0;SB2167;10.0;10.0
1197;61.0;55.0;23.0;AZD805;0.333;0.333
1198;160.0;136.5;63.0;AZD776;0.0333;0.0333
1199;128.5;101.25;46.5;tricir;0.00833;0.00833
1200;44.0;36.5;14.0;AZD805;1.0;1.0
1201;147.0;129.5;57.0;Nutlin;0.0333;0.0333
1202;97.0;80.0;33.0;Linsit;1.0;1.0
1203;91.0;71.0;33.0;Navito;0.1;0.1
1204;96.0;69.5;35.5;[tetr];2.5;2.5
1205;94.5;85.75;31.5;ABT-73;0.0333;0.0333
1206;44.0;37.0;15.0;AMG 23;10.0;10.0
1207;29.0;20.0;11.0;SB5051;10.0;10.0
1208;100.0;74.0;30.0;[dmso];0.1;0.1
1209;78.0;78.0;38.0;MK-177;0.0333;0.0333
1210;47.0;39.0;18.0;BMS-75;0.333;0.333
1211;77.0;68.0;24.5;AZD776;0.00833;0.00833
1212;55.0;41.0;27.0;Linsit;0.0333;0.0333
1213;40.0;45.0;18.0;[fenb];2.5;2.5
1214;39.0;45.5;13.0;AZD805;1.0;1.0
1215;142.0;120.5;60.0;Velipa;0.1;0.1
1216;81.0;70.0;30.0;Nutlin;10.0;10.0
1217;60.0;55.0;30.5;AZD454;10.0;10.0
1218;119.0;87.5;38.5;Abemac;1.0;1.0
1219;45.0;42.0;17.5;Vinore;0.333;0.333
1220;101.0;96.5;39.0;Navito;0.0333;0.0333
1221;147.0;129.0;49.0;Nutlin;0.00833;0.00833
1222;103.0;75.0;35.0;[dmso];0.1;0.1
1223;114.0;92.0;45.5;Dabraf;0.333;0.333
1224;48.0;44.5;18.5;BMS-75;0.1;0.1
1225;102.0;83.0;39.0;AZD454;0.0333;0.0333
1226;69.0;56.0;23.0;Velipa;10.0;10.0
