PC1,PC2,slice
3.6802532997965227,8.360288752524943,6
0.9194766062103599,9.158590559001032,7
6.850026697846215,5.468946546994237,4
5.161893440289937,7.218415960435992,5
8.159233470854424,1.533990201916979,3
-2.7665980568281374,11.565998054272944,10
8.161250917315916,-2.192806827343102,2
-5.215588836776658,12.303869787693175,11
5.809711082802113,-6.853634751273992,1
-6.55867071111156,-8.32509383994665,0
-0.9332666399848905,10.707711236572623,9
1.3613931012346985,9.575007750874892,8
12.801195203099134,3.317704001034891,6
8.805323872183187,5.864994473601592,7
22.215225763369705,0.7843122953588763,4
17.043635217722294,0.5370775623020918,5
27.58754751981375,-4.0035566304668295,3
-1.65658001094106,9.749429589203993,10
28.968579937259182,-9.749642595847485,2
-2.06024133967644,11.946041824697838,11
25.897803764266325,-14.416084832772233,1
1.8810625906691245,-23.501549966358258,0
2.149402410447443,8.676755491988521,9
4.667803194811302,6.674408115124554,8
-5.863942090197072,4.709649920113718,6
-3.5458230900257774,8.055329978321197,7
-5.021303830778705,0.9418479375431662,4
-4.980835723404239,3.197572723813536,5
-2.857459960278445,-3.3257956222314786,3
-7.889534973679447,9.614663807649595,10
-8.488504265468737,-4.0102223520101985,2
-10.88644057325388,8.981180860819446,11
-15.006575840460647,-8.980586309285881,1
-21.82332771308452,-10.640394709823925,0
-5.375266001947242,8.96811946435344,9
-6.02689540802436,6.488449380553723,8
-0.16189227154643088,2.6123348223231373,6
-0.9236501441351356,3.935868911317758,7
1.7575095170363362,-6.920481800587975,4
2.3424086244494737,-2.1987097820145145,5
1.360549851196123,-10.537834391364767,3
-7.45676570374047,8.381097198397677,10
-0.7785421497043223,-11.842688174238257,2
-9.14059050337262,9.932183682237191,11
-10.561435557183742,-20.07948108521438,1
-21.412634659737364,-19.059443970833435,0
-4.072224675160859,7.732471034815653,9
-1.3276876134838445,6.146751391318485,8
4.585007583379149,6.673069070031754,6
1.9797266641509086,6.542367398104729,7
6.225077764820239,4.70191206665224,4
5.4124728442076355,5.087876038220958,5
5.535452759866641,2.0702333059739972,3
-4.5733102427433785,9.038273562032083,10
6.207575167997107,-1.0662635261979798,2
-8.033526304619652,8.902626607763166,11
2.3634115008914818,-5.293806330060803,1
-3.0697073674800377,-3.4738402568982267,0
-1.67225893054766,8.72871203321717,9
-1.853401619750943,6.919342920496808,8
-2.8902237804471693,6.094505482625348,6
-6.667762210886852,6.642251441426932,7
-0.3498131752080267,2.9786096898575396,4
-6.805401029711577,2.3052280991879197,5
2.4819485710011873,0.8080427730370633,3
-8.66229391384368,9.048109515415891,10
-3.6212349124991374,-4.629673679602064,2
-9.902557262844622,9.995261455688803,11
-13.741888573801951,-3.604596040425739,1
-19.821493790823148,-11.755791468013586,0
-6.4670542636789365,9.377428152554401,9
-7.15105833556559,7.1846638625534505,8
10.74934426414422,4.791315095654448,6
7.346475917091415,4.323041172705765,7
19.842590736749308,1.8589867319255264,4
14.254969311660583,2.6728040544829934,5
24.790305243262537,-0.9758284930530281,3
1.7626711968352924,11.187090621523822,10
19.88674717664071,-8.459998544374438,2
-1.0738071627325034,11.729596322709712,11
11.82629559581263,-15.782353907217045,1
-4.566470669199311,-33.55138911221631,0
2.4375792317839826,9.388615235038015,9
4.4958273220138,6.150027355412059,8
7.03308819103724,0.9367119182620787,6
6.439732237782101,4.219231389756801,7
11.89594586947201,-4.784485610374358,4
10.098424008976245,-1.005826382341568,5
11.857334236349537,-5.8271745383420495,3
-0.30521942762297755,8.550969343293504,10
16.41220807474154,-10.870540743226504,2
0.4354670089778853,10.49529068644153,11
1.4510911874180548,-20.737998095992147,1
-11.155687247198255,-22.798559151918855,0
2.115773008275347,5.163078550575213,9
4.769813379206457,2.6901760700668715,8
-9.343745472782567,7.9070871921442665,6
-8.621239603389988,9.94068751276757,7
-7.770252455058182,4.232407876568062,4
-7.94131100642422,5.302621671835022,5
-4.131184357658701,0.5417647041249886,3
-15.024868595608053,11.539099549877276,10
-9.78508129385292,-1.3833599259991802,2
-15.161257332877174,11.777869465695527,11
-13.457888188986088,-1.713582944131187,1
-14.74984513279603,-5.134341112748618,0
-11.814134905135477,12.104480767362453,9
-9.062676723121697,11.532603097726872,8
3.458924481491708,1.318852636072139,6
3.3775438767276307,3.3477417043288615,7
3.067685934196385,-7.489208392653217,4
4.089740430447269,-1.209631930186309,5
1.3501006000258549,-12.344733525443898,3
0.04073855616573052,8.573011505283302,10
1.559298535659568,-16.676226130392845,2
-4.332515696414098,8.376226319299183,11
-9.801409251764786,-21.973629366605646,1
-25.923577841133874,-34.14974993125646,0
0.6415585724260192,8.37931410928645,9
3.1476338164183724,6.400625399073455,8
-2.8308108097221267,7.397754412651094,6
-4.1418800744910245,9.698508709602702,7
-3.1630428944661078,3.9516711325645497,4
-2.0423523393706313,5.640421519242235,5
-0.7364468095164463,2.646257725000043,3
-13.667483574949998,10.28662651796807,10
5.513428900317601,-3.098498221821013,2
-12.312037947058148,11.540611722795143,11
2.3103603088605658,-4.25956160110599,1
-10.526841176991232,-4.83221556535322,0
-8.93442469973217,10.062291218175819,9
-8.974329530917352,8.209120090245035,8
-1.8667595000487895,9.52137597936033,6
-3.5970063243872428,10.948401337349809,7
-4.399883569833431,2.3941309330378893,4
-3.1343671369940784,7.833212766356949,5
-0.17920542486579982,3.486805018838546,3
-13.579306758512733,10.643478392135615,10
-0.43999861425610065,0.3832675554257747,2
-16.619032977784492,11.378242698249128,11
-12.621045312203147,-9.448626409750661,1
-29.6468829407188,-19.574032890826036,0
-10.299652853084151,11.860021911985827,9
-8.872013592931351,10.1003126256673,8
9.318708570230953,0.7155174239861365,6
7.042076232138794,-0.13150714319223483,7
14.713631538910843,-2.5845826766705144,4
12.658952406079035,0.4688238280906777,5
8.78557525241247,-9.373937418980267,3
-5.477438678347708,5.472216307950031,10
6.866434047353071,-14.795777810620846,2
-6.15954416422532,6.828590116995614,11
2.1353518887328207,-30.081701149880278,1
-23.98460532978208,-49.535019495818716,0
-0.6088431707997786,4.389888375689204,9
1.3803511906945387,3.872320076150845,8
5.6983980322586385,5.257709259523408,6
2.990233523185967,3.788048844822441,7
8.47292893863888,1.8475237350713947,4
11.612419600274636,3.252460099133089,5
10.081355341964493,2.8080655051545325,3
5.391992049531208,10.861851937223705,10
5.19742378658688,0.2403454071702796,2
0.7339790629947054,12.376427116228243,11
2.652161075454413,-1.5656369600500417,1
-14.374505654263928,-9.847060647606714,0
2.692970764752289,7.122695452538251,9
4.128344832816747,6.573861200181042,8
26.915812347035462,-3.238721818330142,6
25.114669111234335,-0.4133953336719222,7
32.015360902969405,-11.029485018045406,4
30.505507966228823,-5.730000046253336,5
28.77264075583477,-7.955367175723205,3
12.40652522377215,6.066618879564391,10
30.34801365810961,-11.162054388782504,2
9.256499981638825,6.912929869624722,11
22.49527715885522,-13.025030162670966,1
-6.853734584411078,-17.261790009875217,0
17.896082435742308,3.5625669829999413,9
22.44103666211748,1.9787553219341152,8
15.948128895343894,-4.238003536350478,6
15.715327119554322,-1.766643050959061,7
20.7896394379208,-6.753927232664643,4
20.198450739561732,-4.112947807183752,5
19.459877683652472,-9.911261623626425,3
10.557726064816903,7.569339716888576,10
15.174781833073247,-10.706994530243962,2
9.92986334610563,10.07026405763822,11
-0.4520808763211556,-21.9043039594767,1
-18.64591143421681,-23.038262223208342,0
12.483685218694719,5.79013416759022,9
15.175098097645998,2.2435313894010265,8
4.759650316296956,6.227423662457098,6
3.1446216267952205,7.90179434482644,7
10.180864441802928,2.8309925735739347,4
7.40484600231623,3.6733895264848107,5
15.262456885824443,1.3527467459148645,3
-0.2112558348436553,13.382384340519929,10
13.543132253831063,-5.141235386618943,2
-3.6661834266108504,13.931335777219363,11
5.702773752731143,-10.70974293877715,1
2.950866605522695,-13.516085613058621,0
-0.864355236649021,10.759127301645398,9
1.7359400052529017,9.62299980694901,8
-7.320681596996884,-0.296094533090886,6
-7.293146616947264,2.4691267922140683,7
-4.869811873886967,-4.70480009438168,4
-3.418621170285087,-2.805907211009892,5
-4.243610006421639,-6.426861679575823,3
-3.2162130913545477,5.7317400798528455,10
-4.32414904995677,-6.112858265274106,2
-4.470784432321484,3.449967655805288,11
-6.399433131493386,-9.635580139351108,1
-14.280640231839989,-16.538626402132735,0
-4.7626404309809,7.776667601309466,9
-4.126310232981817,6.350957155475225,8
-13.53805708421057,4.405157974338962,6
-15.666283958885733,4.625422447839932,7
-8.817939101935119,1.8200386249817768,4
-8.875901112406002,5.323400195356508,5
-12.415292490657686,-0.7383503732145631,3
-18.61894146515779,1.0397961631604011,10
-16.629531800031558,-8.828355855340723,2
-16.285291428536894,6.27817968439554,11
-19.14601947511457,-18.05949191666142,1
-23.14680623509202,-17.281737681897095,0
-14.455256304563756,2.6814210337359388,9
-15.869391205703526,4.892385063660206,8
22.311605105591674,0.6946939190566612,6
21.390369022447146,2.1447066358033493,7
26.292558983376882,-2.659582050497399,4
23.14057143770653,-3.4068438388294067,5
30.98932747710219,-5.484009092959211,3
12.846161521654178,9.358492371532549,10
25.93047552297178,-11.167134852420041,2
9.311183771255674,11.131344990660956,11
8.75636442286715,-20.889727088872426,1
-13.333399853206855,-45.426138357153455,0
15.4848966636893,6.470818326522009,9
20.022136179786703,5.306444132834818,8
8.77636463869871,5.02934605720898,6
7.227372465749546,6.847447108573982,7
12.403070557353423,-0.05823039813474124,4
9.025349006099061,3.939252523779877,5
12.390345891250323,-2.02670887636932,3
0.5172868728108221,9.445660079381149,10
12.337805021063755,-5.5638936331749065,2
-2.017010926848228,8.886720362330985,11
11.15808717185064,-8.995655224451696,1
-1.2192452075841873,-16.20343200395217,0
0.7913830737274511,7.386566580850212,9
3.678651148703812,6.386387880843494,8
21.029778767830944,-2.824071865685141,6
18.16521887660548,-0.3206683055355631,7
21.412412001222368,-8.022341817275233,4
20.064610306194147,-6.88195353570967,5
18.33274317468044,-10.691256921490337,3
6.991524410810894,6.672406402220995,10
9.901603470704075,-16.373189632566703,2
3.7852416271242104,7.594954070529139,11
14.16870164590845,-13.831451683542022,1
-7.121365335630562,-5.653185683833254,0
11.592982923832091,3.9804377586113993,9
14.40509368977649,0.9823954578251615,8
-29.99251838668816,4.043816359328384,6
-26.310384834386667,7.833124726202966,7
-24.623459659439256,8.127005262285733,4
-28.800496058554025,5.745392981748122,5
-27.260607840428168,3.9023410576154838,3
-34.797173386675894,3.776862188128926,10
-25.709318042666805,2.4620735781095435,2
-39.46404116824468,-7.658686260333401,11
-27.401426618355114,0.12763348099345226,1
-28.83030580451428,-3.248604279919762,0
-29.515165304133816,2.9505471233545326,9
-29.877619640869067,9.002071165806418,8
9.782139213282171,5.977119193402509,6
4.65959525189184,7.888896200514909,7
14.635662621124476,1.6466880301921392,4
12.537959811134659,5.111089947691674,5
16.132748567756874,-1.9721292391755743,3
-0.4968633545472991,11.816649239701103,10
19.86409759071125,-2.921525147150066,2
-2.8992098234224266,12.459355960292202,11
10.882475491234757,-8.935771702078554,1
1.3224298404210184,-18.390839409253907,0
2.8685208131040585,10.484185222367833,9
3.647254354337711,10.03574960445324,8
-0.5459026868403971,-13.897714251633957,6
-5.521905911063565,-10.779808536796414,7
-0.10093407937483659,-19.196659893379344,4
1.8196618256129378,-15.327245093063418,5
3.5000661158178596,-21.344186605789325,3
-14.960283151416878,-2.931852237126475,10
-2.3486104102973604,-26.300158780258343,2
-21.17259887436506,-7.156168571802374,11
-20.027098955256623,-28.58578122695187,1
-33.13773751546263,-15.951972555616882,0
-10.822141145675387,-4.510431873394365,9
-7.6180838423637995,-6.071949359057625,8
0.8093460987251939,8.323427016878453,6
0.7294609386287075,9.825370986925064,7
-0.027619966799934358,4.41184135266757,4
3.6880799048593245,8.875391266278308,5
2.02966196913661,1.8025857223403097,3
-0.5727694461332828,10.88819708464608,10
-5.258326115638476,-4.39443861045481,2
-2.745395942117418,12.532158529476675,11
-10.924115224672283,-9.470534829916868,1
-17.652655959144088,-19.045973155186935,0
-2.991909806780422,9.702693088954195,9
-1.59571542281021,10.36716902766194,8
-0.14271200769708858,7.523983720158883,6
-1.5197148782044003,6.1036081469287655,7
-2.6795584052381476,-4.195971694397235,4
0.0916697363968081,0.904303071079698,5
-0.6155729419011934,-3.7756948295369015,3
-7.380483356071767,8.911858600196064,10
-1.5621973752124327,-4.035239496535283,2
-9.079071388507234,10.059908523004047,11
-9.11213342996198,-8.297812156131275,1
-15.654094353010597,-14.16247739573803,0
-5.190990106297186,8.67903109726031,9
-3.1119726404745665,6.246910629346333,8
-10.302481923876785,10.654879882847311,6
-9.328536387224972,12.335989399652675,7
-7.194971584277337,8.011287447586316,4
-9.788395652132722,9.091820077665867,5
-8.256144161623526,4.348254816295578,3
-11.575795292854345,11.728824630283953,10
-7.82933899433503,3.2345266055665984,2
-12.82823491067327,11.824578915361784,11
-14.776546012000416,-1.0018101351727504,1
-20.297268146288165,-8.775761484176748,0
-13.325271589483114,11.117693559787147,9
-10.989901378856333,13.929523013593009,8
15.354641705562594,2.503542238556621,6
12.218712132545244,5.696729397996203,7
15.814720263109091,-6.042086870360913,4
13.100584299580591,-1.0423114881675846,5
14.155662984415327,-9.143166136709034,3
2.6894631359208954,6.4507297952399,10
12.242774595101693,-13.132499107577617,2
0.2219876331871316,7.840099800018684,11
1.8183815581530318,-11.621971096908872,1
-20.163620431099,-9.92617113806629,0
4.768929363929292,3.4492145571693467,9
10.882810771598255,5.9523855672758845,8
