,barcode,well,cell_line,n_unique_cells,n_total_detections,avg_detections_per_cell,median_detections,expected_z_span_slices
0,PB000137,B08_s1,HCT116,238,855,3.592436974789916,3.0,3.0
1,PB000137,B22_s1,HCT116,290,1059,3.6517241379310335,3.0,3.0
2,PB000137,C05_s1,HCT116,766,2780,3.629242819843342,3.0,3.0
3,PB000137,D12_s1,HCT116,816,2914,3.571078431372549,3.0,3.0
4,PB000137,E16_s1,HCT116,452,1619,3.581858407079646,3.0,3.0
5,PB000137,F06_s1,HCT116,457,1683,3.682713347921225,3.0,3.0
6,PB000137,F20_s1,HCT116,621,2363,3.805152979066023,3.0,3.0
7,PB000137,G02_s1,HCT116,373,1489,3.991957104557641,4.0,3.0
8,PB000137,G13_s1,HCT116,477,1741,3.649895178197065,3.0,3.0
9,PB000137,H10_s1,HCT116,401,1569,3.9127182044887774,3.0,3.0
10,PB000137,H17_s1,HCT116,551,2215,4.019963702359346,3.0,3.0
11,PB000137,I21_s1,HCT116,470,1702,3.6212765957446806,3.0,3.0
12,PB000137,J03_s1,HCT116,724,2431,3.3577348066298343,3.0,3.0
13,PB000137,J14_s1,HCT116,732,2560,3.4972677595628414,3.0,3.0
14,PB000137,K11_s1,HCT116,438,1735,3.961187214611872,3.0,3.0
15,PB000137,L07_s1,HCT116,371,1445,3.894878706199461,4.0,3.0
16,PB000137,L18_s1,HCT116,782,2682,3.429667519181585,3.0,3.0
17,PB000137,M23_s1,HCT116,665,2502,3.762406015037594,3.0,3.0
18,PB000137,N15_s1,HCT116,473,1803,3.8118393234672303,3.0,3.0
19,PB000137,O09_s1,HCT116,950,3416,3.5957894736842104,3.0,3.0
20,PB000137,O20_s1,HCT116,639,2619,4.098591549295775,3.0,3.0
21,PB000138,B08_s1,HCT116,2,10,5.0,5.0,3.0
22,PB000138,B22_s1,HCT116,700,2260,3.2285714285714286,3.0,3.0
23,PB000138,C05_s1,HCT116,578,2073,3.586505190311419,3.0,3.0
24,PB000138,D12_s1,HCT116,946,3224,3.4080338266384778,3.0,3.0
25,PB000138,E16_s1,HCT116,746,2688,3.603217158176944,3.0,3.0
26,PB000138,F06_s1,HCT116,658,2260,3.434650455927052,3.0,3.0
27,PB000138,F20_s1,HCT116,795,2596,3.2654088050314467,2.0,3.0
28,PB000138,G02_s1,HCT116,644,2195,3.408385093167702,3.0,3.0
29,PB000138,G13_s1,HCT116,715,2549,3.565034965034965,3.0,3.0
30,PB000138,H10_s1,HCT116,916,3191,3.4836244541484715,3.0,3.0
31,PB000138,H17_s1,HCT116,197,723,3.67005076142132,3.0,3.0
32,PB000138,I21_s1,HCT116,457,1782,3.899343544857768,3.0,3.0
33,PB000138,J03_s1,HCT116,718,2471,3.4415041782729805,3.0,3.0
34,PB000138,J14_s1,HCT116,765,2807,3.669281045751634,3.0,3.0
35,PB000138,K11_s1,HCT116,224,650,2.9017857142857144,2.0,3.0
36,PB000138,L07_s1,HCT116,757,2420,3.196829590488772,2.0,3.0
37,PB000138,L18_s1,HCT116,695,2382,3.4273381294964027,3.0,3.0
38,PB000138,M23_s1,HCT116,841,3000,3.56718192627824,3.0,3.0
39,PB000138,N04_s1,HCT116,10,27,2.7,2.0,3.0
40,PB000138,N15_s1,HCT116,724,2419,3.341160220994475,3.0,3.0
41,PB000138,O09_s1,HCT116,173,731,4.22543352601156,4.0,3.0
42,PB000138,O20_s1,HCT116,327,1149,3.5137614678899083,3.0,3.0
43,PB000139,B04_s1,HCT116,372,1423,3.825268817204301,3.0,3.0
44,PB000139,B15_s1,HT29,453,1671,3.6887417218543046,3.0,3.0
45,PB000139,C10_s1,HCT116,421,1593,3.7838479809976246,3.0,3.0
46,PB000139,C21_s1,HT29,267,1234,4.621722846441948,4.0,3.0
47,PB000139,E13_s1,HT29,466,1917,4.113733905579399,3.0,3.0
48,PB000139,G03_s1,HCT116,542,2000,3.690036900369004,3.0,3.0
49,PB000139,G14_s1,HT29,453,1998,4.410596026490066,3.0,3.0
50,PB000139,H12_s1,HCT116,636,2300,3.6163522012578615,3.0,3.0
51,PB000139,H23_s1,HT29,13,18,1.3846153846153846,1.0,3.0
52,PB000139,I06_s1,HCT116,445,1732,3.892134831460674,3.0,3.0
53,PB000139,I17_s1,HT29,363,1495,4.118457300275482,3.0,3.0
54,PB000139,K03_s1,HCT116,627,2240,3.5725677830940987,3.0,3.0
55,PB000139,K09_s1,HCT116,467,1574,3.3704496788008567,3.0,3.0
56,PB000139,K14_s1,HT29,421,1822,4.327790973871734,3.0,3.0
57,PB000139,K20_s1,HT29,128,439,3.4296875,3.0,3.0
58,PB000139,N05_s1,HCT116,346,1220,3.5260115606936417,3.0,3.0
59,PB000139,N16_s1,HT29,380,1710,4.5,4.0,3.0
60,PB000139,O07_s1,HCT116,150,441,2.94,3.0,3.0
61,PB000139,O11_s1,HCT116,554,2118,3.8231046931407935,3.0,3.0
62,PB000139,O18_s1,HT29,307,1120,3.6482084690553744,3.0,3.0
63,PB000139,O22_s1,HT29,392,1676,4.275510204081633,3.0,3.0
64,PB000140,B04_s1,HCT116,367,1122,3.0572207084468666,2.0,3.0
65,PB000140,B15_s1,HT29,268,853,3.1828358208955225,2.0,3.0
66,PB000140,C10_s1,HCT116,592,2039,3.444256756756757,3.0,3.0
67,PB000140,E02_s1,HCT116,898,3155,3.5133630289532296,3.0,3.0
68,PB000140,E13_s1,HT29,560,2337,4.173214285714286,3.0,3.0
69,PB000140,G03_s1,HCT116,437,1537,3.517162471395881,3.0,3.0
70,PB000140,G14_s1,HT29,535,2204,4.119626168224299,3.0,3.0
71,PB000140,H12_s1,HCT116,542,2054,3.789667896678967,3.0,3.0
72,PB000140,H23_s1,HT29,437,2066,4.727688787185355,4.0,3.0
73,PB000140,I06_s1,HCT116,522,2089,4.001915708812261,3.0,3.0
74,PB000140,I17_s1,HT29,412,1741,4.225728155339806,3.0,3.0
75,PB000140,K03_s1,HCT116,693,2348,3.388167388167388,3.0,3.0
76,PB000140,K09_s1,HCT116,598,2138,3.5752508361204014,3.0,3.0
77,PB000140,K14_s1,HT29,469,2084,4.443496801705757,4.0,3.0
78,PB000140,K20_s1,HT29,446,1914,4.291479820627803,4.0,3.0
79,PB000140,N05_s1,HCT116,778,2786,3.5809768637532136,3.0,3.0
80,PB000140,N16_s1,HT29,414,1761,4.253623188405797,3.0,3.0
81,PB000140,O07_s1,HCT116,569,2052,3.606326889279438,3.0,3.0
82,PB000140,O11_s1,HCT116,653,2357,3.609494640122512,3.0,3.0
83,PB000140,O18_s1,HT29,391,1929,4.933503836317136,4.0,3.0
84,PB000140,O22_s1,HT29,326,1438,4.411042944785276,4.0,3.0
85,PB000141,B08_s1,HT29,356,1599,4.491573033707865,4.0,3.0
86,PB000141,B22_s1,HT29,15,15,1.0,1.0,3.0
87,PB000141,C05_s1,HT29,435,1888,4.340229885057472,3.0,3.0
88,PB000141,D12_s1,HT29,387,1618,4.180878552971576,4.0,3.0
89,PB000141,E16_s1,HT29,391,1827,4.672634271099744,4.0,3.0
90,PB000141,F06_s1,HT29,468,1896,4.051282051282051,3.0,3.0
91,PB000141,G02_s1,HT29,459,1894,4.126361655773421,3.0,3.0
92,PB000141,G13_s1,HT29,440,1885,4.284090909090909,3.0,3.0
93,PB000141,H10_s1,HT29,297,1238,4.168350168350169,3.0,3.0
94,PB000141,H17_s1,HT29,434,1887,4.347926267281106,3.0,3.0
95,PB000141,I21_s1,HT29,406,1810,4.458128078817734,3.0,3.0
96,PB000141,J14_s1,HT29,381,1645,4.31758530183727,3.0,3.0
97,PB000141,K11_s1,HT29,411,1759,4.2798053527980535,3.0,3.0
98,PB000141,L07_s1,HT29,358,1592,4.446927374301676,4.0,3.0
99,PB000141,L18_s1,HT29,417,1888,4.52757793764988,4.0,3.0
100,PB000141,M23_s1,HT29,397,1790,4.508816120906801,4.0,3.0
101,PB000141,N15_s1,HT29,408,1826,4.475490196078432,3.0,3.0
102,PB000141,O09_s1,HT29,524,2341,4.467557251908397,4.0,3.0
103,PB000141,O20_s1,HT29,396,1764,4.454545454545454,4.0,3.0
104,PB000142,B08_s1,HT29,283,973,3.4381625441696118,2.0,3.0
105,PB000142,B22_s1,HT29,270,1038,3.844444444444445,3.0,3.0
106,PB000142,C05_s1,HT29,3,5,1.6666666666666667,1.0,3.0
107,PB000142,D12_s1,HT29,401,1849,4.610972568578553,4.0,3.0
108,PB000142,E16_s1,HT29,232,761,3.280172413793104,2.0,3.0
109,PB000142,F06_s1,HT29,386,1619,4.194300518134715,3.0,3.0
110,PB000142,F20_s1,HT29,343,1668,4.862973760932944,4.0,3.0
111,PB000142,G02_s1,HT29,0,0,0.0,0.0,3.0
112,PB000142,G13_s1,HT29,390,1681,4.31025641025641,4.0,3.0
113,PB000142,H10_s1,HT29,299,1250,4.180602006688964,3.0,3.0
114,PB000142,H17_s1,HT29,109,343,3.146788990825688,3.0,3.0
115,PB000142,I21_s1,HT29,173,701,4.052023121387284,3.0,3.0
116,PB000142,J03_s1,HT29,28,54,1.9285714285714288,2.0,3.0
117,PB000142,J14_s1,HT29,369,1619,4.387533875338754,4.0,3.0
118,PB000142,K11_s1,HT29,385,1708,4.4363636363636365,3.0,3.0
119,PB000142,L07_s1,HT29,355,1446,4.073239436619718,3.0,3.0
120,PB000142,L18_s1,HT29,349,1560,4.469914040114613,3.0,3.0
121,PB000142,M23_s1,HT29,252,881,3.496031746031746,3.0,3.0
122,PB000142,N04_s1,HT29,374,1721,4.601604278074866,4.0,3.0
123,PB000142,N15_s1,HT29,389,1638,4.210796915167095,3.0,3.0
124,PB000142,O09_s1,HT29,364,1498,4.115384615384615,3.0,3.0
125,PB000142,O20_s1,HT29,353,1441,4.0821529745042495,3.0,3.0
