Metadata_PlateWell,Metadata_Site,Metadata_cell_line,ObjectNumber_cytoplasm,ObjectNumber_nuclei,AreaShape_Area_cytoplasm,Metadata_Barcode,Metadata_Well,z_um
PB000137_L07,0,HCT116,40.0,44.0,123496,PB000137,L07,0
PB000140_B15,0,HT29,7.0,10.0,19681,PB000140,B15,0
PB000138_D12,0,HCT116,15.0,18.0,44446,PB000138,D12,0
PB000141_K11,0,HT29,20.0,21.5,78875,PB000141,K11,0
PB000142_F20,0,HT29,14.0,18.0,49908,PB000142,F20,0
PB000142_D12,0,HT29,7.0,8.0,32046,PB000142,D12,0
PB000141_G02,0,HT29,24.0,31.0,94787,PB000141,G02,0
PB000141_D12,0,HT29,5.0,5.0,24726,PB000141,D12,0
PB000138_N04,0,HCT116,7.0,9.5,27956,PB000138,N04,0
PB000139_N16,0,HT29,8.0,8.5,39706,PB000139,N16,0
PB000140_K09,0,HCT116,35.0,40.0,94331,PB000140,K09,0
PB000137_K11,0,HCT116,20.0,20.0,61219,PB000137,K11,0
PB000140_E13,0,HT29,17.0,24.0,71302,PB000140,E13,0
PB000138_G02,0,HCT116,34.0,40.0,103643,PB000138,G02,0
PB000140_G03,0,HCT116,24.0,28.0,81906,PB000140,G03,0
PB000138_F20,0,HCT116,15.0,16.0,41394,PB000138,F20,0
PB000139_B04,0,HCT116,16.0,17.0,51247,PB000139,B04,0
PB000142_I21,0,HT29,23.0,28.0,81242,PB000142,I21,0
PB000142_F06,0,HT29,14.0,15.0,55632,PB000142,F06,0
PB000138_L07,0,HCT116,15.0,19.0,44215,PB000138,L07,0
PB000138_H17,0,HCT116,27.0,31.666666666666668,82773,PB000138,H17,0
PB000139_H23,0,HT29,12.0,15.0,44117,PB000139,H23,0
PB000138_K11,0,HCT116,15.0,15.0,41169,PB000138,K11,0
PB000138_L18,0,HCT116,50.0,59.0,149724,PB000138,L18,0
PB000137_I21,0,HCT116,23.0,25.0,60549,PB000137,I21,0
PB000141_O09,0,HT29,21.0,22.0,85465,PB000141,O09,0
PB000139_G03,0,HCT116,20.0,22.0,60820,PB000139,G03,0
PB000137_F20,0,HCT116,28.0,29.0,83064,PB000137,F20,0
PB000138_N15,0,HCT116,34.0,38.0,106181,PB000138,N15,0
PB000140_H23,0,HT29,15.0,20.5,69300,PB000140,H23,0
PB000139_O07,0,HCT116,34.0,41.0,114332,PB000139,O07,0
PB000138_J14,0,HCT116,23.0,25.0,68520,PB000138,J14,0
PB000142_J14,0,HT29,15.0,20.0,52567,PB000142,J14,0
PB000137_G13,0,HCT116,43.0,46.0,135970,PB000137,G13,0
PB000139_C10,0,HCT116,40.0,44.0,125011,PB000139,C10,0
PB000141_F06,0,HT29,9.0,11.5,40396,PB000141,F06,0
PB000138_I21,0,HCT116,16.0,18.0,51362,PB000138,I21,0
PB000141_L07,0,HT29,21.0,24.0,69107,PB000141,L07,0
PB000138_O09,0,HCT116,10.0,10.5,33575,PB000138,O09,0
PB000142_N04,0,HT29,15.0,18.5,69776,PB000142,N04,0
PB000142_E16,0,HT29,20.0,23.0,78420,PB000142,E16,0
PB000138_C05,0,HCT116,33.0,38.0,116846,PB000138,C05,0
PB000139_B15,0,HT29,4.0,4.0,16747,PB000139,B15,0
PB000142_N15,0,HT29,15.0,18.0,55757,PB000142,N15,0
PB000140_B04,0,HCT116,36.0,39.0,117324,PB000140,B04,0
PB000137_L18,0,HCT116,36.0,44.0,118737,PB000137,L18,0
PB000141_I21,0,HT29,8.0,10.5,40495,PB000141,I21,0
PB000139_E13,0,HT29,12.0,12.0,56480,PB000139,E13,0
PB000140_O22,0,HT29,12.0,17.0,48331,PB000140,O22,0
PB000139_I17,0,HT29,22.0,23.0,76101,PB000139,I17,0
PB000140_O07,0,HCT116,11.0,12.0,38273,PB000140,O07,0
PB000138_B22,0,HCT116,44.0,45.0,99666,PB000138,B22,0
PB000137_H10,0,HCT116,17.0,20.0,55366,PB000137,H10,0
PB000137_N15,0,HCT116,16.0,18.0,48836,PB000137,N15,0
PB000140_O11,0,HCT116,44.0,49.0,143768,PB000140,O11,0
PB000137_H17,0,HCT116,13.0,15.5,37401,PB000137,H17,0
PB000138_J03,0,HCT116,33.0,34.0,108328,PB000138,J03,0
PB000142_O09,0,HT29,7.0,8.0,28748,PB000142,O09,0
PB000137_O09,0,HCT116,26.0,28.0,64908,PB000137,O09,0
PB000137_J14,0,HCT116,19.0,22.0,58130,PB000137,J14,0
PB000140_I06,0,HCT116,50.0,54.0,152998,PB000140,I06,0
PB000139_I06,0,HCT116,40.0,44.0,124376,PB000139,I06,0
PB000142_G13,0,HT29,7.0,7.0,30739,PB000142,G13,0
PB000142_L18,0,HT29,11.0,15.0,44972,PB000142,L18,0
PB000139_O18,0,HT29,15.0,16.0,54854,PB000139,O18,0
PB000142_J03,0,HT29,11.0,13.0,46277,PB000142,J03,0
PB000141_G13,0,HT29,17.0,21.0,75754,PB000141,G13,0
PB000137_G02,0,HCT116,21.0,22.5,63376,PB000137,G02,0
PB000140_I17,0,HT29,5.0,6.0,18045,PB000140,I17,0
PB000140_G14,0,HT29,21.0,22.5,76257,PB000140,G14,0
PB000138_H10,0,HCT116,18.0,21.0,52159,PB000138,H10,0
PB000139_H12,0,HCT116,31.0,35.5,95623,PB000139,H12,0
PB000141_H10,0,HT29,9.0,9.0,38062,PB000141,H10,0
PB000139_K09,0,HCT116,23.0,25.0,76003,PB000139,K09,0
PB000137_D12,0,HCT116,32.0,35.0,93708,PB000137,D12,0
PB000142_H17,0,HT29,17.0,22.333333333333332,75916,PB000142,H17,0
PB000138_F06,0,HCT116,11.0,12.0,32051,PB000138,F06,0
PB000140_K20,0,HT29,17.0,22.0,65770,PB000140,K20,0
PB000139_N05,0,HCT116,21.0,22.0,64974,PB000139,N05,0
PB000142_B22,0,HT29,11.0,12.0,44844,PB000142,B22,0
PB000141_M23,0,HT29,14.0,15.0,47762,PB000141,M23,0
PB000139_O11,0,HCT116,16.0,17.0,51242,PB000139,O11,0
PB000137_E16,0,HCT116,47.0,49.0,126246,PB000137,E16,0
PB000139_C21,0,HT29,3.0,4.0,12841,PB000139,C21,0
PB000137_B22,0,HCT116,20.0,25.0,69865,PB000137,B22,0
PB000140_N16,0,HT29,12.0,14.0,45861,PB000140,N16,0
PB000137_F06,0,HCT116,14.0,15.0,40834,PB000137,F06,0
PB000138_G13,0,HCT116,20.0,22.0,54263,PB000138,G13,0
PB000141_C05,0,HT29,27.0,31.0,97658,PB000141,C05,0
PB000141_N15,0,HT29,7.0,9.0,33536,PB000141,N15,0
PB000142_C05,0,HT29,10.0,12.5,37705,PB000142,C05,0
PB000139_G14,0,HT29,22.0,23.0,76764,PB000139,G14,0
PB000141_J14,0,HT29,10.0,11.0,31353,PB000141,J14,0
PB000142_K11,0,HT29,17.0,20.0,78624,PB000142,K11,0
PB000141_L18,0,HT29,6.0,6.0,29334,PB000141,L18,0
PB000140_N05,0,HCT116,23.0,27.0,72185,PB000140,N05,0
PB000139_K20,0,HT29,16.0,20.0,59895,PB000139,K20,0
PB000140_E02,0,HCT116,26.0,30.0,82434,PB000140,E02,0
PB000140_H12,0,HCT116,25.0,27.0,75654,PB000140,H12,0
PB000137_C05,0,HCT116,52.0,59.0,184818,PB000137,C05,0
PB000142_M23,0,HT29,8.0,8.0,28337,PB000142,M23,0
PB000141_H17,0,HT29,17.0,21.0,70310,PB000141,H17,0
PB000138_E16,0,HCT116,8.0,10.0,27087,PB000138,E16,0
PB000141_E16,0,HT29,20.0,23.0,68986,PB000141,E16,0
PB000138_M23,0,HCT116,17.0,17.0,48918,PB000138,M23,0
PB000142_L07,0,HT29,24.0,25.0,93361,PB000142,L07,0
PB000140_C10,0,HCT116,17.0,20.0,55852,PB000140,C10,0
PB000142_H10,0,HT29,7.0,7.0,28952,PB000142,H10,0
PB000137_J03,0,HCT116,29.0,35.0,95880,PB000137,J03,0
PB000139_O22,0,HT29,26.0,31.0,104719,PB000139,O22,0
PB000140_O18,0,HT29,23.0,28.5,96720,PB000140,O18,0
PB000137_M23,0,HCT116,21.0,24.0,61478,PB000137,M23,0
PB000139_B04,1,HCT116,29.0,33.0,88435,PB000139,B04,5
PB000141_K11,1,HT29,32.0,38.0,132510,PB000141,K11,5
PB000142_B22,1,HT29,22.0,28.0,83748,PB000142,B22,5
PB000142_N15,1,HT29,31.0,36.0,119852,PB000142,N15,5
PB000139_I06,1,HCT116,68.0,77.0,203706,PB000139,I06,5
PB000139_O11,1,HCT116,28.0,31.0,88845,PB000139,O11,5
PB000138_F20,1,HCT116,30.0,33.0,88046,PB000138,F20,5
PB000142_M23,1,HT29,15.0,18.0,52918,PB000142,M23,5
PB000140_O18,1,HT29,35.0,39.0,138919,PB000140,O18,5
PB000140_E02,1,HCT116,53.0,57.0,173091,PB000140,E02,5
PB000138_H17,1,HCT116,42.0,51.0,119415,PB000138,H17,5
PB000140_H23,1,HT29,33.0,42.0,130734,PB000140,H23,5
PB000141_I21,1,HT29,23.0,26.0,87222,PB000141,I21,5
PB000142_N04,1,HT29,41.0,46.5,144559,PB000142,N04,5
PB000141_C05,1,HT29,45.0,53.0,173662,PB000141,C05,5
PB000140_G14,1,HT29,28.0,32.0,103082,PB000140,G14,5
PB000138_N04,1,HCT116,9.0,9.5,39343,PB000138,N04,5
PB000139_E13,1,HT29,20.0,21.5,84457,PB000139,E13,5
PB000141_G02,1,HT29,37.0,44.0,154088,PB000141,G02,5
PB000141_F06,1,HT29,18.0,20.0,68845,PB000141,F06,5
PB000139_N05,1,HCT116,33.0,37.0,98763,PB000139,N05,5
PB000138_L18,1,HCT116,86.0,102.0,272945,PB000138,L18,5
PB000141_J14,1,HT29,17.0,20.0,53615,PB000141,J14,5
PB000137_F06,1,HCT116,32.0,34.0,88208,PB000137,F06,5
PB000140_O07,1,HCT116,17.0,21.0,60353,PB000140,O07,5
PB000139_H12,1,HCT116,50.0,56.0,158212,PB000139,H12,5
PB000140_N05,1,HCT116,43.0,48.0,153412,PB000140,N05,5
PB000138_N15,1,HCT116,56.0,69.0,177232,PB000138,N15,5
PB000137_C05,1,HCT116,86.0,101.5,296108,PB000137,C05,5
PB000142_O09,1,HT29,12.0,13.0,45615,PB000142,O09,5
PB000141_L18,1,HT29,20.0,25.0,81230,PB000141,L18,5
PB000138_O09,1,HCT116,20.0,24.0,61979,PB000138,O09,5
PB000137_D12,1,HCT116,55.0,63.0,184603,PB000137,D12,5
PB000142_F20,1,HT29,30.0,32.0,103641,PB000142,F20,5
PB000138_B22,1,HCT116,69.0,76.0,187734,PB000138,B22,5
PB000142_F06,1,HT29,27.0,34.0,104925,PB000142,F06,5
PB000137_G02,1,HCT116,47.0,54.5,121565,PB000137,G02,5
PB000138_M23,1,HCT116,31.0,40.0,97388,PB000138,M23,5
PB000140_C10,1,HCT116,23.0,27.0,78789,PB000140,C10,5
PB000137_G13,1,HCT116,66.0,81.0,212929,PB000137,G13,5
PB000140_K20,1,HT29,31.0,35.0,124847,PB000140,K20,5
PB000140_I06,1,HCT116,71.0,81.0,227437,PB000140,I06,5
PB000138_G13,1,HCT116,33.0,40.0,102625,PB000138,G13,5
PB000141_L07,1,HT29,32.0,39.0,112347,PB000141,L07,5
PB000141_E16,1,HT29,41.0,48.0,141802,PB000141,E16,5
PB000142_H17,1,HT29,22.0,28.5,91985,PB000142,H17,5
PB000138_C05,1,HCT116,61.0,68.5,193614,PB000138,C05,5
PB000140_B04,1,HCT116,45.0,51.0,148683,PB000140,B04,5
PB000138_D12,1,HCT116,32.0,37.0,100410,PB000138,D12,5
PB000139_B15,1,HT29,13.0,16.0,46515,PB000139,B15,5
PB000141_H17,1,HT29,30.0,37.0,118051,PB000141,H17,5
PB000140_B15,1,HT29,19.0,19.0,54952,PB000140,B15,5
PB000141_B22,1,HT29,5.0,7.0,13942,PB000141,B22,5
PB000138_F06,1,HCT116,19.0,22.5,56328,PB000138,F06,5
PB000139_H23,1,HT29,15.0,19.5,54558,PB000139,H23,5
PB000139_K09,1,HCT116,43.0,50.0,137537,PB000139,K09,5
PB000137_H17,1,HCT116,29.0,31.0,83992,PB000137,H17,5
PB000141_G13,1,HT29,38.0,42.0,140181,PB000141,G13,5
PB000142_L18,1,HT29,21.0,27.5,77233,PB000142,L18,5
PB000137_J03,1,HCT116,58.0,65.0,179601,PB000137,J03,5
PB000140_O11,1,HCT116,75.0,82.0,260331,PB000140,O11,5
PB000137_O09,1,HCT116,44.0,59.5,140681,PB000137,O09,5
PB000142_H10,1,HT29,18.0,20.0,69748,PB000142,H10,5
PB000139_G03,1,HCT116,37.0,39.0,113724,PB000139,G03,5
PB000139_G14,1,HT29,33.0,39.0,123560,PB000139,G14,5
PB000139_O22,1,HT29,35.0,46.0,151268,PB000139,O22,5
PB000137_J14,1,HCT116,26.0,28.0,80111,PB000137,J14,5
PB000140_H12,1,HCT116,41.0,46.0,122613,PB000140,H12,5
PB000137_M23,1,HCT116,38.0,39.0,114812,PB000137,M23,5
PB000142_E16,1,HT29,30.0,38.0,116971,PB000142,E16,5
PB000137_E16,1,HCT116,60.0,74.0,165587,PB000137,E16,5
PB000138_L07,1,HCT116,34.0,39.0,107956,PB000138,L07,5
PB000138_E16,1,HCT116,26.0,26.0,74753,PB000138,E16,5
PB000139_K20,1,HT29,24.0,34.0,81367,PB000139,K20,5
PB000141_O09,1,HT29,39.0,48.5,156032,PB000141,O09,5
PB000137_I21,1,HCT116,47.0,53.0,117718,PB000137,I21,5
PB000142_C05,1,HT29,11.0,17.0,40888,PB000142,C05,5
PB000138_H10,1,HCT116,46.0,53.0,132844,PB000138,H10,5
PB000139_C10,1,HCT116,53.0,60.0,169961,PB000139,C10,5
PB000142_I21,1,HT29,30.0,36.0,102174,PB000142,I21,5
PB000140_K09,1,HCT116,65.0,77.0,179529,PB000140,K09,5
PB000139_O18,1,HT29,34.0,45.0,133446,PB000139,O18,5
PB000138_J03,1,HCT116,62.0,76.0,206296,PB000138,J03,5
PB000138_J14,1,HCT116,44.0,51.0,130063,PB000138,J14,5
PB000139_O07,1,HCT116,55.0,66.0,171947,PB000139,O07,5
PB000141_H10,1,HT29,16.0,20.0,62061,PB000141,H10,5
PB000137_L18,1,HCT116,69.0,79.0,226520,PB000137,L18,5
PB000140_I17,1,HT29,16.0,19.0,55974,PB000140,I17,5
PB000140_G03,1,HCT116,42.0,48.0,145796,PB000140,G03,5
PB000141_N15,1,HT29,18.0,23.0,78878,PB000141,N15,5
PB000137_F20,1,HCT116,49.0,56.0,159162,PB000137,F20,5
PB000140_E13,1,HT29,45.0,55.0,174870,PB000140,E13,5
PB000139_N16,1,HT29,14.0,17.0,71584,PB000139,N16,5
PB000142_L07,1,HT29,40.0,50.0,152956,PB000142,L07,5
PB000140_N16,1,HT29,19.0,20.0,72462,PB000140,N16,5
PB000140_O22,1,HT29,25.0,31.5,91698,PB000140,O22,5
PB000137_K11,1,HCT116,32.0,41.0,108064,PB000137,K11,5
PB000138_G02,1,HCT116,65.0,72.0,194642,PB000138,G02,5
PB000139_C21,1,HT29,13.0,13.0,48336,PB000139,C21,5
PB000141_M23,1,HT29,29.0,37.0,102487,PB000141,M23,5
PB000142_J03,1,HT29,13.0,16.0,58730,PB000142,J03,5
PB000141_D12,1,HT29,15.0,19.0,65485,PB000141,D12,5
PB000142_K11,1,HT29,31.0,35.0,137577,PB000142,K11,5
PB000137_L07,1,HCT116,67.0,74.0,198650,PB000137,L07,5
PB000137_B22,1,HCT116,40.0,47.0,132828,PB000137,B22,5
PB000137_N15,1,HCT116,29.0,34.0,85309,PB000137,N15,5
PB000142_J14,1,HT29,25.0,33.5,100606,PB000142,J14,5
PB000142_G13,1,HT29,18.0,19.0,69251,PB000142,G13,5
PB000137_H10,1,HCT116,38.0,40.0,108611,PB000137,H10,5
PB000138_K11,1,HCT116,18.0,21.0,56496,PB000138,K11,5
PB000139_I17,1,HT29,39.0,44.0,130614,PB000139,I17,5
PB000142_D12,1,HT29,24.0,28.0,100438,PB000142,D12,5
PB000138_I21,1,HCT116,45.0,52.5,146821,PB000138,I21,5
PB000139_O07,2,HCT116,74.0,85.5,223252,PB000139,O07,10
PB000137_F06,2,HCT116,57.0,63.0,164634,PB000137,F06,10
PB000140_N05,2,HCT116,76.0,85.0,262707,PB000140,N05,10
PB000137_E16,2,HCT116,65.0,88.0,188303,PB000137,E16,10
PB000140_I17,2,HT29,29.0,36.0,106315,PB000140,I17,10
PB000139_K20,2,HT29,36.0,45.0,116643,PB000139,K20,10
PB000142_E16,2,HT29,30.0,39.0,128193,PB000142,E16,10
PB000142_M23,2,HT29,22.0,27.0,75463,PB000142,M23,10
PB000138_H10,2,HCT116,85.0,101.0,249901,PB000138,H10,10
PB000141_O09,2,HT29,57.0,74.0,223824,PB000141,O09,10
PB000139_B04,2,HCT116,45.0,53.0,134010,PB000139,B04,10
PB000138_L18,2,HCT116,111.0,140.0,348354,PB000138,L18,10
PB000139_K09,2,HCT116,55.0,68.0,182564,PB000139,K09,10
PB000137_I21,2,HCT116,62.0,69.0,160416,PB000137,I21,10
PB000137_N15,2,HCT116,59.0,61.0,161265,PB000137,N15,10
PB000142_N15,2,HT29,45.0,50.0,168003,PB000142,N15,10
PB000142_I21,2,HT29,33.0,42.0,113254,PB000142,I21,10
PB000139_N05,2,HCT116,44.0,49.0,136485,PB000139,N05,10
PB000142_K11,2,HT29,44.0,48.0,178281,PB000142,K11,10
PB000138_N04,2,HCT116,9.0,14.5,37142,PB000138,N04,10
PB000137_D12,2,HCT116,90.0,113.0,272537,PB000137,D12,10
PB000138_D12,2,HCT116,52.0,72.0,181437,PB000138,D12,10
PB000140_H23,2,HT29,48.0,58.0,191192,PB000140,H23,10
PB000138_B22,2,HCT116,103.0,123.0,299107,PB000138,B22,10
PB000142_J03,2,HT29,15.0,17.0,70161,PB000142,J03,10
PB000140_O22,2,HT29,36.0,44.0,129492,PB000140,O22,10
PB000138_K11,2,HCT116,24.0,29.0,76000,PB000138,K11,10
PB000140_H12,2,HCT116,62.0,72.5,193470,PB000140,H12,10
PB000138_H17,2,HCT116,54.0,60.0,146442,PB000138,H17,10
PB000142_H17,2,HT29,35.0,42.0,127062,PB000142,H17,10
PB000141_D12,2,HT29,27.0,33.5,113240,PB000141,D12,10
PB000137_L07,2,HCT116,92.0,107.0,266050,PB000137,L07,10
PB000137_O09,2,HCT116,79.0,100.0,250487,PB000137,O09,10
PB000139_C21,2,HT29,25.0,30.0,98195,PB000139,C21,10
PB000141_G13,2,HT29,58.0,66.0,202760,PB000141,G13,10
PB000139_B15,2,HT29,26.0,30.5,92850,PB000139,B15,10
PB000138_I21,2,HCT116,70.0,84.0,223613,PB000138,I21,10
PB000138_E16,2,HCT116,39.0,47.0,127701,PB000138,E16,10
PB000141_I21,2,HT29,41.0,49.0,140436,PB000141,I21,10
PB000137_G13,2,HCT116,82.0,116.0,263901,PB000137,G13,10
PB000139_H23,2,HT29,16.0,21.0,66600,PB000139,H23,10
PB000138_M23,2,HCT116,62.0,76.0,204649,PB000138,M23,10
PB000137_J14,2,HCT116,43.0,51.0,138561,PB000137,J14,10
PB000142_L07,2,HT29,52.0,76.0,188082,PB000142,L07,10
PB000139_E13,2,HT29,36.0,45.0,150884,PB000139,E13,10
PB000137_L18,2,HCT116,96.0,117.0,331242,PB000137,L18,10
PB000142_F06,2,HT29,44.0,51.0,172378,PB000142,F06,10
PB000142_H10,2,HT29,30.0,36.0,102344,PB000142,H10,10
PB000139_C10,2,HCT116,62.0,80.0,183485,PB000139,C10,10
PB000140_E13,2,HT29,65.0,73.5,261675,PB000140,E13,10
PB000138_J14,2,HCT116,69.0,76.0,217538,PB000138,J14,10
PB000141_B22,2,HT29,9.0,10.0,29180,PB000141,B22,10
PB000137_B22,2,HCT116,48.0,60.0,181371,PB000137,B22,10
PB000139_I17,2,HT29,58.0,70.0,192738,PB000139,I17,10
PB000140_O18,2,HT29,57.0,65.0,212731,PB000140,O18,10
PB000141_G02,2,HT29,51.0,60.5,213972,PB000141,G02,10
PB000138_J03,2,HCT116,98.0,118.0,318951,PB000138,J03,10
PB000141_H17,2,HT29,41.0,47.0,168325,PB000141,H17,10
PB000140_E02,2,HCT116,83.0,100.0,277876,PB000140,E02,10
PB000142_O09,2,HT29,29.0,33.0,106316,PB000142,O09,10
PB000141_L07,2,HT29,45.0,56.0,156945,PB000141,L07,10
PB000137_J03,2,HCT116,83.0,95.0,266481,PB000137,J03,10
PB000142_J14,2,HT29,37.0,43.0,149582,PB000142,J14,10
PB000140_I06,2,HCT116,76.0,101.0,250100,PB000140,I06,10
PB000138_G13,2,HCT116,58.0,66.0,178789,PB000138,G13,10
PB000140_K20,2,HT29,42.0,56.0,175125,PB000140,K20,10
PB000138_C05,2,HCT116,78.0,90.0,257444,PB000138,C05,10
PB000137_K11,2,HCT116,49.0,61.0,154580,PB000137,K11,10
PB000142_B22,2,HT29,28.0,33.0,110849,PB000142,B22,10
PB000137_M23,2,HCT116,56.0,64.0,194291,PB000137,M23,10
PB000139_G14,2,HT29,55.0,69.0,194041,PB000139,G14,10
PB000142_D12,2,HT29,45.0,48.0,179780,PB000142,D12,10
PB000139_I06,2,HCT116,85.0,100.0,250104,PB000139,I06,10
PB000141_J14,2,HT29,33.0,38.0,108384,PB000141,J14,10
PB000139_O11,2,HCT116,60.0,64.5,180674,PB000139,O11,10
PB000140_G03,2,HCT116,66.0,83.0,219812,PB000140,G03,10
PB000140_O07,2,HCT116,46.0,52.0,162766,PB000140,O07,10
PB000141_E16,2,HT29,48.0,60.0,181890,PB000141,E16,10
PB000138_O09,2,HCT116,31.0,37.0,100072,PB000138,O09,10
PB000141_M23,2,HT29,38.0,44.5,155344,PB000141,M23,10
PB000140_K09,2,HCT116,90.0,111.0,265289,PB000140,K09,10
PB000137_C05,2,HCT116,114.0,139.0,363091,PB000137,C05,10
PB000140_O11,2,HCT116,93.0,118.0,310628,PB000140,O11,10
PB000141_C05,2,HT29,53.0,70.0,201363,PB000141,C05,10
PB000138_F20,2,HCT116,58.0,67.0,174258,PB000138,F20,10
PB000140_B04,2,HCT116,49.0,59.0,165045,PB000140,B04,10
PB000140_C10,2,HCT116,57.0,60.0,181695,PB000140,C10,10
PB000139_N16,2,HT29,25.0,31.0,132137,PB000139,N16,10
PB000141_N15,2,HT29,32.0,42.0,126886,PB000141,N15,10
PB000137_H10,2,HCT116,40.0,49.0,131407,PB000137,H10,10
PB000141_H10,2,HT29,23.0,27.0,95361,PB000141,H10,10
PB000138_G02,2,HCT116,82.0,99.0,269610,PB000138,G02,10
PB000142_L18,2,HT29,39.0,51.0,140256,PB000142,L18,10
PB000138_L07,2,HCT116,60.0,75.5,189341,PB000138,L07,10
PB000139_O18,2,HT29,43.0,56.0,172750,PB000139,O18,10
PB000140_B15,2,HT29,28.0,30.0,89058,PB000140,B15,10
PB000139_O22,2,HT29,52.0,64.66666666666667,203959,PB000139,O22,10
PB000140_N16,2,HT29,40.0,47.0,150941,PB000140,N16,10
PB000140_G14,2,HT29,42.0,52.0,166606,PB000140,G14,10
PB000137_F20,2,HCT116,74.0,87.0,236731,PB000137,F20,10
PB000139_H12,2,HCT116,65.0,77.0,222747,PB000139,H12,10
PB000142_C05,2,HT29,14.0,19.5,50788,PB000142,C05,10
PB000141_F06,2,HT29,31.0,41.0,132891,PB000141,F06,10
PB000142_F20,2,HT29,40.0,43.0,150978,PB000142,F20,10
PB000137_G02,2,HCT116,60.0,71.0,166112,PB000137,G02,10
PB000142_N04,2,HT29,48.0,61.0,181078,PB000142,N04,10
PB000141_L18,2,HT29,40.0,48.0,151307,PB000141,L18,10
PB000138_N15,2,HCT116,90.0,109.0,274506,PB000138,N15,10
PB000138_F06,2,HCT116,43.0,53.0,133664,PB000138,F06,10
PB000142_G13,2,HT29,26.0,28.0,116975,PB000142,G13,10
PB000141_K11,2,HT29,47.0,53.0,194131,PB000141,K11,10
PB000139_G03,2,HCT116,61.0,73.0,200058,PB000139,G03,10
PB000137_H17,2,HCT116,49.0,54.0,144975,PB000137,H17,10
PB000141_B22,3,HT29,11.0,13.0,37289,PB000141,B22,15
PB000140_O11,3,HCT116,118.0,151.0,378585,PB000140,O11,15
PB000139_G14,3,HT29,69.0,85.0,240328,PB000139,G14,15
PB000140_G14,3,HT29,59.0,76.0,238741,PB000140,G14,15
PB000139_N16,3,HT29,40.0,50.0,176322,PB000139,N16,15
PB000142_J14,3,HT29,51.0,62.0,202038,PB000142,J14,15
PB000138_H10,3,HCT116,115.0,137.0,337761,PB000138,H10,15
PB000138_G02,3,HCT116,106.0,138.5,346055,PB000138,G02,15
PB000141_I21,3,HT29,61.0,73.0,197831,PB000141,I21,15
PB000140_O22,3,HT29,50.0,60.5,190101,PB000140,O22,15
PB000141_G02,3,HT29,58.0,78.5,245852,PB000141,G02,15
PB000142_L18,3,HT29,47.0,64.0,174739,PB000142,L18,15
PB000140_B15,3,HT29,38.0,41.0,121575,PB000140,B15,15
PB000137_N15,3,HCT116,74.0,90.0,218939,PB000137,N15,15
PB000138_E16,3,HCT116,65.0,80.0,216156,PB000138,E16,15
PB000141_O09,3,HT29,76.0,88.0,288990,PB000141,O09,15
PB000140_G03,3,HCT116,85.0,110.0,264763,PB000140,G03,15
PB000142_H10,3,HT29,44.0,56.5,148679,PB000142,H10,15
PB000141_L07,3,HT29,56.0,73.0,200553,PB000141,L07,15
PB000141_G13,3,HT29,73.0,91.0,248742,PB000141,G13,15
PB000137_K11,3,HCT116,73.0,87.0,239733,PB000137,K11,15
PB000139_O11,3,HCT116,84.0,98.0,265825,PB000139,O11,15
PB000138_I21,3,HCT116,87.0,108.0,281178,PB000138,I21,15
PB000137_M23,3,HCT116,80.0,104.0,264159,PB000137,M23,15
PB000138_F20,3,HCT116,82.0,97.0,246643,PB000138,F20,15
PB000140_O18,3,HT29,70.0,85.0,268987,PB000140,O18,15
PB000141_F06,3,HT29,53.0,63.0,214482,PB000141,F06,15
PB000137_O09,3,HCT116,108.0,130.0,333920,PB000137,O09,15
PB000139_C10,3,HCT116,78.0,95.0,227637,PB000139,C10,15
PB000140_K09,3,HCT116,118.0,151.5,355960,PB000140,K09,15
PB000141_N15,3,HT29,55.0,65.5,215061,PB000141,N15,15
PB000140_N16,3,HT29,58.0,63.0,215773,PB000140,N16,15
PB000142_L07,3,HT29,64.0,79.0,231820,PB000142,L07,15
PB000141_H17,3,HT29,64.0,79.5,222945,PB000141,H17,15
PB000140_E13,3,HT29,85.0,101.0,319443,PB000140,E13,15
PB000141_K11,3,HT29,60.0,76.0,232265,PB000141,K11,15
PB000138_M23,3,HCT116,91.0,108.0,290510,PB000138,M23,15
PB000142_B22,3,HT29,42.0,53.0,160489,PB000142,B22,15
PB000139_O18,3,HT29,52.0,65.0,196686,PB000139,O18,15
PB000138_L07,3,HCT116,80.0,100.0,249876,PB000138,L07,15
PB000140_B04,3,HCT116,59.0,73.0,186950,PB000140,B04,15
PB000142_G13,3,HT29,47.0,58.0,178200,PB000142,G13,15
PB000139_C21,3,HT29,29.0,36.0,122834,PB000139,C21,15
PB000139_K09,3,HCT116,77.0,105.0,244514,PB000139,K09,15
PB000137_G02,3,HCT116,71.0,99.0,204920,PB000137,G02,15
PB000138_J03,3,HCT116,134.0,167.5,386015,PB000138,J03,15
PB000138_C05,3,HCT116,98.0,118.0,310997,PB000138,C05,15
PB000140_I17,3,HT29,42.0,47.0,166207,PB000140,I17,15
PB000140_I06,3,HCT116,103.0,122.0,317934,PB000140,I06,15
PB000137_F06,3,HCT116,77.0,91.0,217749,PB000137,F06,15
PB000138_D12,3,HCT116,77.0,109.0,268175,PB000138,D12,15
PB000142_O09,3,HT29,43.0,48.0,168461,PB000142,O09,15
PB000137_L18,3,HCT116,133.0,162.0,410636,PB000137,L18,15
PB000137_G13,3,HCT116,117.0,143.0,338101,PB000137,G13,15
PB000141_L18,3,HT29,55.0,70.0,205935,PB000141,L18,15
PB000142_E16,3,HT29,29.0,41.5,117266,PB000142,E16,15
PB000137_L07,3,HCT116,113.0,147.0,346631,PB000137,L07,15
PB000138_G13,3,HCT116,75.0,93.0,232742,PB000138,G13,15
PB000142_M23,3,HT29,30.0,38.0,114326,PB000142,M23,15
PB000137_H10,3,HCT116,48.0,66.0,144491,PB000137,H10,15
PB000142_F20,3,HT29,50.0,59.0,189696,PB000142,F20,15
PB000141_H10,3,HT29,40.0,45.0,152114,PB000141,H10,15
PB000138_N04,3,HCT116,15.0,22.5,53905,PB000138,N04,15
PB000138_L18,3,HCT116,139.0,172.5,429203,PB000138,L18,15
PB000139_G03,3,HCT116,86.0,108.0,276811,PB000139,G03,15
PB000139_I06,3,HCT116,106.0,126.0,323902,PB000139,I06,15
PB000142_K11,3,HT29,61.0,70.0,233800,PB000142,K11,15
PB000142_D12,3,HT29,60.0,75.0,248922,PB000142,D12,15
PB000139_B15,3,HT29,34.0,46.0,131373,PB000139,B15,15
PB000140_C10,3,HCT116,77.0,95.0,254220,PB000140,C10,15
PB000138_J14,3,HCT116,106.0,125.0,343600,PB000138,J14,15
PB000140_H23,3,HT29,73.0,86.0,258646,PB000140,H23,15
PB000137_J03,3,HCT116,105.0,133.0,329323,PB000137,J03,15
PB000140_O07,3,HCT116,70.0,89.0,259639,PB000140,O07,15
PB000138_N15,3,HCT116,116.0,149.0,341276,PB000138,N15,15
PB000140_E02,3,HCT116,110.0,130.0,369567,PB000140,E02,15
PB000140_K20,3,HT29,51.0,66.0,216738,PB000140,K20,15
PB000139_E13,3,HT29,61.0,79.0,218768,PB000139,E13,15
PB000142_I21,3,HT29,34.0,48.0,131725,PB000142,I21,15
PB000137_I21,3,HCT116,69.0,84.0,207435,PB000137,I21,15
PB000142_F06,3,HT29,56.0,69.0,211832,PB000142,F06,15
PB000139_O22,3,HT29,68.0,81.0,248838,PB000139,O22,15
PB000141_J14,3,HT29,42.0,52.0,154393,PB000141,J14,15
PB000137_F20,3,HCT116,107.0,133.0,304954,PB000137,F20,15
PB000139_O07,3,HCT116,84.0,109.0,277235,PB000139,O07,15
PB000137_E16,3,HCT116,94.0,119.0,273096,PB000137,E16,15
PB000137_D12,3,HCT116,115.0,137.5,339960,PB000137,D12,15
PB000142_H17,3,HT29,44.0,55.5,152922,PB000142,H17,15
PB000139_H12,3,HCT116,88.0,112.0,285749,PB000139,H12,15
PB000138_F06,3,HCT116,68.0,85.5,200189,PB000138,F06,15
PB000142_C05,3,HT29,15.0,21.0,55664,PB000142,C05,15
PB000139_H23,3,HT29,21.0,27.0,92146,PB000139,H23,15
PB000138_K11,3,HCT116,40.0,46.0,115340,PB000138,K11,15
PB000141_D12,3,HT29,41.0,48.5,163902,PB000141,D12,15
PB000137_J14,3,HCT116,60.0,76.0,191689,PB000137,J14,15
PB000139_K20,3,HT29,47.0,55.0,155168,PB000139,K20,15
PB000141_E16,3,HT29,54.0,75.0,217343,PB000141,E16,15
PB000140_H12,3,HCT116,97.0,118.0,312664,PB000140,H12,15
PB000141_M23,3,HT29,50.0,64.5,204025,PB000141,M23,15
PB000138_O09,3,HCT116,42.0,49.0,130458,PB000138,O09,15
PB000141_C05,3,HT29,70.0,82.0,267226,PB000141,C05,15
PB000138_B22,3,HCT116,118.0,149.0,349046,PB000138,B22,15
PB000139_N05,3,HCT116,49.0,59.0,152799,PB000139,N05,15
PB000139_I17,3,HT29,58.0,75.0,216818,PB000139,I17,15
PB000140_N05,3,HCT116,98.0,121.0,346354,PB000140,N05,15
PB000142_N15,3,HT29,58.0,72.0,204512,PB000142,N15,15
PB000142_J03,3,HT29,16.0,20.0,70802,PB000142,J03,15
PB000138_H17,3,HCT116,54.0,75.0,159758,PB000138,H17,15
PB000142_N04,3,HT29,59.0,73.0,222503,PB000142,N04,15
PB000139_B04,3,HCT116,59.0,73.0,184502,PB000139,B04,15
PB000137_B22,3,HCT116,71.0,87.0,239893,PB000137,B22,15
PB000137_H17,3,HCT116,71.0,88.0,214586,PB000137,H17,15
PB000137_C05,3,HCT116,124.0,153.0,395727,PB000137,C05,15
PB000140_G03,4,HCT116,101.0,129.0,316540,PB000140,G03,20
PB000137_F06,4,HCT116,104.0,120.0,305602,PB000137,F06,20
PB000141_G02,4,HT29,79.0,104.0,292098,PB000141,G02,20
PB000138_B22,4,HCT116,138.0,167.0,421325,PB000138,B22,20
PB000140_N05,4,HCT116,133.0,163.0,440724,PB000140,N05,20
PB000140_O11,4,HCT116,127.0,156.0,397574,PB000140,O11,20
PB000140_O22,4,HT29,61.0,78.0,236790,PB000140,O22,20
PB000142_L18,4,HT29,49.0,66.5,185130,PB000142,L18,20
PB000142_N15,4,HT29,64.0,83.0,244301,PB000142,N15,20
PB000139_N05,4,HCT116,56.0,73.0,164865,PB000139,N05,20
PB000140_B04,4,HCT116,60.0,67.0,191803,PB000140,B04,20
PB000140_I06,4,HCT116,125.0,167.0,396152,PB000140,I06,20
PB000139_H23,4,HT29,24.0,31.0,97899,PB000139,H23,20
PB000139_G14,4,HT29,72.0,88.0,251198,PB000139,G14,20
PB000138_L18,4,HCT116,154.0,201.0,476734,PB000138,L18,20
PB000142_J03,4,HT29,20.0,28.0,85276,PB000142,J03,20
PB000138_G02,4,HCT116,127.0,159.0,386437,PB000138,G02,20
PB000138_J03,4,HCT116,154.0,188.0,466570,PB000138,J03,20
PB000142_H17,4,HT29,47.0,61.333333333333336,159305,PB000142,H17,20
PB000140_I17,4,HT29,44.0,58.0,185123,PB000140,I17,20
PB000142_E16,4,HT29,40.0,52.0,143547,PB000142,E16,20
PB000138_F20,4,HCT116,106.0,129.5,323414,PB000138,F20,20
PB000141_J14,4,HT29,59.0,73.0,213025,PB000141,J14,20
PB000137_O09,4,HCT116,136.0,177.0,408712,PB000137,O09,20
PB000137_M23,4,HCT116,103.0,131.0,330129,PB000137,M23,20
PB000137_H17,4,HCT116,90.0,107.0,276744,PB000137,H17,20
PB000138_D12,4,HCT116,121.0,148.0,380808,PB000138,D12,20
PB000142_J14,4,HT29,61.0,80.66666666666667,235448,PB000142,J14,20
PB000137_L18,4,HCT116,154.0,190.0,471566,PB000137,L18,20
PB000141_L18,4,HT29,74.0,89.0,257587,PB000141,L18,20
PB000137_D12,4,HCT116,134.0,160.0,404181,PB000137,D12,20
PB000139_E13,4,HT29,90.0,104.0,296053,PB000139,E13,20
PB000142_H10,4,HT29,46.0,60.5,169896,PB000142,H10,20
PB000141_G13,4,HT29,73.0,96.0,286727,PB000141,G13,20
PB000137_J03,4,HCT116,128.0,149.0,371732,PB000137,J03,20
PB000141_I21,4,HT29,73.0,90.0,237744,PB000141,I21,20
PB000140_B15,4,HT29,43.0,52.0,140185,PB000140,B15,20
PB000142_F06,4,HT29,65.0,80.0,258302,PB000142,F06,20
PB000138_N04,4,HCT116,18.0,23.0,62072,PB000138,N04,20
PB000137_L07,4,HCT116,119.0,158.0,377844,PB000137,L07,20
PB000139_O22,4,HT29,65.0,91.0,253882,PB000139,O22,20
PB000141_N15,4,HT29,73.0,84.0,270135,PB000141,N15,20
PB000142_I21,4,HT29,38.0,55.0,145705,PB000142,I21,20
PB000138_F06,4,HCT116,88.0,102.0,260223,PB000138,F06,20
PB000139_C10,4,HCT116,108.0,136.0,304084,PB000139,C10,20
PB000138_J14,4,HCT116,137.0,164.0,417646,PB000138,J14,20
PB000138_O09,4,HCT116,43.0,55.0,152715,PB000138,O09,20
PB000141_H17,4,HT29,65.0,81.0,247734,PB000141,H17,20
PB000139_I06,4,HCT116,119.0,144.0,362879,PB000139,I06,20
PB000137_I21,4,HCT116,83.0,102.0,240374,PB000137,I21,20
PB000142_G13,4,HT29,59.0,68.0,233619,PB000142,G13,20
PB000141_C05,4,HT29,75.0,94.0,286541,PB000141,C05,20
PB000137_J14,4,HCT116,97.0,121.0,293987,PB000137,J14,20
PB000140_O18,4,HT29,72.0,92.0,288008,PB000140,O18,20
PB000138_N15,4,HCT116,136.0,158.0,409069,PB000138,N15,20
PB000137_K11,4,HCT116,91.0,115.0,297871,PB000137,K11,20
PB000141_O09,4,HT29,88.0,114.0,332719,PB000141,O09,20
PB000139_K09,4,HCT116,109.0,140.5,332166,PB000139,K09,20
PB000140_O07,4,HCT116,95.0,115.0,331795,PB000140,O07,20
PB000137_N15,4,HCT116,91.0,111.0,277311,PB000137,N15,20
PB000139_B15,4,HT29,46.0,58.0,184834,PB000139,B15,20
PB000138_M23,4,HCT116,109.0,130.5,343089,PB000138,M23,20
PB000140_C10,4,HCT116,99.0,117.0,300117,PB000140,C10,20
PB000138_H10,4,HCT116,134.0,175.0,418066,PB000138,H10,20
PB000140_H23,4,HT29,82.0,100.0,285551,PB000140,H23,20
PB000142_B22,4,HT29,50.0,63.0,186747,PB000142,B22,20
PB000141_F06,4,HT29,72.0,82.5,265444,PB000141,F06,20
PB000139_H12,4,HCT116,111.0,145.0,394206,PB000139,H12,20
PB000140_N16,4,HT29,61.0,74.0,231547,PB000140,N16,20
PB000141_M23,4,HT29,72.0,88.0,255135,PB000141,M23,20
PB000137_F20,4,HCT116,129.0,160.5,367588,PB000137,F20,20
PB000138_I21,4,HCT116,113.0,142.0,346329,PB000138,I21,20
PB000139_N16,4,HT29,60.0,75.0,231680,PB000139,N16,20
PB000139_C21,4,HT29,34.0,43.5,147331,PB000139,C21,20
PB000140_K09,4,HCT116,122.0,156.5,379731,PB000140,K09,20
PB000142_F20,4,HT29,59.0,74.0,232177,PB000142,F20,20
PB000142_D12,4,HT29,72.0,88.5,292034,PB000142,D12,20
PB000137_E16,4,HCT116,113.0,139.0,328469,PB000137,E16,20
PB000142_O09,4,HT29,56.0,65.0,212223,PB000142,O09,20
PB000137_B22,4,HCT116,80.0,95.0,241915,PB000137,B22,20
PB000140_G14,4,HT29,79.0,99.0,308309,PB000140,G14,20
PB000141_D12,4,HT29,65.0,79.0,252432,PB000141,D12,20
PB000137_G13,4,HCT116,135.0,182.0,375013,PB000137,G13,20
PB000138_K11,4,HCT116,45.0,65.0,129319,PB000138,K11,20
PB000142_L07,4,HT29,71.0,97.0,245422,PB000142,L07,20
PB000140_K20,4,HT29,71.0,88.0,272259,PB000140,K20,20
PB000142_M23,4,HT29,37.0,49.5,138283,PB000142,M23,20
PB000141_L07,4,HT29,65.0,74.0,246027,PB000141,L07,20
PB000137_H10,4,HCT116,73.0,87.0,219587,PB000137,H10,20
PB000137_G02,4,HCT116,99.0,125.0,290447,PB000137,G02,20
PB000139_O07,4,HCT116,98.0,119.0,305288,PB000139,O07,20
PB000139_B04,4,HCT116,77.0,103.0,236197,PB000139,B04,20
PB000138_E16,4,HCT116,93.0,110.0,290034,PB000138,E16,20
PB000139_O18,4,HT29,51.0,63.0,196950,PB000139,O18,20
PB000138_L07,4,HCT116,111.0,146.5,339606,PB000138,L07,20
PB000139_K20,4,HT29,47.0,55.0,159278,PB000139,K20,20
PB000140_E13,4,HT29,99.0,127.0,380875,PB000140,E13,20
PB000137_C05,4,HCT116,162.0,201.0,486288,PB000137,C05,20
PB000140_E02,4,HCT116,143.0,173.0,451473,PB000140,E02,20
PB000142_N04,4,HT29,68.0,93.0,258663,PB000142,N04,20
PB000141_K11,4,HT29,74.0,95.5,278659,PB000141,K11,20
PB000141_E16,4,HT29,70.0,89.0,258119,PB000141,E16,20
PB000141_B22,4,HT29,12.0,15.0,43603,PB000141,B22,20
PB000139_G03,4,HCT116,104.0,135.0,327275,PB000139,G03,20
PB000140_H12,4,HCT116,110.0,140.0,362554,PB000140,H12,20
PB000138_C05,4,HCT116,120.0,143.0,369189,PB000138,C05,20
PB000138_G13,4,HCT116,99.0,113.0,318439,PB000138,G13,20
PB000139_I17,4,HT29,64.0,87.0,258017,PB000139,I17,20
PB000139_O11,4,HCT116,110.0,134.0,356950,PB000139,O11,20
PB000142_C05,4,HT29,20.0,27.0,68600,PB000142,C05,20
PB000142_K11,4,HT29,65.0,79.0,247850,PB000142,K11,20
PB000141_H10,4,HT29,50.0,58.5,184929,PB000141,H10,20
PB000138_H17,4,HCT116,59.0,74.0,163489,PB000138,H17,20
PB000142_I21,5,HT29,37.0,59.0,143085,PB000142,I21,25
PB000137_C05,5,HCT116,167.0,212.0,543730,PB000137,C05,25
PB000140_O11,5,HCT116,136.0,179.0,441517,PB000140,O11,25
PB000138_K11,5,HCT116,50.0,62.0,150236,PB000138,K11,25
PB000140_I06,5,HCT116,133.0,186.0,427618,PB000140,I06,25
PB000141_I21,5,HT29,75.0,102.5,268093,PB000141,I21,25
PB000141_M23,5,HT29,77.0,93.0,275252,PB000141,M23,25
PB000140_O18,5,HT29,68.0,98.0,295021,PB000140,O18,25
PB000137_G02,5,HCT116,112.0,144.0,331665,PB000137,G02,25
PB000139_B04,5,HCT116,95.0,122.0,272822,PB000139,B04,25
PB000142_J14,5,HT29,61.0,76.0,229999,PB000142,J14,25
PB000138_H10,5,HCT116,141.0,187.0,435170,PB000138,H10,25
PB000142_O09,5,HT29,58.0,77.0,243173,PB000142,O09,25
PB000142_L18,5,HT29,59.0,76.0,209211,PB000142,L18,25
PB000140_C10,5,HCT116,117.0,150.0,351076,PB000140,C10,25
PB000142_H10,5,HT29,47.0,63.0,158364,PB000142,H10,25
PB000142_N04,5,HT29,71.0,100.5,258047,PB000142,N04,25
PB000141_G13,5,HT29,95.0,116.0,322535,PB000141,G13,25
PB000138_N04,5,HCT116,17.0,21.0,61846,PB000138,N04,25
PB000139_C10,5,HCT116,131.0,162.0,359796,PB000139,C10,25
PB000137_F20,5,HCT116,147.0,199.0,418982,PB000137,F20,25
PB000141_N15,5,HT29,75.0,95.0,283246,PB000141,N15,25
PB000138_E16,5,HCT116,114.0,133.5,349524,PB000138,E16,25
PB000141_D12,5,HT29,76.0,91.0,279465,PB000141,D12,25
PB000139_N16,5,HT29,77.0,100.0,271281,PB000139,N16,25
PB000142_H17,5,HT29,42.0,55.666666666666664,140522,PB000142,H17,25
PB000142_C05,5,HT29,23.0,29.0,86186,PB000142,C05,25
PB000139_G03,5,HCT116,121.0,150.5,382823,PB000139,G03,25
PB000138_H17,5,HCT116,51.0,69.0,148782,PB000138,H17,25
PB000142_M23,5,HT29,43.0,60.0,172153,PB000142,M23,25
PB000139_O18,5,HT29,57.0,81.0,227412,PB000139,O18,25
PB000137_L07,5,HCT116,126.0,161.0,389913,PB000137,L07,25
PB000142_F20,5,HT29,68.0,83.0,267378,PB000142,F20,25
PB000142_K11,5,HT29,76.0,96.0,292559,PB000142,K11,25
PB000138_D12,5,HCT116,150.0,191.0,446950,PB000138,D12,25
PB000142_B22,5,HT29,53.0,67.5,200501,PB000142,B22,25
PB000137_H10,5,HCT116,89.0,102.0,272858,PB000137,H10,25
PB000141_G02,5,HT29,80.0,112.0,304622,PB000141,G02,25
PB000142_L07,5,HT29,76.0,92.0,255951,PB000142,L07,25
PB000142_E16,5,HT29,47.0,60.0,155367,PB000142,E16,25
PB000141_L18,5,HT29,74.0,104.0,274205,PB000141,L18,25
PB000140_E02,5,HCT116,164.0,191.5,485613,PB000140,E02,25
PB000139_C21,5,HT29,54.0,66.0,213198,PB000139,C21,25
PB000138_O09,5,HCT116,50.0,62.0,172871,PB000138,O09,25
PB000137_B22,5,HCT116,91.0,112.0,265604,PB000137,B22,25
PB000140_B04,5,HCT116,61.0,71.0,196669,PB000140,B04,25
PB000137_J14,5,HCT116,118.0,147.0,358900,PB000137,J14,25
PB000137_L18,5,HCT116,164.0,210.0,506448,PB000137,L18,25
PB000139_H12,5,HCT116,134.0,163.5,467729,PB000139,H12,25
PB000140_G14,5,HT29,99.0,121.0,359421,PB000140,G14,25
PB000138_F20,5,HCT116,129.0,167.5,404934,PB000138,F20,25
PB000140_N16,5,HT29,83.0,94.0,295680,PB000140,N16,25
PB000140_B15,5,HT29,45.0,53.0,147304,PB000140,B15,25
PB000141_C05,5,HT29,83.0,104.0,301889,PB000141,C05,25
PB000137_E16,5,HCT116,117.0,153.5,347257,PB000137,E16,25
PB000140_O07,5,HCT116,120.0,144.0,387259,PB000140,O07,25
PB000138_C05,5,HCT116,132.0,163.0,434170,PB000138,C05,25
PB000139_E13,5,HT29,97.0,118.0,337770,PB000139,E13,25
PB000138_B22,5,HCT116,142.0,171.0,435673,PB000138,B22,25
PB000137_M23,5,HCT116,122.0,154.0,384366,PB000137,M23,25
PB000139_K20,5,HT29,44.0,55.0,148095,PB000139,K20,25
PB000139_H23,5,HT29,29.0,36.0,112738,PB000139,H23,25
PB000142_G13,5,HT29,63.0,83.0,255205,PB000142,G13,25
PB000140_K09,5,HCT116,141.0,192.0,429499,PB000140,K09,25
PB000140_H12,5,HCT116,111.0,156.5,351574,PB000140,H12,25
PB000137_H17,5,HCT116,121.0,149.0,359384,PB000137,H17,25
PB000141_H10,5,HT29,52.0,71.5,197707,PB000141,H10,25
PB000137_J03,5,HCT116,148.0,185.0,452628,PB000137,J03,25
PB000139_I06,5,HCT116,132.0,181.0,400890,PB000139,I06,25
PB000141_F06,5,HT29,84.0,104.0,307044,PB000141,F06,25
PB000140_N05,5,HCT116,151.0,183.0,483949,PB000140,N05,25
PB000138_J14,5,HCT116,159.0,197.0,471237,PB000138,J14,25
PB000137_I21,5,HCT116,105.0,140.0,281827,PB000137,I21,25
PB000141_J14,5,HT29,71.0,86.0,252303,PB000141,J14,25
PB000141_L07,5,HT29,61.0,87.0,252294,PB000141,L07,25
PB000137_G13,5,HCT116,149.0,201.0,434702,PB000137,G13,25
PB000139_O07,5,HCT116,114.0,150.0,352602,PB000139,O07,25
PB000139_O11,5,HCT116,130.0,157.0,406755,PB000139,O11,25
PB000140_H23,5,HT29,85.0,106.0,301224,PB000140,H23,25
PB000138_G02,5,HCT116,158.0,182.0,452496,PB000138,G02,25
PB000137_K11,5,HCT116,121.0,157.0,372294,PB000137,K11,25
PB000137_D12,5,HCT116,143.0,181.0,446500,PB000137,D12,25
PB000138_G13,5,HCT116,111.0,144.0,362140,PB000138,G13,25
PB000139_N05,5,HCT116,73.0,94.5,219180,PB000139,N05,25
PB000138_L07,5,HCT116,137.0,175.0,410691,PB000138,L07,25
PB000140_O22,5,HT29,72.0,91.0,263394,PB000140,O22,25
PB000142_N15,5,HT29,74.0,89.0,292004,PB000142,N15,25
PB000141_K11,5,HT29,85.0,112.5,311504,PB000141,K11,25
PB000140_E13,5,HT29,104.0,130.5,399710,PB000140,E13,25
PB000138_L18,5,HCT116,178.0,216.0,503189,PB000138,L18,25
PB000138_M23,5,HCT116,127.0,155.0,386703,PB000138,M23,25
PB000141_B22,5,HT29,17.0,22.5,65723,PB000141,B22,25
PB000140_I17,5,HT29,61.0,86.0,223651,PB000140,I17,25
PB000141_E16,5,HT29,77.0,105.0,282924,PB000141,E16,25
PB000140_G03,5,HCT116,122.0,157.0,398839,PB000140,G03,25
PB000139_K09,5,HCT116,132.0,162.0,368041,PB000139,K09,25
PB000137_O09,5,HCT116,160.0,207.0,486851,PB000137,O09,25
PB000137_N15,5,HCT116,112.0,146.0,341339,PB000137,N15,25
PB000139_B15,5,HT29,60.0,71.0,229503,PB000139,B15,25
PB000138_I21,5,HCT116,128.0,179.0,394184,PB000138,I21,25
PB000138_J03,5,HCT116,153.0,181.0,466692,PB000138,J03,25
PB000141_O09,5,HT29,111.0,143.0,382326,PB000141,O09,25
PB000142_F06,5,HT29,78.0,99.0,283675,PB000142,F06,25
PB000138_F06,5,HCT116,111.0,124.0,344679,PB000138,F06,25
PB000141_H17,5,HT29,75.0,101.0,286363,PB000141,H17,25
PB000139_O22,5,HT29,72.0,94.0,262042,PB000139,O22,25
PB000137_F06,5,HCT116,120.0,150.0,355742,PB000137,F06,25
PB000139_G14,5,HT29,80.0,107.0,284857,PB000139,G14,25
PB000138_N15,5,HCT116,155.0,190.5,449416,PB000138,N15,25
PB000142_D12,5,HT29,86.0,110.0,312027,PB000142,D12,25
PB000142_J03,5,HT29,26.0,33.0,87627,PB000142,J03,25
PB000139_I17,5,HT29,72.0,89.5,283737,PB000139,I17,25
PB000140_K20,5,HT29,75.0,102.0,289518,PB000140,K20,25
PB000142_F20,6,HT29,75.0,100.0,270443,PB000142,F20,30
PB000137_C05,6,HCT116,175.0,226.0,568276,PB000137,C05,30
PB000139_B04,6,HCT116,111.0,148.0,338581,PB000139,B04,30
PB000138_G13,6,HCT116,132.0,167.0,415005,PB000138,G13,30
PB000139_K20,6,HT29,54.0,68.0,187396,PB000139,K20,30
PB000140_H12,6,HCT116,129.0,168.0,399938,PB000140,H12,30
PB000138_N15,6,HCT116,150.0,203.5,448385,PB000138,N15,30
PB000141_G13,6,HT29,101.0,126.75,351117,PB000141,G13,30
PB000142_J03,6,HT29,31.0,36.0,102510,PB000142,J03,30
PB000141_E16,6,HT29,83.0,114.0,286953,PB000141,E16,30
PB000142_N15,6,HT29,83.0,95.0,298638,PB000142,N15,30
PB000142_L18,6,HT29,68.0,90.0,237491,PB000142,L18,30
PB000140_G03,6,HCT116,120.0,157.0,371583,PB000140,G03,30
PB000139_G03,6,HCT116,129.0,163.0,385608,PB000139,G03,30
PB000138_I21,6,HCT116,139.0,183.5,421427,PB000138,I21,30
PB000142_B22,6,HT29,58.0,72.0,202232,PB000142,B22,30
PB000142_E16,6,HT29,50.0,61.0,163979,PB000142,E16,30
PB000140_O11,6,HCT116,129.0,169.5,427885,PB000140,O11,30
PB000138_L18,6,HCT116,158.0,205.5,455996,PB000138,L18,30
PB000138_F06,6,HCT116,127.0,152.0,383180,PB000138,F06,30
PB000139_O07,6,HCT116,124.0,162.0,359545,PB000139,O07,30
PB000142_D12,6,HT29,98.0,132.0,342215,PB000142,D12,30
PB000139_N16,6,HT29,86.0,108.0,318833,PB000139,N16,30
PB000139_O11,6,HCT116,155.0,192.0,446670,PB000139,O11,30
PB000141_G02,6,HT29,81.0,105.5,330554,PB000141,G02,30
PB000141_L18,6,HT29,98.0,121.0,330862,PB000141,L18,30
PB000138_G02,6,HCT116,147.0,175.0,449678,PB000138,G02,30
PB000140_I17,6,HT29,78.0,100.0,278288,PB000140,I17,30
PB000139_O22,6,HT29,80.0,111.0,286397,PB000139,O22,30
PB000137_I21,6,HCT116,122.0,161.0,348038,PB000137,I21,30
PB000138_O09,6,HCT116,55.0,70.0,168812,PB000138,O09,30
PB000139_N05,6,HCT116,79.0,107.5,241301,PB000139,N05,30
PB000138_C05,6,HCT116,151.0,184.5,469555,PB000138,C05,30
PB000137_L07,6,HCT116,131.0,165.5,413092,PB000137,L07,30
PB000139_O18,6,HT29,65.0,86.0,244919,PB000139,O18,30
PB000141_D12,6,HT29,83.0,103.0,309657,PB000141,D12,30
PB000138_L07,6,HCT116,150.0,197.5,464211,PB000138,L07,30
PB000141_K11,6,HT29,88.0,117.0,336070,PB000141,K11,30
PB000138_B22,6,HCT116,160.0,193.0,449577,PB000138,B22,30
PB000139_I17,6,HT29,77.0,102.5,302594,PB000139,I17,30
PB000138_H10,6,HCT116,161.0,206.0,471201,PB000138,H10,30
PB000137_G13,6,HCT116,158.0,207.0,455949,PB000137,G13,30
PB000139_K09,6,HCT116,133.0,173.0,390836,PB000139,K09,30
PB000140_B04,6,HCT116,66.0,74.0,221828,PB000140,B04,30
PB000141_N15,6,HT29,92.0,117.0,316995,PB000141,N15,30
PB000142_C05,6,HT29,21.0,26.0,79039,PB000142,C05,30
PB000141_B22,6,HT29,17.0,20.0,69132,PB000141,B22,30
PB000137_J03,6,HCT116,157.0,184.5,467446,PB000137,J03,30
PB000142_I21,6,HT29,42.0,56.0,153699,PB000142,I21,30
PB000141_L07,6,HT29,81.0,107.0,277404,PB000141,L07,30
PB000141_H10,6,HT29,59.0,72.5,203636,PB000141,H10,30
PB000141_H17,6,HT29,95.0,117.0,328101,PB000141,H17,30
PB000138_J14,6,HCT116,167.0,201.0,493307,PB000138,J14,30
PB000139_B15,6,HT29,67.0,91.0,262104,PB000139,B15,30
PB000139_G14,6,HT29,95.0,124.0,342060,PB000139,G14,30
PB000140_G14,6,HT29,101.0,124.5,394655,PB000140,G14,30
PB000137_E16,6,HCT116,126.0,166.0,382791,PB000137,E16,30
PB000137_M23,6,HCT116,138.0,177.0,441245,PB000137,M23,30
PB000138_E16,6,HCT116,133.0,156.5,422320,PB000138,E16,30
PB000139_H23,6,HT29,35.0,42.0,132107,PB000139,H23,30
PB000138_D12,6,HCT116,178.0,220.5,544447,PB000138,D12,30
PB000141_I21,6,HT29,90.0,119.0,325497,PB000141,I21,30
PB000137_G02,6,HCT116,117.0,151.0,359429,PB000137,G02,30
PB000142_H10,6,HT29,50.0,76.0,185102,PB000142,H10,30
PB000139_C21,6,HT29,60.0,78.0,227213,PB000139,C21,30
PB000141_C05,6,HT29,90.0,125.0,329528,PB000141,C05,30
PB000137_O09,6,HCT116,179.0,224.0,549573,PB000137,O09,30
PB000142_L07,6,HT29,81.0,110.0,274172,PB000142,L07,30
PB000141_F06,6,HT29,92.0,117.0,334689,PB000141,F06,30
PB000137_B22,6,HCT116,86.0,115.0,275502,PB000137,B22,30
PB000139_C10,6,HCT116,135.0,181.0,396858,PB000139,C10,30
PB000142_G13,6,HT29,75.0,101.0,291055,PB000142,G13,30
PB000137_N15,6,HCT116,130.0,174.5,402855,PB000137,N15,30
PB000140_C10,6,HCT116,122.0,166.5,384012,PB000140,C10,30
PB000137_H17,6,HCT116,140.0,180.0,415121,PB000137,H17,30
PB000140_K20,6,HT29,87.0,110.0,351179,PB000140,K20,30
PB000141_O09,6,HT29,112.0,153.0,408220,PB000141,O09,30
PB000140_N16,6,HT29,99.0,111.0,336353,PB000140,N16,30
PB000137_J14,6,HCT116,144.0,181.0,423935,PB000137,J14,30
PB000137_K11,6,HCT116,129.0,179.5,396522,PB000137,K11,30
PB000139_H12,6,HCT116,147.0,199.0,497240,PB000139,H12,30
PB000137_D12,6,HCT116,154.0,194.0,477601,PB000137,D12,30
PB000142_N04,6,HT29,88.0,115.0,321949,PB000142,N04,30
PB000140_I06,6,HCT116,150.0,202.0,479660,PB000140,I06,30
PB000142_J14,6,HT29,71.0,99.0,271972,PB000142,J14,30
PB000140_E02,6,HCT116,169.0,208.0,539505,PB000140,E02,30
PB000142_M23,6,HT29,59.0,78.0,230621,PB000142,M23,30
PB000140_O22,6,HT29,73.0,87.0,257251,PB000140,O22,30
PB000137_F20,6,HCT116,161.0,214.5,462806,PB000137,F20,30
PB000138_N04,6,HCT116,20.0,29.5,66431,PB000138,N04,30
PB000139_E13,6,HT29,106.0,132.0,378578,PB000139,E13,30
PB000138_H17,6,HCT116,47.0,60.0,125506,PB000138,H17,30
PB000140_E13,6,HT29,112.0,138.5,393358,PB000140,E13,30
PB000138_K11,6,HCT116,52.0,66.0,149921,PB000138,K11,30
PB000142_H17,6,HT29,40.0,52.5,135141,PB000142,H17,30
PB000137_H10,6,HCT116,96.0,133.0,289977,PB000137,H10,30
PB000137_F06,6,HCT116,135.0,186.0,381779,PB000137,F06,30
PB000139_I06,6,HCT116,145.0,184.0,435361,PB000139,I06,30
PB000142_O09,6,HT29,74.0,85.0,262584,PB000142,O09,30
PB000140_B15,6,HT29,45.0,57.0,160351,PB000140,B15,30
PB000140_H23,6,HT29,93.0,114.0,325360,PB000140,H23,30
PB000138_M23,6,HCT116,154.0,181.0,489098,PB000138,M23,30
PB000142_F06,6,HT29,87.0,110.0,302479,PB000142,F06,30
PB000140_O07,6,HCT116,119.0,157.0,402300,PB000140,O07,30
PB000137_L18,6,HCT116,169.0,222.0,508914,PB000137,L18,30
PB000141_M23,6,HT29,76.0,109.5,290743,PB000141,M23,30
PB000138_J03,6,HCT116,166.0,204.0,503199,PB000138,J03,30
PB000140_K09,6,HCT116,143.0,204.0,448462,PB000140,K09,30
PB000141_J14,6,HT29,75.0,98.0,279439,PB000141,J14,30
PB000138_F20,6,HCT116,154.0,194.0,490294,PB000138,F20,30
PB000140_N05,6,HCT116,162.0,214.0,520400,PB000140,N05,30
PB000140_O18,6,HT29,88.0,110.0,335730,PB000140,O18,30
PB000142_K11,6,HT29,88.0,113.0,325751,PB000142,K11,30
PB000137_G13,7,HCT116,148.0,210.0,447865,PB000137,G13,35
PB000138_G02,7,HCT116,143.0,173.0,434956,PB000138,G02,35
PB000138_H17,7,HCT116,48.0,61.0,126242,PB000138,H17,35
PB000141_K11,7,HT29,106.0,139.0,382203,PB000141,K11,35
PB000138_F06,7,HCT116,145.0,171.0,409361,PB000138,F06,35
PB000142_F20,7,HT29,78.0,106.0,295967,PB000142,F20,35
PB000141_E16,7,HT29,82.0,107.0,283852,PB000141,E16,35
PB000138_E16,7,HCT116,159.0,198.0,496476,PB000138,E16,35
PB000141_N15,7,HT29,100.0,137.0,340922,PB000141,N15,35
PB000139_O18,7,HT29,67.0,89.0,238812,PB000139,O18,35
PB000141_L07,7,HT29,72.0,103.0,266429,PB000141,L07,35
PB000137_F20,7,HCT116,174.0,222.5,483316,PB000137,F20,35
PB000138_I21,7,HCT116,150.0,204.0,471470,PB000138,I21,35
PB000138_H10,7,HCT116,168.0,213.0,488747,PB000138,H10,35
PB000141_I21,7,HT29,95.0,132.0,337914,PB000141,I21,35
PB000137_D12,7,HCT116,174.0,220.5,531746,PB000137,D12,35
PB000138_J14,7,HCT116,162.0,214.0,488115,PB000138,J14,35
PB000139_K09,7,HCT116,132.0,178.0,392672,PB000139,K09,35
PB000139_N05,7,HCT116,87.0,119.66666666666667,254061,PB000139,N05,35
PB000138_M23,7,HCT116,168.0,222.0,528716,PB000138,M23,35
PB000142_O09,7,HT29,74.0,92.5,270498,PB000142,O09,35
PB000138_D12,7,HCT116,175.0,227.5,560027,PB000138,D12,35
PB000139_O11,7,HCT116,158.0,200.5,461631,PB000139,O11,35
PB000142_B22,7,HT29,53.0,70.0,201952,PB000142,B22,35
PB000137_E16,7,HCT116,131.0,174.5,394494,PB000137,E16,35
PB000140_N16,7,HT29,95.0,121.5,353187,PB000140,N16,35
PB000138_K11,7,HCT116,50.0,63.0,130988,PB000138,K11,35
PB000138_N04,7,HCT116,14.0,18.0,53501,PB000138,N04,35
PB000141_G13,7,HT29,108.0,143.0,379196,PB000141,G13,35
PB000137_H17,7,HCT116,150.0,200.0,446325,PB000137,H17,35
PB000140_E13,7,HT29,125.0,154.0,459071,PB000140,E13,35
PB000138_J03,7,HCT116,147.0,184.0,462896,PB000138,J03,35
PB000137_G02,7,HCT116,123.0,156.0,388381,PB000137,G02,35
PB000141_H10,7,HT29,64.0,86.5,220128,PB000141,H10,35
PB000141_B22,7,HT29,15.0,19.0,52568,PB000141,B22,35
PB000142_N15,7,HT29,91.0,118.0,328389,PB000142,N15,35
PB000142_M23,7,HT29,66.0,95.0,244787,PB000142,M23,35
PB000139_O07,7,HCT116,112.0,155.0,326854,PB000139,O07,35
PB000140_I17,7,HT29,86.0,114.0,306192,PB000140,I17,35
PB000137_K11,7,HCT116,138.0,188.0,410357,PB000137,K11,35
PB000138_B22,7,HCT116,159.0,188.0,459060,PB000138,B22,35
PB000137_N15,7,HCT116,142.0,210.0,432495,PB000137,N15,35
PB000137_O09,7,HCT116,182.0,242.0,551905,PB000137,O09,35
PB000140_C10,7,HCT116,139.0,190.0,418878,PB000140,C10,35
PB000141_O09,7,HT29,130.0,172.0,430279,PB000141,O09,35
PB000141_F06,7,HT29,94.0,114.0,352699,PB000141,F06,35
PB000142_K11,7,HT29,98.0,126.0,336674,PB000142,K11,35
PB000142_H17,7,HT29,37.0,43.0,133645,PB000142,H17,35
PB000140_O07,7,HCT116,111.0,151.5,368990,PB000140,O07,35
PB000140_I06,7,HCT116,166.0,229.0,503850,PB000140,I06,35
PB000140_B04,7,HCT116,82.0,94.0,263235,PB000140,B04,35
PB000140_O22,7,HT29,77.0,107.0,286407,PB000140,O22,35
PB000142_L18,7,HT29,59.0,86.33333333333333,218049,PB000142,L18,35
PB000140_E02,7,HCT116,179.0,221.0,568668,PB000140,E02,35
PB000139_B04,7,HCT116,118.0,154.0,358559,PB000139,B04,35
PB000141_C05,7,HT29,98.0,122.0,356031,PB000141,C05,35
PB000142_J14,7,HT29,70.0,101.0,251297,PB000142,J14,35
PB000140_O18,7,HT29,98.0,118.0,353168,PB000140,O18,35
PB000138_G13,7,HCT116,165.0,196.0,504182,PB000138,G13,35
PB000137_I21,7,HCT116,128.0,163.0,385436,PB000137,I21,35
PB000137_H10,7,HCT116,121.0,155.0,367843,PB000137,H10,35
PB000142_J03,7,HT29,20.0,30.0,72405,PB000142,J03,35
PB000138_C05,7,HCT116,170.0,209.0,494006,PB000138,C05,35
PB000137_L18,7,HCT116,172.0,219.0,505707,PB000137,L18,35
PB000139_O22,7,HT29,85.0,116.0,283077,PB000139,O22,35
PB000142_F06,7,HT29,87.0,119.33333333333333,317089,PB000142,F06,35
PB000137_F06,7,HCT116,132.0,183.0,356909,PB000137,F06,35
PB000141_M23,7,HT29,83.0,116.0,299117,PB000141,M23,35
PB000142_G13,7,HT29,94.0,116.0,359780,PB000142,G13,35
PB000141_G02,7,HT29,98.0,132.0,351817,PB000141,G02,35
PB000140_G14,7,HT29,112.0,136.0,437037,PB000140,G14,35
PB000138_L07,7,HCT116,162.0,195.0,493892,PB000138,L07,35
PB000140_G03,7,HCT116,124.0,164.0,382227,PB000140,G03,35
PB000137_J03,7,HCT116,160.0,214.0,497315,PB000137,J03,35
PB000138_L18,7,HCT116,155.0,205.0,479401,PB000138,L18,35
PB000139_G14,7,HT29,99.0,130.0,346364,PB000139,G14,35
PB000139_N16,7,HT29,85.0,118.0,325316,PB000139,N16,35
PB000140_B15,7,HT29,59.0,68.0,212670,PB000140,B15,35
PB000141_D12,7,HT29,91.0,112.0,325525,PB000141,D12,35
PB000140_K09,7,HCT116,136.0,184.5,405171,PB000140,K09,35
PB000142_D12,7,HT29,107.0,133.5,386585,PB000142,D12,35
PB000139_I17,7,HT29,86.0,111.0,320048,PB000139,I17,35
PB000139_G03,7,HCT116,124.0,163.0,384282,PB000139,G03,35
PB000141_J14,7,HT29,82.0,105.0,289095,PB000141,J14,35
PB000137_J14,7,HCT116,156.0,192.5,487827,PB000137,J14,35
PB000142_I21,7,HT29,44.0,60.0,149403,PB000142,I21,35
PB000139_H12,7,HCT116,166.0,205.5,542985,PB000139,H12,35
PB000139_B15,7,HT29,93.0,108.0,309449,PB000139,B15,35
PB000137_B22,7,HCT116,83.0,101.0,272968,PB000137,B22,35
PB000139_C10,7,HCT116,138.0,166.5,401245,PB000139,C10,35
PB000142_L07,7,HT29,77.0,103.5,256727,PB000142,L07,35
PB000140_H12,7,HCT116,133.0,161.0,398238,PB000140,H12,35
PB000140_O11,7,HCT116,141.0,177.0,450028,PB000140,O11,35
PB000140_K20,7,HT29,100.0,119.0,381964,PB000140,K20,35
PB000139_E13,7,HT29,107.0,129.0,378587,PB000139,E13,35
PB000139_K20,7,HT29,50.0,68.0,175952,PB000139,K20,35
PB000141_H17,7,HT29,97.0,125.0,324055,PB000141,H17,35
PB000140_H23,7,HT29,105.0,140.0,351571,PB000140,H23,35
PB000139_I06,7,HCT116,138.0,176.0,421299,PB000139,I06,35
PB000137_M23,7,HCT116,158.0,197.0,508561,PB000137,M23,35
PB000142_H10,7,HT29,61.0,81.0,208634,PB000142,H10,35
PB000138_O09,7,HCT116,67.0,80.0,196878,PB000138,O09,35
PB000142_E16,7,HT29,54.0,67.0,179974,PB000142,E16,35
PB000141_L18,7,HT29,95.0,128.0,338766,PB000141,L18,35
PB000137_C05,7,HCT116,179.0,223.0,571526,PB000137,C05,35
PB000138_N15,7,HCT116,175.0,226.0,506370,PB000138,N15,35
PB000142_C05,7,HT29,19.0,23.0,66512,PB000142,C05,35
PB000138_F20,7,HCT116,165.0,204.0,509798,PB000138,F20,35
PB000137_L07,7,HCT116,127.0,166.0,396705,PB000137,L07,35
PB000142_N04,7,HT29,104.0,133.0,345595,PB000142,N04,35
PB000139_H23,7,HT29,33.0,40.0,125057,PB000139,H23,35
PB000139_C21,7,HT29,62.0,82.0,215185,PB000139,C21,35
PB000140_N05,7,HCT116,176.0,227.0,546352,PB000140,N05,35
PB000137_G13,8,HCT116,158.0,213.0,475336,PB000137,G13,40
PB000141_G02,8,HT29,97.0,128.5,345806,PB000141,G02,40
PB000137_M23,8,HCT116,166.0,217.33333333333334,531233,PB000137,M23,40
PB000137_E16,8,HCT116,144.0,181.0,416605,PB000137,E16,40
PB000142_K11,8,HT29,99.0,119.5,318872,PB000142,K11,40
PB000137_D12,8,HCT116,178.0,215.0,519648,PB000137,D12,40
PB000140_H12,8,HCT116,127.0,166.0,397127,PB000140,H12,40
PB000138_J14,8,HCT116,160.0,212.5,501640,PB000138,J14,40
PB000141_E16,8,HT29,104.0,131.0,317324,PB000141,E16,40
PB000137_O09,8,HCT116,200.0,247.0,585064,PB000137,O09,40
PB000138_F06,8,HCT116,139.0,180.0,416810,PB000138,F06,40
PB000141_L07,8,HT29,81.0,108.0,271099,PB000141,L07,40
PB000137_C05,8,HCT116,187.0,239.0,576730,PB000137,C05,40
PB000141_H17,8,HT29,109.0,141.0,352500,PB000141,H17,40
PB000142_H17,8,HT29,43.0,53.0,142915,PB000142,H17,40
PB000138_D12,8,HCT116,200.0,257.5,579502,PB000138,D12,40
PB000142_D12,8,HT29,120.0,154.5,395774,PB000142,D12,40
PB000139_C10,8,HCT116,122.0,165.0,375942,PB000139,C10,40
PB000142_F06,8,HT29,91.0,118.0,299234,PB000142,F06,40
PB000141_M23,8,HT29,100.0,130.0,337750,PB000141,M23,40
PB000141_K11,8,HT29,111.0,137.5,360934,PB000141,K11,40
PB000140_E13,8,HT29,129.0,161.0,452872,PB000140,E13,40
PB000137_G02,8,HCT116,137.0,183.0,435490,PB000137,G02,40
PB000137_L18,8,HCT116,167.0,215.0,516810,PB000137,L18,40
PB000142_H10,8,HT29,64.0,93.0,234425,PB000142,H10,40
PB000139_K09,8,HCT116,130.0,170.5,418539,PB000139,K09,40
PB000137_K11,8,HCT116,145.0,190.0,416835,PB000137,K11,40
PB000140_B04,8,HCT116,70.0,85.0,232407,PB000140,B04,40
PB000141_B22,8,HT29,17.0,19.0,60053,PB000141,B22,40
PB000140_C10,8,HCT116,156.0,190.0,452927,PB000140,C10,40
PB000138_H17,8,HCT116,34.0,45.0,100841,PB000138,H17,40
PB000142_C05,8,HT29,17.0,19.0,57740,PB000142,C05,40
PB000137_H17,8,HCT116,164.0,219.0,484219,PB000137,H17,40
PB000139_B15,8,HT29,101.0,124.0,337635,PB000139,B15,40
PB000139_B04,8,HCT116,117.0,153.0,337503,PB000139,B04,40
PB000139_H23,8,HT29,36.0,47.0,131760,PB000139,H23,40
PB000142_F20,8,HT29,81.0,116.0,317388,PB000142,F20,40
PB000139_G03,8,HCT116,143.0,188.0,444560,PB000139,G03,40
PB000142_N04,8,HT29,110.0,137.5,353389,PB000142,N04,40
PB000140_B15,8,HT29,56.0,71.0,209070,PB000140,B15,40
PB000139_H12,8,HCT116,181.0,237.0,558289,PB000139,H12,40
PB000140_O22,8,HT29,81.0,111.5,310364,PB000140,O22,40
PB000138_G13,8,HCT116,170.0,206.0,521729,PB000138,G13,40
PB000140_N16,8,HT29,99.0,130.0,358903,PB000140,N16,40
PB000142_E16,8,HT29,51.0,68.5,168362,PB000142,E16,40
PB000142_I21,8,HT29,42.0,51.5,140161,PB000142,I21,40
PB000140_O11,8,HCT116,139.0,180.0,435831,PB000140,O11,40
PB000141_D12,8,HT29,108.0,135.0,348750,PB000141,D12,40
PB000139_G14,8,HT29,111.0,151.5,376576,PB000139,G14,40
PB000140_K20,8,HT29,107.0,139.0,400347,PB000140,K20,40
PB000140_K09,8,HCT116,131.0,186.5,405771,PB000140,K09,40
PB000142_J14,8,HT29,76.0,112.5,279328,PB000142,J14,40
PB000139_I17,8,HT29,84.0,109.0,298587,PB000139,I17,40
PB000141_L18,8,HT29,107.0,137.0,370355,PB000141,L18,40
PB000141_G13,8,HT29,109.0,145.0,354784,PB000141,G13,40
PB000138_I21,8,HCT116,153.0,194.0,473483,PB000138,I21,40
PB000142_B22,8,HT29,56.0,79.0,203788,PB000142,B22,40
PB000138_L18,8,HCT116,143.0,192.0,442083,PB000138,L18,40
PB000141_H10,8,HT29,61.0,85.0,223874,PB000141,H10,40
PB000141_O09,8,HT29,150.0,190.5,450053,PB000141,O09,40
PB000139_O11,8,HCT116,169.0,218.0,497746,PB000139,O11,40
PB000139_N16,8,HT29,98.0,125.0,321858,PB000139,N16,40
PB000139_N05,8,HCT116,101.0,135.0,304148,PB000139,N05,40
PB000137_J14,8,HCT116,175.0,214.0,522297,PB000137,J14,40
PB000140_H23,8,HT29,98.0,133.5,345622,PB000140,H23,40
PB000138_C05,8,HCT116,159.0,190.5,463795,PB000138,C05,40
PB000137_J03,8,HCT116,155.0,205.5,476009,PB000137,J03,40
PB000138_O09,8,HCT116,64.0,74.0,194782,PB000138,O09,40
PB000139_O18,8,HT29,67.0,91.5,236490,PB000139,O18,40
PB000138_E16,8,HCT116,176.0,214.0,522755,PB000138,E16,40
PB000138_H10,8,HCT116,163.0,206.0,504097,PB000138,H10,40
PB000141_F06,8,HT29,106.0,138.0,378019,PB000141,F06,40
PB000142_L07,8,HT29,77.0,101.0,229153,PB000142,L07,40
PB000140_I06,8,HCT116,159.0,219.0,472899,PB000140,I06,40
PB000140_I17,8,HT29,105.0,121.5,350053,PB000140,I17,40
PB000137_B22,8,HCT116,85.0,105.0,283545,PB000137,B22,40
PB000142_O09,8,HT29,86.0,115.0,297225,PB000142,O09,40
PB000139_O07,8,HCT116,110.0,150.5,329886,PB000139,O07,40
PB000137_H10,8,HCT116,122.0,167.0,384542,PB000137,H10,40
PB000141_I21,8,HT29,96.0,131.0,341562,PB000141,I21,40
PB000138_N04,8,HCT116,10.0,12.0,33459,PB000138,N04,40
PB000140_E02,8,HCT116,169.0,210.0,555923,PB000140,E02,40
PB000139_E13,8,HT29,117.0,134.0,413223,PB000139,E13,40
PB000141_N15,8,HT29,124.0,152.0,390157,PB000141,N15,40
PB000141_J14,8,HT29,88.0,116.0,316226,PB000141,J14,40
PB000137_F06,8,HCT116,147.0,203.0,434093,PB000137,F06,40
PB000138_G02,8,HCT116,146.0,172.0,440320,PB000138,G02,40
PB000138_J03,8,HCT116,167.0,196.0,502273,PB000138,J03,40
PB000142_G13,8,HT29,103.0,127.0,374565,PB000142,G13,40
PB000140_O18,8,HT29,99.0,131.0,373228,PB000140,O18,40
PB000140_N05,8,HCT116,170.0,226.0,511487,PB000140,N05,40
PB000139_O22,8,HT29,95.0,128.0,300619,PB000139,O22,40
PB000140_G14,8,HT29,120.0,145.0,439482,PB000140,G14,40
PB000137_N15,8,HCT116,143.0,201.0,445588,PB000137,N15,40
PB000138_F20,8,HCT116,170.0,209.0,514871,PB000138,F20,40
PB000140_O07,8,HCT116,124.0,157.0,403203,PB000140,O07,40
PB000138_L07,8,HCT116,165.0,216.0,499186,PB000138,L07,40
PB000139_I06,8,HCT116,135.0,180.0,424850,PB000139,I06,40
PB000141_C05,8,HT29,105.0,132.0,348075,PB000141,C05,40
PB000137_F20,8,HCT116,172.0,227.0,487299,PB000137,F20,40
PB000137_I21,8,HCT116,136.0,184.0,414256,PB000137,I21,40
PB000138_K11,8,HCT116,46.0,57.0,115503,PB000138,K11,40
PB000139_C21,8,HT29,66.0,86.0,215915,PB000139,C21,40
PB000142_N15,8,HT29,100.0,124.0,357794,PB000142,N15,40
PB000142_M23,8,HT29,72.0,89.0,245995,PB000142,M23,40
PB000142_J03,8,HT29,26.0,33.0,99101,PB000142,J03,40
PB000137_L07,8,HCT116,114.0,166.5,368387,PB000137,L07,40
PB000138_M23,8,HCT116,175.0,209.66666666666666,509324,PB000138,M23,40
PB000140_G03,8,HCT116,120.0,153.0,374419,PB000140,G03,40
PB000138_N15,8,HCT116,164.0,201.0,494517,PB000138,N15,40
PB000138_B22,8,HCT116,153.0,194.5,432720,PB000138,B22,40
PB000139_K20,8,HT29,42.0,52.0,152565,PB000139,K20,40
PB000142_L18,8,HT29,66.0,91.0,256395,PB000142,L18,40
PB000138_B22,9,HCT116,148.0,184.0,402145,PB000138,B22,45
PB000138_G13,9,HCT116,169.0,216.0,516932,PB000138,G13,45
PB000142_O09,9,HT29,85.0,111.0,270969,PB000142,O09,45
PB000139_C10,9,HCT116,125.0,159.66666666666666,384044,PB000139,C10,45
PB000140_O11,9,HCT116,147.0,187.5,453979,PB000140,O11,45
PB000140_B04,9,HCT116,82.0,100.0,261809,PB000140,B04,45
PB000140_K09,9,HCT116,131.0,172.0,391692,PB000140,K09,45
PB000139_C21,9,HT29,62.0,82.0,197120,PB000139,C21,45
PB000142_C05,9,HT29,19.0,22.0,69011,PB000142,C05,45
PB000138_F06,9,HCT116,143.0,187.0,451348,PB000138,F06,45
PB000139_I06,9,HCT116,154.0,192.0,453345,PB000139,I06,45
PB000137_K11,9,HCT116,150.0,214.0,458666,PB000137,K11,45
PB000138_M23,9,HCT116,172.0,217.0,527339,PB000138,M23,45
PB000139_G14,9,HT29,123.0,160.0,384083,PB000139,G14,45
PB000137_L18,9,HCT116,168.0,220.0,516594,PB000137,L18,45
PB000139_G03,9,HCT116,149.0,191.0,470184,PB000139,G03,45
PB000139_K09,9,HCT116,127.0,184.0,427607,PB000139,K09,45
PB000141_J14,9,HT29,97.0,130.0,343733,PB000141,J14,45
PB000137_I21,9,HCT116,135.0,169.0,415339,PB000137,I21,45
PB000141_G02,9,HT29,86.0,120.5,312720,PB000141,G02,45
PB000141_M23,9,HT29,93.0,130.0,314912,PB000141,M23,45
PB000141_K11,9,HT29,128.0,144.0,394213,PB000141,K11,45
PB000142_D12,9,HT29,125.0,160.0,411611,PB000142,D12,45
PB000138_N04,9,HCT116,8.0,11.5,25408,PB000138,N04,45
PB000140_E02,9,HCT116,183.0,229.0,555765,PB000140,E02,45
PB000137_O09,9,HCT116,196.0,232.0,584883,PB000137,O09,45
PB000140_N16,9,HT29,101.0,130.0,359755,PB000140,N16,45
PB000141_D12,9,HT29,119.0,141.0,377749,PB000141,D12,45
PB000140_H23,9,HT29,107.0,141.0,364228,PB000140,H23,45
PB000140_O22,9,HT29,86.0,114.66666666666667,318619,PB000140,O22,45
PB000137_B22,9,HCT116,89.0,109.0,276209,PB000137,B22,45
PB000142_J03,9,HT29,22.0,27.5,84572,PB000142,J03,45
PB000139_N05,9,HCT116,104.0,141.0,313102,PB000139,N05,45
PB000138_N15,9,HCT116,163.0,205.0,491136,PB000138,N15,45
PB000141_H10,9,HT29,55.0,81.0,198451,PB000141,H10,45
PB000142_F06,9,HT29,95.0,124.0,310020,PB000142,F06,45
PB000137_C05,9,HCT116,186.0,249.0,582594,PB000137,C05,45
PB000138_L07,9,HCT116,156.0,207.0,472367,PB000138,L07,45
PB000140_E13,9,HT29,124.0,173.5,456403,PB000140,E13,45
PB000137_G13,9,HCT116,161.0,217.0,490614,PB000137,G13,45
PB000137_F06,9,HCT116,149.0,203.0,438057,PB000137,F06,45
PB000139_I17,9,HT29,81.0,101.0,295176,PB000139,I17,45
PB000140_G03,9,HCT116,112.0,142.0,345435,PB000140,G03,45
PB000141_L18,9,HT29,113.0,159.0,380509,PB000141,L18,45
PB000138_C05,9,HCT116,159.0,204.0,454955,PB000138,C05,45
PB000138_L18,9,HCT116,157.0,204.0,458960,PB000138,L18,45
PB000139_H23,9,HT29,28.0,37.0,107285,PB000139,H23,45
PB000142_L07,9,HT29,68.0,88.0,207999,PB000142,L07,45
PB000138_K11,9,HCT116,33.0,42.0,79713,PB000138,K11,45
PB000137_G02,9,HCT116,135.0,181.0,425273,PB000137,G02,45
PB000139_B15,9,HT29,98.0,133.0,330556,PB000139,B15,45
PB000142_N15,9,HT29,105.0,130.0,356214,PB000142,N15,45
PB000141_E16,9,HT29,101.0,131.0,318335,PB000141,E16,45
PB000137_H10,9,HCT116,121.0,167.0,395994,PB000137,H10,45
PB000138_O09,9,HCT116,59.0,76.0,177417,PB000138,O09,45
PB000140_I17,9,HT29,107.0,128.0,390394,PB000140,I17,45
PB000142_B22,9,HT29,67.0,89.0,237774,PB000142,B22,45
PB000142_J14,9,HT29,87.0,124.5,319658,PB000142,J14,45
PB000140_G14,9,HT29,149.0,188.0,495608,PB000140,G14,45
PB000140_C10,9,HCT116,147.0,183.0,432682,PB000140,C10,45
PB000141_C05,9,HT29,105.0,143.0,369704,PB000141,C05,45
PB000138_I21,9,HCT116,140.0,174.5,449971,PB000138,I21,45
PB000141_L07,9,HT29,82.0,119.0,290157,PB000141,L07,45
PB000142_E16,9,HT29,49.0,64.0,164583,PB000142,E16,45
PB000138_E16,9,HCT116,184.0,223.5,535910,PB000138,E16,45
PB000141_B22,9,HT29,8.0,9.0,27045,PB000141,B22,45
PB000137_N15,9,HCT116,148.0,199.0,452679,PB000137,N15,45
PB000140_O18,9,HT29,93.0,125.0,367579,PB000140,O18,45
PB000139_O18,9,HT29,72.0,94.5,255836,PB000139,O18,45
PB000142_H17,9,HT29,41.0,53.0,139818,PB000142,H17,45
PB000139_H12,9,HCT116,180.0,239.0,572301,PB000139,H12,45
PB000141_O09,9,HT29,145.0,184.0,464074,PB000141,O09,45
PB000138_J14,9,HCT116,151.0,196.0,464940,PB000138,J14,45
PB000140_N05,9,HCT116,179.0,223.5,553808,PB000140,N05,45
PB000139_E13,9,HT29,103.0,137.0,363754,PB000139,E13,45
PB000141_H17,9,HT29,123.0,158.0,378381,PB000141,H17,45
PB000137_H17,9,HCT116,143.0,200.0,428773,PB000137,H17,45
PB000141_I21,9,HT29,97.0,128.5,336647,PB000141,I21,45
PB000138_H17,9,HCT116,28.0,32.0,87266,PB000138,H17,45
PB000139_O11,9,HCT116,156.0,212.0,507002,PB000139,O11,45
PB000138_F20,9,HCT116,168.0,219.0,504833,PB000138,F20,45
PB000141_G13,9,HT29,120.0,150.0,387916,PB000141,G13,45
PB000137_F20,9,HCT116,170.0,221.0,483164,PB000137,F20,45
PB000140_K20,9,HT29,122.0,151.0,411490,PB000140,K20,45
PB000137_M23,9,HCT116,171.0,213.0,540085,PB000137,M23,45
PB000140_O07,9,HCT116,124.0,159.0,410506,PB000140,O07,45
PB000137_D12,9,HCT116,187.0,236.0,532300,PB000137,D12,45
PB000137_J14,9,HCT116,178.0,221.5,531348,PB000137,J14,45
PB000142_G13,9,HT29,104.0,135.0,353298,PB000142,G13,45
PB000139_O07,9,HCT116,97.0,134.5,304255,PB000139,O07,45
PB000137_J03,9,HCT116,164.0,206.0,495622,PB000137,J03,45
PB000141_F06,9,HT29,122.0,144.0,406836,PB000141,F06,45
PB000142_H10,9,HT29,71.0,97.5,242216,PB000142,H10,45
PB000141_N15,9,HT29,116.0,142.0,376273,PB000141,N15,45
PB000138_H10,9,HCT116,172.0,215.0,491831,PB000138,H10,45
PB000140_B15,9,HT29,66.0,74.0,215017,PB000140,B15,45
PB000138_G02,9,HCT116,142.0,169.0,441760,PB000138,G02,45
PB000139_O22,9,HT29,82.0,114.0,289173,PB000139,O22,45
PB000142_I21,9,HT29,41.0,54.5,141506,PB000142,I21,45
PB000142_L18,9,HT29,67.0,89.0,230932,PB000142,L18,45
PB000139_K20,9,HT29,45.0,57.0,161448,PB000139,K20,45
PB000137_L07,9,HCT116,126.0,166.0,403356,PB000137,L07,45
PB000142_F20,9,HT29,92.0,114.0,320010,PB000142,F20,45
PB000138_J03,9,HCT116,160.0,201.0,489718,PB000138,J03,45
PB000142_N04,9,HT29,114.0,146.5,363914,PB000142,N04,45
PB000139_B04,9,HCT116,122.0,156.0,357342,PB000139,B04,45
PB000142_K11,9,HT29,108.0,145.0,363768,PB000142,K11,45
PB000140_I06,9,HCT116,147.0,199.0,445531,PB000140,I06,45
PB000139_N16,9,HT29,113.0,140.0,361719,PB000139,N16,45
PB000140_H12,9,HCT116,126.0,167.0,417040,PB000140,H12,45
PB000142_M23,9,HT29,80.0,109.0,261144,PB000142,M23,45
PB000138_D12,9,HCT116,199.0,250.0,584847,PB000138,D12,45
PB000137_E16,9,HCT116,137.0,177.0,406278,PB000137,E16,45
PB000138_L18,10,HCT116,141.0,186.0,432638,PB000138,L18,50
PB000141_E16,10,HT29,94.0,130.0,314720,PB000141,E16,50
PB000139_B15,10,HT29,114.0,141.0,369931,PB000139,B15,50
PB000139_C10,10,HCT116,130.0,160.0,398508,PB000139,C10,50
PB000138_C05,10,HCT116,145.0,176.0,445665,PB000138,C05,50
PB000142_O09,10,HT29,97.0,119.0,286500,PB000142,O09,50
PB000140_E13,10,HT29,145.0,175.0,479003,PB000140,E13,50
PB000140_I17,10,HT29,104.0,138.0,393961,PB000140,I17,50
PB000137_F20,10,HCT116,173.0,226.0,493752,PB000137,F20,50
PB000141_H17,10,HT29,118.0,164.0,382584,PB000141,H17,50
PB000138_M23,10,HCT116,177.0,234.0,521229,PB000138,M23,50
PB000141_G02,10,HT29,111.0,145.0,383185,PB000141,G02,50
PB000140_K20,10,HT29,116.0,157.0,399498,PB000140,K20,50
PB000139_G03,10,HCT116,155.0,208.0,464880,PB000139,G03,50
PB000140_G03,10,HCT116,111.0,142.0,332497,PB000140,G03,50
PB000142_J14,10,HT29,91.0,121.0,297291,PB000142,J14,50
PB000137_H17,10,HCT116,160.0,217.0,481069,PB000137,H17,50
PB000141_I21,10,HT29,109.0,141.0,369141,PB000141,I21,50
PB000137_G02,10,HCT116,133.0,179.0,409075,PB000137,G02,50
PB000142_L07,10,HT29,62.0,88.0,204341,PB000142,L07,50
PB000138_F06,10,HCT116,155.0,209.0,464606,PB000138,F06,50
PB000141_H10,10,HT29,62.0,79.0,207709,PB000141,H10,50
PB000142_I21,10,HT29,46.0,55.5,151059,PB000142,I21,50
PB000141_L18,10,HT29,118.0,151.0,383764,PB000141,L18,50
PB000140_O18,10,HT29,102.0,130.0,374878,PB000140,O18,50
PB000137_F06,10,HCT116,148.0,201.0,421758,PB000137,F06,50
PB000138_I21,10,HCT116,132.0,173.0,425089,PB000138,I21,50
PB000138_G13,10,HCT116,179.0,234.0,535809,PB000138,G13,50
PB000141_K11,10,HT29,123.0,143.5,383254,PB000141,K11,50
PB000139_K09,10,HCT116,129.0,186.0,409954,PB000139,K09,50
PB000140_O11,10,HCT116,135.0,174.0,436343,PB000140,O11,50
PB000140_G14,10,HT29,164.0,197.5,506377,PB000140,G14,50
PB000139_H23,10,HT29,27.0,35.0,97223,PB000139,H23,50
PB000141_D12,10,HT29,119.0,150.5,380369,PB000141,D12,50
PB000138_F20,10,HCT116,171.0,216.0,528246,PB000138,F20,50
PB000139_O11,10,HCT116,163.0,215.0,532082,PB000139,O11,50
PB000140_C10,10,HCT116,149.0,195.0,451134,PB000140,C10,50
PB000142_F20,10,HT29,93.0,114.0,313609,PB000142,F20,50
PB000139_O18,10,HT29,65.0,90.0,230349,PB000139,O18,50
PB000141_C05,10,HT29,108.0,149.0,380539,PB000141,C05,50
PB000138_H10,10,HCT116,184.0,247.5,535620,PB000138,H10,50
PB000140_B15,10,HT29,65.0,80.0,212383,PB000140,B15,50
PB000138_D12,10,HCT116,203.0,247.0,576366,PB000138,D12,50
PB000139_H12,10,HCT116,179.0,241.0,575014,PB000139,H12,50
PB000140_O22,10,HT29,92.0,115.0,323200,PB000140,O22,50
PB000141_B22,10,HT29,9.0,9.0,26500,PB000141,B22,50
PB000137_K11,10,HCT116,159.0,221.0,456166,PB000137,K11,50
PB000140_I06,10,HCT116,140.0,185.0,431163,PB000140,I06,50
PB000139_N05,10,HCT116,107.0,147.0,318438,PB000139,N05,50
PB000142_M23,10,HT29,96.0,121.0,311334,PB000142,M23,50
PB000142_H10,10,HT29,69.0,98.0,224237,PB000142,H10,50
PB000137_O09,10,HCT116,197.0,238.0,593574,PB000137,O09,50
PB000138_E16,10,HCT116,169.0,219.0,498506,PB000138,E16,50
PB000138_N04,10,HCT116,10.0,13.0,29660,PB000138,N04,50
PB000138_N15,10,HCT116,159.0,218.0,467487,PB000138,N15,50
PB000140_N05,10,HCT116,174.0,225.0,534954,PB000140,N05,50
PB000139_N16,10,HT29,115.0,144.0,378203,PB000139,N16,50
PB000141_F06,10,HT29,132.0,167.5,417640,PB000141,F06,50
PB000137_G13,10,HCT116,143.0,200.0,438390,PB000137,G13,50
PB000138_O09,10,HCT116,47.0,58.0,140771,PB000138,O09,50
PB000139_I17,10,HT29,94.0,122.0,320858,PB000139,I17,50
PB000140_O07,10,HCT116,140.0,176.5,434003,PB000140,O07,50
PB000142_G13,10,HT29,108.0,133.0,369684,PB000142,G13,50
PB000138_G02,10,HCT116,141.0,181.0,431752,PB000138,G02,50
PB000142_D12,10,HT29,120.0,154.0,397601,PB000142,D12,50
PB000138_J14,10,HCT116,161.0,203.0,488468,PB000138,J14,50
PB000139_K20,10,HT29,45.0,60.0,166774,PB000139,K20,50
PB000141_G13,10,HT29,126.0,153.0,415231,PB000141,G13,50
PB000138_K11,10,HCT116,25.0,33.0,67661,PB000138,K11,50
PB000139_G14,10,HT29,121.0,151.0,377669,PB000139,G14,50
PB000142_J03,10,HT29,21.0,26.0,77697,PB000142,J03,50
PB000137_N15,10,HCT116,157.0,207.0,454264,PB000137,N15,50
PB000138_B22,10,HCT116,136.0,177.0,380102,PB000138,B22,50
PB000142_C05,10,HT29,19.0,24.5,73098,PB000142,C05,50
PB000141_M23,10,HT29,106.0,141.0,365695,PB000141,M23,50
PB000140_K09,10,HCT116,139.0,177.0,397367,PB000140,K09,50
PB000138_J03,10,HCT116,135.0,170.0,421756,PB000138,J03,50
PB000140_N16,10,HT29,105.0,134.0,371292,PB000140,N16,50
PB000141_O09,10,HT29,141.0,181.0,437111,PB000141,O09,50
PB000142_F06,10,HT29,97.0,129.0,328326,PB000142,F06,50
PB000142_E16,10,HT29,45.0,61.0,139311,PB000142,E16,50
PB000139_I06,10,HCT116,140.0,192.0,417156,PB000139,I06,50
PB000141_J14,10,HT29,103.0,137.0,331467,PB000141,J14,50
PB000139_E13,10,HT29,111.0,144.5,382689,PB000139,E13,50
PB000139_C21,10,HT29,51.0,71.5,164700,PB000139,C21,50
PB000137_J03,10,HCT116,156.0,206.0,478322,PB000137,J03,50
PB000137_E16,10,HCT116,141.0,190.0,408651,PB000137,E16,50
PB000142_K11,10,HT29,102.0,137.0,332606,PB000142,K11,50
PB000137_L18,10,HCT116,169.0,205.5,494913,PB000137,L18,50
PB000137_D12,10,HCT116,183.0,227.0,540618,PB000137,D12,50
PB000139_B04,10,HCT116,123.0,153.0,383126,PB000139,B04,50
PB000142_H17,10,HT29,43.0,58.0,150487,PB000142,H17,50
PB000142_B22,10,HT29,59.0,79.0,185367,PB000142,B22,50
PB000137_B22,10,HCT116,79.0,98.0,248209,PB000137,B22,50
PB000142_N15,10,HT29,96.0,126.0,324381,PB000142,N15,50
PB000139_O07,10,HCT116,100.0,123.5,317804,PB000139,O07,50
PB000137_C05,10,HCT116,178.0,221.0,554025,PB000137,C05,50
PB000142_L18,10,HT29,82.0,113.0,274667,PB000142,L18,50
PB000138_L07,10,HCT116,156.0,203.0,485337,PB000138,L07,50
PB000142_G02,10,HT29,3.0,3.0,11888,PB000142,G02,50
PB000140_B04,10,HCT116,91.0,111.0,282930,PB000140,B04,50
PB000137_J14,10,HCT116,172.0,220.0,527800,PB000137,J14,50
PB000138_H17,10,HCT116,25.0,28.0,80745,PB000138,H17,50
PB000140_E02,10,HCT116,183.0,232.0,570798,PB000140,E02,50
PB000137_M23,10,HCT116,163.0,211.0,520111,PB000137,M23,50
PB000141_N15,10,HT29,130.0,165.0,418426,PB000141,N15,50
PB000140_H12,10,HCT116,129.0,167.0,393186,PB000140,H12,50
PB000137_H10,10,HCT116,128.0,170.0,405778,PB000137,H10,50
PB000142_N04,10,HT29,102.0,138.5,328128,PB000142,N04,50
PB000137_L07,10,HCT116,122.0,156.0,386016,PB000137,L07,50
PB000140_H23,10,HT29,117.0,156.5,362750,PB000140,H23,50
PB000137_I21,10,HCT116,140.0,186.0,416283,PB000137,I21,50
PB000141_L07,10,HT29,74.0,103.0,257127,PB000141,L07,50
PB000139_O22,10,HT29,83.0,120.5,289975,PB000139,O22,50
PB000138_K11,11,HCT116,27.0,34.0,71918,PB000138,K11,55
PB000142_L07,11,HT29,54.0,77.0,183994,PB000142,L07,55
PB000140_N05,11,HCT116,167.0,214.0,510059,PB000140,N05,55
PB000140_O07,11,HCT116,141.0,186.0,446845,PB000140,O07,55
PB000140_E13,11,HT29,153.0,176.5,491656,PB000140,E13,55
PB000137_O09,11,HCT116,218.0,269.0,634466,PB000137,O09,55
PB000142_H10,11,HT29,76.0,96.0,240985,PB000142,H10,55
PB000141_I21,11,HT29,97.0,130.5,340679,PB000141,I21,55
PB000140_H23,11,HT29,125.0,158.0,393864,PB000140,H23,55
PB000137_L18,11,HCT116,149.0,205.0,460353,PB000137,L18,55
PB000138_F06,11,HCT116,162.0,205.5,481082,PB000138,F06,55
PB000137_E16,11,HCT116,129.0,171.0,369523,PB000137,E16,55
PB000138_O09,11,HCT116,36.0,40.0,105344,PB000138,O09,55
PB000142_H17,11,HT29,39.0,48.5,130268,PB000142,H17,55
PB000140_I17,11,HT29,113.0,143.0,383697,PB000140,I17,55
PB000137_N15,11,HCT116,147.0,194.0,465223,PB000137,N15,55
PB000137_M23,11,HCT116,170.0,219.0,511131,PB000137,M23,55
PB000140_N16,11,HT29,104.0,137.0,359106,PB000140,N16,55
PB000139_C10,11,HCT116,123.0,153.0,362301,PB000139,C10,55
PB000142_J14,11,HT29,84.0,121.5,292207,PB000142,J14,55
PB000138_N04,11,HCT116,4.0,6.0,9919,PB000138,N04,55
PB000138_M23,11,HCT116,185.0,237.0,544660,PB000138,M23,55
PB000140_O22,11,HT29,80.0,112.0,299105,PB000140,O22,55
PB000138_H17,11,HCT116,24.0,29.0,69695,PB000138,H17,55
PB000139_E13,11,HT29,118.0,146.0,378399,PB000139,E13,55
PB000141_F06,11,HT29,125.0,162.0,395493,PB000141,F06,55
PB000137_K11,11,HCT116,155.0,217.5,460282,PB000137,K11,55
PB000141_G13,11,HT29,125.0,159.0,393009,PB000141,G13,55
PB000142_C05,11,HT29,15.0,17.5,51062,PB000142,C05,55
PB000139_H12,11,HCT116,162.0,216.0,534310,PB000139,H12,55
PB000138_G02,11,HCT116,128.0,161.0,408190,PB000138,G02,55
PB000139_B15,11,HT29,119.0,155.5,386256,PB000139,B15,55
PB000137_J03,11,HCT116,143.0,178.0,432969,PB000137,J03,55
PB000142_O09,11,HT29,84.0,111.0,264594,PB000142,O09,55
PB000141_N15,11,HT29,129.0,154.0,399080,PB000141,N15,55
PB000140_G14,11,HT29,172.0,211.5,525109,PB000140,G14,55
PB000142_E16,11,HT29,42.0,61.5,138799,PB000142,E16,55
PB000141_E16,11,HT29,98.0,125.5,308091,PB000141,E16,55
PB000137_G13,11,HCT116,150.0,188.5,471625,PB000137,G13,55
PB000138_L18,11,HCT116,129.0,179.5,421424,PB000138,L18,55
PB000142_K11,11,HT29,92.0,119.0,303289,PB000142,K11,55
PB000141_C05,11,HT29,111.0,137.66666666666666,384063,PB000141,C05,55
PB000138_L07,11,HCT116,151.0,184.5,459371,PB000138,L07,55
PB000142_G02,11,HT29,6.0,7.0,24980,PB000142,G02,55
PB000139_G03,11,HCT116,149.0,192.0,475724,PB000139,G03,55
PB000140_B04,11,HCT116,76.0,96.0,255313,PB000140,B04,55
PB000142_N15,11,HT29,98.0,127.0,319025,PB000142,N15,55
PB000140_G03,11,HCT116,119.0,156.0,350036,PB000140,G03,55
PB000141_G02,11,HT29,111.0,142.33333333333334,361233,PB000141,G02,55
PB000139_I17,11,HT29,83.0,113.0,259027,PB000139,I17,55
PB000139_I06,11,HCT116,130.0,158.0,392751,PB000139,I06,55
PB000142_G13,11,HT29,98.0,130.0,333782,PB000142,G13,55
PB000138_G13,11,HCT116,179.0,232.0,530229,PB000138,G13,55
PB000141_D12,11,HT29,123.0,145.0,384084,PB000141,D12,55
PB000139_N05,11,HCT116,113.0,150.0,334953,PB000139,N05,55
PB000139_N16,11,HT29,105.0,138.0,342543,PB000139,N16,55
PB000140_K20,11,HT29,119.0,149.66666666666666,422633,PB000140,K20,55
PB000141_L18,11,HT29,116.0,145.0,375213,PB000141,L18,55
PB000137_H17,11,HCT116,150.0,210.0,478370,PB000137,H17,55
PB000137_L07,11,HCT116,116.0,145.0,341218,PB000137,L07,55
PB000141_M23,11,HT29,105.0,139.0,397070,PB000141,M23,55
PB000139_O22,11,HT29,87.0,111.0,281921,PB000139,O22,55
PB000138_F20,11,HCT116,179.0,218.0,513103,PB000138,F20,55
PB000141_H10,11,HT29,73.0,99.0,246155,PB000141,H10,55
PB000139_G14,11,HT29,120.0,161.0,396519,PB000139,G14,55
PB000137_J14,11,HCT116,183.0,225.0,536536,PB000137,J14,55
PB000138_E16,11,HCT116,179.0,225.0,522570,PB000138,E16,55
PB000138_D12,11,HCT116,200.0,241.0,565711,PB000138,D12,55
PB000139_H23,11,HT29,31.0,35.0,120760,PB000139,H23,55
PB000142_F20,11,HT29,91.0,127.0,297400,PB000142,F20,55
PB000137_F20,11,HCT116,174.0,222.0,489172,PB000137,F20,55
PB000142_B22,11,HT29,53.0,74.0,176305,PB000142,B22,55
PB000141_L07,11,HT29,78.0,104.0,257167,PB000141,L07,55
PB000140_H12,11,HCT116,135.0,176.0,409544,PB000140,H12,55
PB000139_B04,11,HCT116,131.0,167.0,404669,PB000139,B04,55
PB000137_B22,11,HCT116,91.0,115.0,292024,PB000137,B22,55
PB000139_K20,11,HT29,37.0,53.5,143976,PB000139,K20,55
PB000140_E02,11,HCT116,190.0,227.0,588113,PB000140,E02,55
PB000137_G02,11,HCT116,137.0,172.0,398645,PB000137,G02,55
PB000140_O18,11,HT29,107.0,138.0,381513,PB000140,O18,55
PB000138_C05,11,HCT116,135.0,168.0,428741,PB000138,C05,55
PB000142_J03,11,HT29,17.0,19.0,61083,PB000142,J03,55
PB000137_C05,11,HCT116,173.0,227.0,511353,PB000137,C05,55
PB000141_O09,11,HT29,143.0,182.0,449127,PB000141,O09,55
PB000139_C21,11,HT29,41.0,57.0,138653,PB000139,C21,55
PB000138_B22,11,HCT116,118.0,152.5,332763,PB000138,B22,55
PB000140_K09,11,HCT116,138.0,173.0,378740,PB000140,K09,55
PB000142_L18,11,HT29,80.0,103.0,273639,PB000142,L18,55
PB000139_O18,11,HT29,61.0,79.0,199371,PB000139,O18,55
PB000140_I06,11,HCT116,143.0,183.0,426051,PB000140,I06,55
PB000139_K09,11,HCT116,134.0,181.0,412539,PB000139,K09,55
PB000140_C10,11,HCT116,147.0,187.0,452445,PB000140,C10,55
PB000137_D12,11,HCT116,195.0,245.5,563047,PB000137,D12,55
PB000141_B22,11,HT29,6.0,7.0,18589,PB000141,B22,55
PB000138_N15,11,HCT116,164.0,213.0,484148,PB000138,N15,55
PB000142_N04,11,HT29,103.0,132.0,335178,PB000142,N04,55
PB000140_O11,11,HCT116,142.0,163.0,423303,PB000140,O11,55
PB000137_I21,11,HCT116,148.0,192.5,420411,PB000137,I21,55
PB000137_H10,11,HCT116,145.0,182.0,447072,PB000137,H10,55
PB000141_H17,11,HT29,122.0,150.0,364943,PB000141,H17,55
PB000138_J03,11,HCT116,131.0,157.5,387702,PB000138,J03,55
PB000141_J14,11,HT29,115.0,144.0,365003,PB000141,J14,55
PB000137_F06,11,HCT116,141.0,184.0,402592,PB000137,F06,55
PB000138_J14,11,HCT116,162.0,210.0,485030,PB000138,J14,55
PB000139_O11,11,HCT116,152.0,207.0,487642,PB000139,O11,55
PB000141_K11,11,HT29,117.0,136.0,365242,PB000141,K11,55
PB000138_I21,11,HCT116,133.0,165.0,401291,PB000138,I21,55
PB000142_I21,11,HT29,36.0,48.5,118342,PB000142,I21,55
PB000142_D12,11,HT29,118.0,153.5,400019,PB000142,D12,55
PB000138_H10,11,HCT116,171.0,222.0,495124,PB000138,H10,55
PB000139_O07,11,HCT116,108.0,136.0,350875,PB000139,O07,55
PB000140_B15,11,HT29,62.0,68.0,203393,PB000140,B15,55
PB000142_M23,11,HT29,80.0,99.0,271175,PB000142,M23,55
PB000142_F06,11,HT29,90.0,125.0,318065,PB000142,F06,55
PB000142_C05,12,HT29,13.0,15.0,40230,PB000142,C05,60
PB000139_G14,12,HT29,127.0,162.5,402281,PB000139,G14,60
PB000138_H17,12,HCT116,29.0,35.0,74597,PB000138,H17,60
PB000139_H23,12,HT29,26.0,32.0,101440,PB000139,H23,60
PB000139_O22,12,HT29,81.0,106.0,267022,PB000139,O22,60
PB000140_I06,12,HCT116,158.0,203.0,456529,PB000140,I06,60
PB000138_D12,12,HCT116,183.0,224.0,538210,PB000138,D12,60
PB000141_F06,12,HT29,130.0,159.0,385473,PB000141,F06,60
PB000139_C21,12,HT29,42.0,59.0,142674,PB000139,C21,60
PB000137_J03,12,HCT116,133.0,165.0,400029,PB000137,J03,60
PB000142_N04,12,HT29,84.0,113.0,300606,PB000142,N04,60
PB000142_L07,12,HT29,46.0,59.5,152460,PB000142,L07,60
PB000138_N15,12,HCT116,151.0,199.0,478653,PB000138,N15,60
PB000139_O11,12,HCT116,146.0,193.0,461636,PB000139,O11,60
PB000137_L07,12,HCT116,108.0,131.0,314959,PB000137,L07,60
PB000142_O09,12,HT29,84.0,109.0,261381,PB000142,O09,60
PB000141_C05,12,HT29,92.0,126.0,330023,PB000141,C05,60
PB000137_G02,12,HCT116,118.0,144.5,351400,PB000137,G02,60
PB000138_F06,12,HCT116,172.0,218.5,495929,PB000138,F06,60
PB000140_H12,12,HCT116,134.0,176.0,410221,PB000140,H12,60
PB000137_H10,12,HCT116,123.0,166.0,403724,PB000137,H10,60
PB000138_G02,12,HCT116,121.0,155.0,391386,PB000138,G02,60
PB000140_B15,12,HT29,63.0,75.0,193742,PB000140,B15,60
PB000140_O22,12,HT29,76.0,111.0,273949,PB000140,O22,60
PB000140_O07,12,HCT116,139.0,181.0,454765,PB000140,O07,60
PB000139_N05,12,HCT116,108.0,141.0,325633,PB000139,N05,60
PB000140_K09,12,HCT116,124.0,153.0,348115,PB000140,K09,60
PB000140_N05,12,HCT116,175.0,216.0,523452,PB000140,N05,60
PB000141_I21,12,HT29,90.0,126.0,315718,PB000141,I21,60
PB000142_I21,12,HT29,40.0,53.0,115809,PB000142,I21,60
PB000142_K11,12,HT29,89.0,115.0,294296,PB000142,K11,60
PB000137_F20,12,HCT116,163.0,206.0,457165,PB000137,F20,60
PB000140_E13,12,HT29,149.0,186.0,469337,PB000140,E13,60
PB000137_C05,12,HCT116,166.0,204.0,490667,PB000137,C05,60
PB000141_E16,12,HT29,89.0,124.0,264064,PB000141,E16,60
PB000142_G13,12,HT29,96.0,129.5,313508,PB000142,G13,60
PB000142_N15,12,HT29,81.0,103.0,273768,PB000142,N15,60
PB000140_H23,12,HT29,111.0,152.0,370061,PB000140,H23,60
PB000138_H10,12,HCT116,181.0,229.5,504170,PB000138,H10,60
PB000141_H17,12,HT29,118.0,150.0,356508,PB000141,H17,60
PB000141_O09,12,HT29,149.0,186.0,456127,PB000141,O09,60
PB000140_K20,12,HT29,123.0,159.0,406232,PB000140,K20,60
PB000142_F20,12,HT29,80.0,104.0,270162,PB000142,F20,60
PB000141_B22,12,HT29,5.0,5.0,17968,PB000141,B22,60
PB000142_H10,12,HT29,78.0,97.0,231963,PB000142,H10,60
PB000139_G03,12,HCT116,144.0,183.0,441144,PB000139,G03,60
PB000140_O18,12,HT29,99.0,136.0,350319,PB000140,O18,60
PB000138_C05,12,HCT116,123.0,155.0,389009,PB000138,C05,60
PB000139_O07,12,HCT116,110.0,142.0,356109,PB000139,O07,60
PB000139_E13,12,HT29,124.0,161.0,367497,PB000139,E13,60
PB000137_K11,12,HCT116,139.0,205.5,431231,PB000137,K11,60
PB000139_C10,12,HCT116,99.0,130.0,301064,PB000139,C10,60
PB000141_M23,12,HT29,102.0,138.66666666666666,367465,PB000141,M23,60
PB000138_O09,12,HCT116,34.0,42.0,99367,PB000138,O09,60
PB000142_J03,12,HT29,16.0,16.0,47382,PB000142,J03,60
PB000138_J14,12,HCT116,140.0,178.5,447350,PB000138,J14,60
PB000137_I21,12,HCT116,122.0,157.5,341142,PB000137,I21,60
PB000138_F20,12,HCT116,158.0,205.0,473392,PB000138,F20,60
PB000142_B22,12,HT29,57.0,76.0,175898,PB000142,B22,60
PB000141_K11,12,HT29,111.0,143.0,355055,PB000141,K11,60
PB000137_O09,12,HCT116,203.0,252.0,573048,PB000137,O09,60
PB000139_K20,12,HT29,37.0,45.0,125838,PB000139,K20,60
PB000140_I17,12,HT29,113.0,150.0,366658,PB000140,I17,60
PB000140_O11,12,HCT116,127.0,148.0,371911,PB000140,O11,60
PB000138_J03,12,HCT116,126.0,156.0,368060,PB000138,J03,60
PB000139_O18,12,HT29,52.0,69.0,173254,PB000139,O18,60
PB000138_L07,12,HCT116,154.0,201.0,449874,PB000138,L07,60
PB000141_G02,12,HT29,109.0,144.0,336176,PB000141,G02,60
PB000139_K09,12,HCT116,117.0,150.0,362029,PB000139,K09,60
PB000138_L18,12,HCT116,127.0,154.0,390470,PB000138,L18,60
PB000137_N15,12,HCT116,135.0,174.5,423952,PB000137,N15,60
PB000139_N16,12,HT29,104.0,142.0,355755,PB000139,N16,60
PB000138_E16,12,HCT116,169.0,220.0,508790,PB000138,E16,60
PB000138_B22,12,HCT116,100.0,121.0,285961,PB000138,B22,60
PB000139_H12,12,HCT116,169.0,228.0,539392,PB000139,H12,60
PB000141_L18,12,HT29,120.0,158.5,394339,PB000141,L18,60
PB000138_M23,12,HCT116,176.0,227.0,497094,PB000138,M23,60
PB000137_H17,12,HCT116,151.0,195.0,456119,PB000137,H17,60
PB000141_G13,12,HT29,121.0,155.5,380113,PB000141,G13,60
PB000137_B22,12,HCT116,83.0,110.0,258444,PB000137,B22,60
PB000139_B04,12,HCT116,130.0,164.5,379603,PB000139,B04,60
PB000140_C10,12,HCT116,144.0,184.0,433118,PB000140,C10,60
PB000140_G03,12,HCT116,116.0,141.5,334299,PB000140,G03,60
PB000141_D12,12,HT29,105.0,146.0,354676,PB000141,D12,60
PB000142_G02,12,HT29,10.0,12.0,49045,PB000142,G02,60
PB000140_E02,12,HCT116,178.0,224.0,523956,PB000140,E02,60
PB000138_G13,12,HCT116,151.0,192.0,470101,PB000138,G13,60
PB000141_H10,12,HT29,70.0,91.0,223024,PB000141,H10,60
PB000142_M23,12,HT29,70.0,91.0,248940,PB000142,M23,60
PB000137_M23,12,HCT116,173.0,225.0,516457,PB000137,M23,60
PB000140_B04,12,HCT116,78.0,107.0,245814,PB000140,B04,60
PB000142_L18,12,HT29,95.0,124.0,318678,PB000142,L18,60
PB000142_E16,12,HT29,41.0,56.0,128726,PB000142,E16,60
PB000141_N15,12,HT29,132.0,160.0,399869,PB000141,N15,60
PB000137_L18,12,HCT116,141.0,185.5,428817,PB000137,L18,60
PB000140_G14,12,HT29,170.0,214.0,524851,PB000140,G14,60
PB000142_J14,12,HT29,81.0,112.5,288813,PB000142,J14,60
PB000138_I21,12,HCT116,134.0,166.0,398521,PB000138,I21,60
PB000137_G13,12,HCT116,150.0,187.0,447704,PB000137,G13,60
PB000139_I17,12,HT29,71.0,100.0,231717,PB000139,I17,60
PB000137_E16,12,HCT116,118.0,153.0,342155,PB000137,E16,60
PB000141_L07,12,HT29,78.0,111.0,258074,PB000141,L07,60
PB000142_H17,12,HT29,34.0,41.5,105407,PB000142,H17,60
PB000139_B15,12,HT29,122.0,159.0,393453,PB000139,B15,60
PB000137_J14,12,HCT116,178.0,216.0,515239,PB000137,J14,60
PB000139_I06,12,HCT116,133.0,160.0,387231,PB000139,I06,60
PB000141_J14,12,HT29,97.0,126.0,325078,PB000141,J14,60
PB000142_D12,12,HT29,116.0,148.0,380351,PB000142,D12,60
PB000140_N16,12,HT29,110.0,140.5,357278,PB000140,N16,60
PB000137_D12,12,HCT116,173.0,213.0,526904,PB000137,D12,60
PB000142_F06,12,HT29,84.0,110.0,281602,PB000142,F06,60
PB000137_F06,12,HCT116,121.0,165.0,358123,PB000137,F06,60
PB000138_K11,12,HCT116,22.0,29.0,62504,PB000138,K11,60
