Metadata_pert_name,corr,Metadata_name,Metadata_conc_step,cell_line,kind
5Z-7-_1.0,0.7790076256531491,5Z-7-,1.0,HCT116,replicate
ABT-7_1.0,0.32396218887599537,ABT-7,1.0,HCT116,replicate
AMG23_1.0,0.7398590262368048,AMG23,1.0,HCT116,replicate
AZD45_1.0,0.230994463348377,AZD45,1.0,HCT116,replicate
AZD77_1.0,-0.020063408586258352,AZD77,1.0,HCT116,replicate
AZD80_1.0,0.47946583948512966,AZD80,1.0,HCT116,replicate
Adavo_1.0,0.26767745832404644,Adavo,1.0,HCT116,replicate
Afati_1.0,0.5961549602858598,Afati,1.0,HCT116,replicate
Alpel_1.0,0.13614873917764894,Alpel,1.0,HCT116,replicate
BMS-7_1.0,0.5653692262185546,BMS-7,1.0,HCT116,replicate
Binim_1.0,0.6870080862604417,Binim,1.0,HCT116,replicate
Borte_1.0,-0.011790617008436794,Borte,1.0,HCT116,replicate
Cobim_1.0,0.4949331416364118,Cobim,1.0,HCT116,replicate
Crizo_1.0,-0.12225090540194875,Crizo,1.0,HCT116,replicate
Dabra_1.0,0.5210944190633449,Dabra,1.0,HCT116,replicate
Doram_1.0,0.21750033557860887,Doram,1.0,HCT116,replicate
Encor_1.0,0.1320292953839532,Encor,1.0,HCT116,replicate
Fluor_1.0,0.40957143596954887,Fluor,1.0,HCT116,replicate
Gefit_1.0,0.09560179332487342,Gefit,1.0,HCT116,replicate
Gemci_1.0,0.7690523018295266,Gemci,1.0,HCT116,replicate
LGK-9_1.0,0.09254477233788506,LGK-9,1.0,HCT116,replicate
Linsi_1.0,0.05052448755403149,Linsi,1.0,HCT116,replicate
MK-22_1.0,0.278983058315528,MK-22,1.0,HCT116,replicate
Migli_1.0,0.012441093473355973,Migli,1.0,HCT116,replicate
Navit_1.0,0.32304781750523015,Navit,1.0,HCT116,replicate
Nutli_1.0,0.28899876789563905,Nutli,1.0,HCT116,replicate
Olapa_1.0,0.23860249452038562,Olapa,1.0,HCT116,replicate
Oxali_1.0,-0.002029368350262399,Oxali,1.0,HCT116,replicate
PD032_1.0,0.6945074804973403,PD032,1.0,HCT116,replicate
PI-10_1.0,0.0323400931021581,PI-10,1.0,HCT116,replicate
Pacli_1.0,0.051813425663506905,Pacli,1.0,HCT116,replicate
Palbo_1.0,0.6531134730261445,Palbo,1.0,HCT116,replicate
Phenf_1.0,0.05650581638955805,Phenf,1.0,HCT116,replicate
Rabus_1.0,0.15479139307247533,Rabus,1.0,HCT116,replicate
Regor_1.0,0.198284943047166,Regor,1.0,HCT116,replicate
Ruxol_1.0,0.2966456582948512,Ruxol,1.0,HCT116,replicate
SB216_1.0,0.05879637200548944,SB216,1.0,HCT116,replicate
SB505_1.0,0.1871671476868518,SB505,1.0,HCT116,replicate
SN-38_1.0,0.7562608187348041,SN-38,1.0,HCT116,replicate
Sapit_1.0,0.20956415669154177,Sapit,1.0,HCT116,replicate
Soraf_1.0,0.00651365336745586,Soraf,1.0,HCT116,replicate
Tanes_1.0,0.11686165934980562,Tanes,1.0,HCT116,replicate
Tasel_1.0,0.6064868537666018,Tasel,1.0,HCT116,replicate
Temoz_1.0,-0.006825023440444959,Temoz,1.0,HCT116,replicate
Trame_1.0,0.024717249825595252,Trame,1.0,HCT116,replicate
Trici_1.0,0.14309051970435982,Trici,1.0,HCT116,replicate
Trifl_1.0,0.06843358047733156,Trifl,1.0,HCT116,replicate
Velip_1.0,-0.013333836184160505,Velip,1.0,HCT116,replicate
Vemur_1.0,0.051206364736877924,Vemur,1.0,HCT116,replicate
Vinor_1.0,0.20690507229466307,Vinor,1.0,HCT116,replicate
Vorin_1.0,0.5251805593762231,Vorin,1.0,HCT116,replicate
abema_1.0,0.6447830483107103,abema,1.0,HCT116,replicate
5Z-7-_2.0,0.6839294866405876,5Z-7-,2.0,HCT116,replicate
ABT-7_2.0,0.12652894789968727,ABT-7,2.0,HCT116,replicate
AMG23_2.0,0.8589384977815732,AMG23,2.0,HCT116,replicate
AZD45_2.0,0.29906357800392896,AZD45,2.0,HCT116,replicate
AZD77_2.0,0.42160969098472084,AZD77,2.0,HCT116,replicate
AZD80_2.0,0.5626204018961782,AZD80,2.0,HCT116,replicate
Adavo_2.0,0.5416750467964356,Adavo,2.0,HCT116,replicate
Afati_2.0,0.3117275588169282,Afati,2.0,HCT116,replicate
Alpel_2.0,0.3276456549115055,Alpel,2.0,HCT116,replicate
BMS-7_2.0,0.5563051382979085,BMS-7,2.0,HCT116,replicate
Binim_2.0,0.723407742454814,Binim,2.0,HCT116,replicate
Borte_2.0,0.6633718144577565,Borte,2.0,HCT116,replicate
Cobim_2.0,0.7714905499652899,Cobim,2.0,HCT116,replicate
Crizo_2.0,0.4056009785063054,Crizo,2.0,HCT116,replicate
Dabra_2.0,0.4376898028875449,Dabra,2.0,HCT116,replicate
Doram_2.0,0.3237962787615224,Doram,2.0,HCT116,replicate
Encor_2.0,0.30851486323111693,Encor,2.0,HCT116,replicate
Fluor_2.0,0.2687908467746799,Fluor,2.0,HCT116,replicate
Gefit_2.0,0.30331469793374355,Gefit,2.0,HCT116,replicate
Gemci_2.0,0.7018098066875227,Gemci,2.0,HCT116,replicate
LGK-9_2.0,0.3770655467591018,LGK-9,2.0,HCT116,replicate
Linsi_2.0,-0.09734817938717187,Linsi,2.0,HCT116,replicate
MK-22_2.0,0.2855515504918159,MK-22,2.0,HCT116,replicate
Migli_2.0,0.5006059348763819,Migli,2.0,HCT116,replicate
Navit_2.0,0.0355424688838446,Navit,2.0,HCT116,replicate
Nutli_2.0,0.19495638489436737,Nutli,2.0,HCT116,replicate
Olapa_2.0,0.06448893770068609,Olapa,2.0,HCT116,replicate
Oxali_2.0,0.7068670158157877,Oxali,2.0,HCT116,replicate
PD032_2.0,0.615468324230541,PD032,2.0,HCT116,replicate
PI-10_2.0,0.12604161654096424,PI-10,2.0,HCT116,replicate
Pacli_2.0,0.5923223821320485,Pacli,2.0,HCT116,replicate
Palbo_2.0,0.6059610420473392,Palbo,2.0,HCT116,replicate
Phenf_2.0,0.11639635699043013,Phenf,2.0,HCT116,replicate
Rabus_2.0,-0.04391633316300411,Rabus,2.0,HCT116,replicate
Regor_2.0,0.4532262904899848,Regor,2.0,HCT116,replicate
Ruxol_2.0,0.13309016268825946,Ruxol,2.0,HCT116,replicate
SB216_2.0,0.3421112646386563,SB216,2.0,HCT116,replicate
SB505_2.0,0.016298546940690585,SB505,2.0,HCT116,replicate
SN-38_2.0,0.70365443144712,SN-38,2.0,HCT116,replicate
Sapit_2.0,-0.008026276353364052,Sapit,2.0,HCT116,replicate
Soraf_2.0,0.1847332786222075,Soraf,2.0,HCT116,replicate
Tanes_2.0,0.6187884809959469,Tanes,2.0,HCT116,replicate
Tasel_2.0,0.5512861668371863,Tasel,2.0,HCT116,replicate
Temoz_2.0,0.08049169109814562,Temoz,2.0,HCT116,replicate
Trame_2.0,0.13659688700826395,Trame,2.0,HCT116,replicate
Trici_2.0,0.25346714058940256,Trici,2.0,HCT116,replicate
Trifl_2.0,0.39199634505666514,Trifl,2.0,HCT116,replicate
Velip_2.0,0.34265261424135396,Velip,2.0,HCT116,replicate
Vemur_2.0,-0.01738098832003419,Vemur,2.0,HCT116,replicate
Vinor_2.0,0.6181971474117081,Vinor,2.0,HCT116,replicate
Vorin_2.0,0.5684895690682945,Vorin,2.0,HCT116,replicate
abema_2.0,0.6986711662648362,abema,2.0,HCT116,replicate
5Z-7-_3.0,0.3878952291857175,5Z-7-,3.0,HCT116,replicate
ABT-7_3.0,0.0033256746769544307,ABT-7,3.0,HCT116,replicate
AMG23_3.0,0.5395460008144894,AMG23,3.0,HCT116,replicate
AZD45_3.0,0.2616101563706764,AZD45,3.0,HCT116,replicate
AZD77_3.0,0.5608255420506356,AZD77,3.0,HCT116,replicate
AZD80_3.0,0.48292875020372544,AZD80,3.0,HCT116,replicate
Adavo_3.0,0.5921897364030068,Adavo,3.0,HCT116,replicate
Afati_3.0,0.5340872601481887,Afati,3.0,HCT116,replicate
Alpel_3.0,0.6223510319460144,Alpel,3.0,HCT116,replicate
BMS-7_3.0,0.6952248385697767,BMS-7,3.0,HCT116,replicate
Binim_3.0,0.6442084138104909,Binim,3.0,HCT116,replicate
Cobim_3.0,0.8617909723755305,Cobim,3.0,HCT116,replicate
Crizo_3.0,0.8858783500421574,Crizo,3.0,HCT116,replicate
Dabra_3.0,0.5915898039672016,Dabra,3.0,HCT116,replicate
Doram_3.0,0.1786403852623389,Doram,3.0,HCT116,replicate
Encor_3.0,0.6319166611787848,Encor,3.0,HCT116,replicate
Fluor_3.0,0.19376519806550752,Fluor,3.0,HCT116,replicate
Gefit_3.0,0.38742815436654654,Gefit,3.0,HCT116,replicate
Gemci_3.0,0.6777557425119745,Gemci,3.0,HCT116,replicate
LGK-9_3.0,-0.02292634605920761,LGK-9,3.0,HCT116,replicate
Linsi_3.0,0.2110080131378736,Linsi,3.0,HCT116,replicate
MK-22_3.0,0.3328448937392186,MK-22,3.0,HCT116,replicate
Migli_3.0,-0.0260803288259084,Migli,3.0,HCT116,replicate
Navit_3.0,-0.03775552312115352,Navit,3.0,HCT116,replicate
Nutli_3.0,0.5843322632755698,Nutli,3.0,HCT116,replicate
Olapa_3.0,0.43353365796819654,Olapa,3.0,HCT116,replicate
Oxali_3.0,0.6752502878745348,Oxali,3.0,HCT116,replicate
PD032_3.0,0.5661661608076651,PD032,3.0,HCT116,replicate
PI-10_3.0,0.5231571296642338,PI-10,3.0,HCT116,replicate
Pacli_3.0,0.671034279059311,Pacli,3.0,HCT116,replicate
Palbo_3.0,0.6564329323493672,Palbo,3.0,HCT116,replicate
Phenf_3.0,0.09367370950111262,Phenf,3.0,HCT116,replicate
Rabus_3.0,0.2951798239174551,Rabus,3.0,HCT116,replicate
Regor_3.0,0.6724947090748243,Regor,3.0,HCT116,replicate
Ruxol_3.0,0.3085142218456477,Ruxol,3.0,HCT116,replicate
SB216_3.0,0.16904738082251744,SB216,3.0,HCT116,replicate
SB505_3.0,0.3271524295262498,SB505,3.0,HCT116,replicate
SN-38_3.0,0.7562128283925067,SN-38,3.0,HCT116,replicate
Sapit_3.0,0.12454494542920401,Sapit,3.0,HCT116,replicate
Soraf_3.0,0.6977257966055933,Soraf,3.0,HCT116,replicate
Tanes_3.0,0.663419559503842,Tanes,3.0,HCT116,replicate
Tasel_3.0,0.6120750499002114,Tasel,3.0,HCT116,replicate
Temoz_3.0,0.11745261783543914,Temoz,3.0,HCT116,replicate
Trame_3.0,0.5420856451828573,Trame,3.0,HCT116,replicate
Trici_3.0,0.35490951981085983,Trici,3.0,HCT116,replicate
Trifl_3.0,0.6545507479254973,Trifl,3.0,HCT116,replicate
Velip_3.0,0.5187222843284186,Velip,3.0,HCT116,replicate
Vemur_3.0,0.3605258864139832,Vemur,3.0,HCT116,replicate
Vinor_3.0,0.7765775977893582,Vinor,3.0,HCT116,replicate
Vorin_3.0,0.3684474703997058,Vorin,3.0,HCT116,replicate
abema_3.0,0.6508597990132627,abema,3.0,HCT116,replicate
ABT-7_4.0,0.060521159675269734,ABT-7,4.0,HCT116,replicate
AMG23_4.0,0.8087865535695522,AMG23,4.0,HCT116,replicate
AZD45_4.0,0.7223459685610448,AZD45,4.0,HCT116,replicate
AZD77_4.0,,AZD77,4.0,HCT116,replicate
AZD80_4.0,0.6719902532856263,AZD80,4.0,HCT116,replicate
Adavo_4.0,0.6967352851789517,Adavo,4.0,HCT116,replicate
Afati_4.0,0.705339426363029,Afati,4.0,HCT116,replicate
Alpel_4.0,0.5881675602503053,Alpel,4.0,HCT116,replicate
BMS-7_4.0,0.526375065475773,BMS-7,4.0,HCT116,replicate
Binim_4.0,0.6150946556562402,Binim,4.0,HCT116,replicate
Dabra_4.0,0.4320791649532163,Dabra,4.0,HCT116,replicate
Doram_4.0,0.3888851027273115,Doram,4.0,HCT116,replicate
Encor_4.0,0.7405855703581041,Encor,4.0,HCT116,replicate
Fluor_4.0,0.6153431562729258,Fluor,4.0,HCT116,replicate
Gefit_4.0,0.44731535353434315,Gefit,4.0,HCT116,replicate
Gemci_4.0,0.7485902183150186,Gemci,4.0,HCT116,replicate
LGK-9_4.0,-0.1768186357331489,LGK-9,4.0,HCT116,replicate
Linsi_4.0,0.3835774350617963,Linsi,4.0,HCT116,replicate
MK-22_4.0,0.8675535017058971,MK-22,4.0,HCT116,replicate
Migli_4.0,0.2260255079655446,Migli,4.0,HCT116,replicate
Navit_4.0,0.21762467263446594,Navit,4.0,HCT116,replicate
Nutli_4.0,0.5942320950949165,Nutli,4.0,HCT116,replicate
Olapa_4.0,-0.053578099347220784,Olapa,4.0,HCT116,replicate
Oxali_4.0,0.8325317944863719,Oxali,4.0,HCT116,replicate
PD032_4.0,,PD032,4.0,HCT116,replicate
PI-10_4.0,0.21720846631383922,PI-10,4.0,HCT116,replicate
Pacli_4.0,0.7786264700177132,Pacli,4.0,HCT116,replicate
Phenf_4.0,0.05853938220319596,Phenf,4.0,HCT116,replicate
Rabus_4.0,0.28286167395771994,Rabus,4.0,HCT116,replicate
Regor_4.0,0.5558461467681042,Regor,4.0,HCT116,replicate
Ruxol_4.0,-0.013277186489325608,Ruxol,4.0,HCT116,replicate
SB216_4.0,0.10421508752431008,SB216,4.0,HCT116,replicate
SB505_4.0,0.4350692557477164,SB505,4.0,HCT116,replicate
SN-38_4.0,0.7277975337107085,SN-38,4.0,HCT116,replicate
Sapit_4.0,-0.06529886083497201,Sapit,4.0,HCT116,replicate
Soraf_4.0,0.40124018977608034,Soraf,4.0,HCT116,replicate
Tanes_4.0,0.6950441245410708,Tanes,4.0,HCT116,replicate
Tasel_4.0,0.633159968979577,Tasel,4.0,HCT116,replicate
Temoz_4.0,0.36516806625412795,Temoz,4.0,HCT116,replicate
Trame_4.0,0.6367411373618133,Trame,4.0,HCT116,replicate
Trici_4.0,0.18955909006881375,Trici,4.0,HCT116,replicate
Trifl_4.0,0.6256609056171081,Trifl,4.0,HCT116,replicate
Velip_4.0,0.4195150216235647,Velip,4.0,HCT116,replicate
Vemur_4.0,0.19567191799001127,Vemur,4.0,HCT116,replicate
Vinor_4.0,0.8057268392194286,Vinor,4.0,HCT116,replicate
abema_4.0,0.7813956863701659,abema,4.0,HCT116,replicate
5Z-7-_1.0,0.671928343926997,5Z-7-,1.0,HT29,replicate
ABT-7_1.0,-0.016981858593817217,ABT-7,1.0,HT29,replicate
AMG23_1.0,0.14561181652772387,AMG23,1.0,HT29,replicate
AZD45_1.0,0.03435084087665085,AZD45,1.0,HT29,replicate
AZD77_1.0,0.3016159605760184,AZD77,1.0,HT29,replicate
AZD80_1.0,0.6334153151206601,AZD80,1.0,HT29,replicate
Adavo_1.0,0.34019844333118465,Adavo,1.0,HT29,replicate
Afati_1.0,0.6789557518867898,Afati,1.0,HT29,replicate
Alpel_1.0,0.12333204811935969,Alpel,1.0,HT29,replicate
BMS-7_1.0,0.6537062278722489,BMS-7,1.0,HT29,replicate
Binim_1.0,0.6493464678115779,Binim,1.0,HT29,replicate
Borte_1.0,0.029403040587285864,Borte,1.0,HT29,replicate
Cobim_1.0,,Cobim,1.0,HT29,replicate
Crizo_1.0,-0.07861080411668647,Crizo,1.0,HT29,replicate
Dabra_1.0,0.795130397034408,Dabra,1.0,HT29,replicate
Doram_1.0,0.1900461222116976,Doram,1.0,HT29,replicate
Encor_1.0,0.7675176136421051,Encor,1.0,HT29,replicate
Fluor_1.0,0.07979995961719787,Fluor,1.0,HT29,replicate
Gefit_1.0,0.11804108396571175,Gefit,1.0,HT29,replicate
Gemci_1.0,0.8421359386387088,Gemci,1.0,HT29,replicate
LGK-9_1.0,-0.008358098109303921,LGK-9,1.0,HT29,replicate
Linsi_1.0,0.5444374611136381,Linsi,1.0,HT29,replicate
MK-22_1.0,0.3632441590910116,MK-22,1.0,HT29,replicate
Migli_1.0,0.2831309065794426,Migli,1.0,HT29,replicate
Navit_1.0,0.25254682941021156,Navit,1.0,HT29,replicate
Nutli_1.0,-0.15145176412768563,Nutli,1.0,HT29,replicate
Olapa_1.0,-0.05719829352759122,Olapa,1.0,HT29,replicate
Oxali_1.0,0.4373643794713983,Oxali,1.0,HT29,replicate
PD032_1.0,0.757850799559909,PD032,1.0,HT29,replicate
PI-10_1.0,0.11634694106523695,PI-10,1.0,HT29,replicate
Pacli_1.0,0.08471506608934445,Pacli,1.0,HT29,replicate
Palbo_1.0,0.7555783858560616,Palbo,1.0,HT29,replicate
Phenf_1.0,0.09418133017986871,Phenf,1.0,HT29,replicate
Rabus_1.0,0.29250911399383306,Rabus,1.0,HT29,replicate
Regor_1.0,0.019459806634975152,Regor,1.0,HT29,replicate
Ruxol_1.0,0.07929890644072989,Ruxol,1.0,HT29,replicate
SB216_1.0,0.036575760367679205,SB216,1.0,HT29,replicate
SB505_1.0,0.06730076303335021,SB505,1.0,HT29,replicate
SN-38_1.0,0.6554030333127099,SN-38,1.0,HT29,replicate
Sapit_1.0,0.29480066173453007,Sapit,1.0,HT29,replicate
Soraf_1.0,0.40858535133956586,Soraf,1.0,HT29,replicate
Tanes_1.0,0.49221892587641025,Tanes,1.0,HT29,replicate
Tasel_1.0,0.7023408177351957,Tasel,1.0,HT29,replicate
Temoz_1.0,0.04919859181039002,Temoz,1.0,HT29,replicate
Trame_1.0,-0.10539321674725051,Trame,1.0,HT29,replicate
Trici_1.0,0.4224035932284902,Trici,1.0,HT29,replicate
Trifl_1.0,-0.03197350539465449,Trifl,1.0,HT29,replicate
Velip_1.0,0.04191768196298,Velip,1.0,HT29,replicate
Vemur_1.0,0.5420051250880282,Vemur,1.0,HT29,replicate
Vinor_1.0,0.32884694429130046,Vinor,1.0,HT29,replicate
Vorin_1.0,0.26319916733995974,Vorin,1.0,HT29,replicate
abema_1.0,0.5986259804454945,abema,1.0,HT29,replicate
5Z-7-_2.0,0.7089294703647423,5Z-7-,2.0,HT29,replicate
ABT-7_2.0,0.2650495959183258,ABT-7,2.0,HT29,replicate
AMG23_2.0,0.19719185738985662,AMG23,2.0,HT29,replicate
AZD45_2.0,-0.04916157117694751,AZD45,2.0,HT29,replicate
AZD77_2.0,,AZD77,2.0,HT29,replicate
AZD80_2.0,0.6609247248312768,AZD80,2.0,HT29,replicate
Adavo_2.0,,Adavo,2.0,HT29,replicate
Afati_2.0,0.3604094783495174,Afati,2.0,HT29,replicate
Alpel_2.0,0.4154786312919063,Alpel,2.0,HT29,replicate
BMS-7_2.0,0.3577840737455137,BMS-7,2.0,HT29,replicate
Binim_2.0,0.7672544789558258,Binim,2.0,HT29,replicate
Borte_2.0,0.5801492733747511,Borte,2.0,HT29,replicate
Cobim_2.0,0.6918855247238362,Cobim,2.0,HT29,replicate
Crizo_2.0,0.2031851545244379,Crizo,2.0,HT29,replicate
Dabra_2.0,0.6560174551270971,Dabra,2.0,HT29,replicate
Doram_2.0,0.11294498558833953,Doram,2.0,HT29,replicate
Encor_2.0,0.44233574756358374,Encor,2.0,HT29,replicate
Fluor_2.0,0.20107614206835392,Fluor,2.0,HT29,replicate
Gefit_2.0,0.2024065446771493,Gefit,2.0,HT29,replicate
Gemci_2.0,0.7722326540665871,Gemci,2.0,HT29,replicate
LGK-9_2.0,-0.23288680862007893,LGK-9,2.0,HT29,replicate
Linsi_2.0,0.686535804812083,Linsi,2.0,HT29,replicate
MK-22_2.0,0.39535829503585507,MK-22,2.0,HT29,replicate
Migli_2.0,0.1984850776505502,Migli,2.0,HT29,replicate
Navit_2.0,0.349181093355589,Navit,2.0,HT29,replicate
Nutli_2.0,0.19931908367468348,Nutli,2.0,HT29,replicate
Olapa_2.0,0.07721764959870378,Olapa,2.0,HT29,replicate
Oxali_2.0,0.5816371062022143,Oxali,2.0,HT29,replicate
PD032_2.0,0.6603801875515596,PD032,2.0,HT29,replicate
PI-10_2.0,-0.015138877376532352,PI-10,2.0,HT29,replicate
Pacli_2.0,0.5271302067737288,Pacli,2.0,HT29,replicate
Palbo_2.0,0.8237440070143148,Palbo,2.0,HT29,replicate
Phenf_2.0,-0.1493446135357003,Phenf,2.0,HT29,replicate
Rabus_2.0,0.5384886070620789,Rabus,2.0,HT29,replicate
Regor_2.0,0.2492106234783111,Regor,2.0,HT29,replicate
Ruxol_2.0,0.02327499070118922,Ruxol,2.0,HT29,replicate
SB216_2.0,0.27283455397031753,SB216,2.0,HT29,replicate
SB505_2.0,0.04795527359690029,SB505,2.0,HT29,replicate
SN-38_2.0,0.7530658647430422,SN-38,2.0,HT29,replicate
Sapit_2.0,0.1963834915688945,Sapit,2.0,HT29,replicate
Soraf_2.0,0.1396121149416952,Soraf,2.0,HT29,replicate
Tanes_2.0,0.699793299789291,Tanes,2.0,HT29,replicate
Tasel_2.0,0.6705205721555817,Tasel,2.0,HT29,replicate
Temoz_2.0,-0.032646321646556314,Temoz,2.0,HT29,replicate
Trame_2.0,0.14685944917015364,Trame,2.0,HT29,replicate
Trici_2.0,0.1933573366425798,Trici,2.0,HT29,replicate
Trifl_2.0,0.41305921886762487,Trifl,2.0,HT29,replicate
Velip_2.0,0.27897939250675075,Velip,2.0,HT29,replicate
Vemur_2.0,0.6850436655765926,Vemur,2.0,HT29,replicate
Vorin_2.0,0.2891288851592476,Vorin,2.0,HT29,replicate
abema_2.0,0.6122892310713381,abema,2.0,HT29,replicate
5Z-7-_3.0,0.5910348434902785,5Z-7-,3.0,HT29,replicate
ABT-7_3.0,-0.032505024808575034,ABT-7,3.0,HT29,replicate
AMG23_3.0,-0.004317572399246132,AMG23,3.0,HT29,replicate
AZD45_3.0,0.3120093885527061,AZD45,3.0,HT29,replicate
AZD77_3.0,0.7611155704729817,AZD77,3.0,HT29,replicate
AZD80_3.0,0.5026464495958426,AZD80,3.0,HT29,replicate
Afati_3.0,0.5021550076297906,Afati,3.0,HT29,replicate
Alpel_3.0,0.5098600335689024,Alpel,3.0,HT29,replicate
BMS-7_3.0,0.5077668088427061,BMS-7,3.0,HT29,replicate
Binim_3.0,0.5890169242562133,Binim,3.0,HT29,replicate
Cobim_3.0,0.8057718353216996,Cobim,3.0,HT29,replicate
Crizo_3.0,0.5125279346872172,Crizo,3.0,HT29,replicate
Dabra_3.0,0.4847918354784955,Dabra,3.0,HT29,replicate
Doram_3.0,0.23534231938039946,Doram,3.0,HT29,replicate
Encor_3.0,0.44589059957819566,Encor,3.0,HT29,replicate
Fluor_3.0,0.5572412016214132,Fluor,3.0,HT29,replicate
Gefit_3.0,0.4521895561727964,Gefit,3.0,HT29,replicate
Gemci_3.0,0.37540765734798964,Gemci,3.0,HT29,replicate
LGK-9_3.0,-0.12629459142697352,LGK-9,3.0,HT29,replicate
Linsi_3.0,0.7048788112454878,Linsi,3.0,HT29,replicate
MK-22_3.0,0.46430298208402837,MK-22,3.0,HT29,replicate
Migli_3.0,-0.14929945853875082,Migli,3.0,HT29,replicate
Navit_3.0,0.2009079027500148,Navit,3.0,HT29,replicate
Nutli_3.0,0.24319826041929993,Nutli,3.0,HT29,replicate
Olapa_3.0,0.41196008323287553,Olapa,3.0,HT29,replicate
Oxali_3.0,0.6982815115649421,Oxali,3.0,HT29,replicate
PD032_3.0,0.5906372083509227,PD032,3.0,HT29,replicate
PI-10_3.0,0.38071344930308015,PI-10,3.0,HT29,replicate
Palbo_3.0,0.7228932365736245,Palbo,3.0,HT29,replicate
Phenf_3.0,0.23653226685714854,Phenf,3.0,HT29,replicate
Rabus_3.0,0.6791385249665383,Rabus,3.0,HT29,replicate
Regor_3.0,0.5686930794767258,Regor,3.0,HT29,replicate
Ruxol_3.0,0.54469753445429,Ruxol,3.0,HT29,replicate
SB216_3.0,0.2559769557336744,SB216,3.0,HT29,replicate
SB505_3.0,0.281275818658255,SB505,3.0,HT29,replicate
SN-38_3.0,0.7317489212725299,SN-38,3.0,HT29,replicate
Sapit_3.0,-0.027978539492161277,Sapit,3.0,HT29,replicate
Soraf_3.0,0.005624879420139034,Soraf,3.0,HT29,replicate
Tanes_3.0,,Tanes,3.0,HT29,replicate
Tasel_3.0,0.5188521098196477,Tasel,3.0,HT29,replicate
Temoz_3.0,0.2037856002393723,Temoz,3.0,HT29,replicate
Trame_3.0,-0.11735554096664716,Trame,3.0,HT29,replicate
Trici_3.0,0.4770878902236432,Trici,3.0,HT29,replicate
Trifl_3.0,0.4188945813133931,Trifl,3.0,HT29,replicate
Velip_3.0,-0.16545432463078444,Velip,3.0,HT29,replicate
Vemur_3.0,0.5395114724230157,Vemur,3.0,HT29,replicate
Vorin_3.0,0.6170297295839432,Vorin,3.0,HT29,replicate
abema_3.0,0.7539572847387187,abema,3.0,HT29,replicate
5Z-7-_4.0,,5Z-7-,4.0,HT29,replicate
ABT-7_4.0,-0.10278623241040902,ABT-7,4.0,HT29,replicate
AMG23_4.0,0.20965866582754078,AMG23,4.0,HT29,replicate
AZD45_4.0,0.5533727228070625,AZD45,4.0,HT29,replicate
AZD77_4.0,0.8328869611301994,AZD77,4.0,HT29,replicate
AZD80_4.0,0.5649713014237943,AZD80,4.0,HT29,replicate
Alpel_4.0,0.6737957326494433,Alpel,4.0,HT29,replicate
BMS-7_4.0,0.6928795111552735,BMS-7,4.0,HT29,replicate
Binim_4.0,0.7497745131782232,Binim,4.0,HT29,replicate
Dabra_4.0,0.6760765278688585,Dabra,4.0,HT29,replicate
Doram_4.0,0.034006581256752405,Doram,4.0,HT29,replicate
Encor_4.0,0.8334050421215005,Encor,4.0,HT29,replicate
Fluor_4.0,0.5774142083154817,Fluor,4.0,HT29,replicate
Gefit_4.0,0.5763959696815564,Gefit,4.0,HT29,replicate
Gemci_4.0,0.6247197951705088,Gemci,4.0,HT29,replicate
LGK-9_4.0,0.00015719435625333178,LGK-9,4.0,HT29,replicate
Linsi_4.0,0.8559730197413539,Linsi,4.0,HT29,replicate
Migli_4.0,0.017423632908456374,Migli,4.0,HT29,replicate
Navit_4.0,0.07051782759010954,Navit,4.0,HT29,replicate
Nutli_4.0,-0.21440538703676498,Nutli,4.0,HT29,replicate
Olapa_4.0,0.1478260425354138,Olapa,4.0,HT29,replicate
Oxali_4.0,0.6424292890191038,Oxali,4.0,HT29,replicate
PD032_4.0,0.7705923899669528,PD032,4.0,HT29,replicate
PI-10_4.0,0.04871190991863486,PI-10,4.0,HT29,replicate
Palbo_4.0,0.6994357278118285,Palbo,4.0,HT29,replicate
Phenf_4.0,0.19664417615142982,Phenf,4.0,HT29,replicate
Rabus_4.0,0.7794324778348815,Rabus,4.0,HT29,replicate
Regor_4.0,0.2643090953739335,Regor,4.0,HT29,replicate
Ruxol_4.0,0.383450368077469,Ruxol,4.0,HT29,replicate
SB216_4.0,-0.20126429662176057,SB216,4.0,HT29,replicate
SB505_4.0,0.48695683010829427,SB505,4.0,HT29,replicate
SN-38_4.0,0.504379883057376,SN-38,4.0,HT29,replicate
Sapit_4.0,-0.007963929185682405,Sapit,4.0,HT29,replicate
Soraf_4.0,0.08268090089705014,Soraf,4.0,HT29,replicate
Tanes_4.0,,Tanes,4.0,HT29,replicate
Tasel_4.0,0.6258109320597869,Tasel,4.0,HT29,replicate
Temoz_4.0,0.061335825206455016,Temoz,4.0,HT29,replicate
Trame_4.0,0.024320868263979115,Trame,4.0,HT29,replicate
Trici_4.0,0.09465550160431153,Trici,4.0,HT29,replicate
Trifl_4.0,0.8244623157986223,Trifl,4.0,HT29,replicate
Velip_4.0,-0.19085853002450676,Velip,4.0,HT29,replicate
Vemur_4.0,0.5436994646214505,Vemur,4.0,HT29,replicate
abema_4.0,0.7609851024965593,abema,4.0,HT29,replicate
,-0.09898760141544959,,1.0,HCT116,null
,0.04853175920977825,,1.0,HCT116,null
,-0.13678690110088706,,1.0,HCT116,null
,0.025260116209439708,,1.0,HCT116,null
,0.09743193089044447,,1.0,HCT116,null
,0.21934104537340432,,1.0,HCT116,null
,-0.07064226673989325,,1.0,HCT116,null
,-0.02569855703894097,,1.0,HCT116,null
,0.05809592341976389,,1.0,HCT116,null
,-0.12833282739856394,,1.0,HCT116,null
,-0.05155394787301997,,1.0,HCT116,null
,0.2260883057713189,,1.0,HCT116,null
,0.022162480593307506,,1.0,HCT116,null
,0.06314206861076911,,1.0,HCT116,null
,-0.08881143284426873,,1.0,HCT116,null
,-0.032813442891456227,,1.0,HCT116,null
,-0.0240861405016747,,1.0,HCT116,null
,0.1403556806116011,,1.0,HCT116,null
,0.050565201955163584,,1.0,HCT116,null
,0.19716385987743887,,1.0,HCT116,null
,0.16956072104991293,,1.0,HCT116,null
,0.1860120478665182,,1.0,HCT116,null
,-0.11879220034870172,,1.0,HCT116,null
,0.0326819065834244,,1.0,HCT116,null
,0.05844411237126919,,1.0,HCT116,null
,0.05536175785201457,,1.0,HCT116,null
,0.2870450193297849,,1.0,HCT116,null
,-0.12149611542618463,,1.0,HCT116,null
,-0.04384565062628122,,1.0,HCT116,null
,0.3607681236575969,,1.0,HCT116,null
,0.17556501881411402,,1.0,HCT116,null
,-0.055389149467305054,,1.0,HCT116,null
,-0.1610891507304991,,1.0,HCT116,null
,0.04229764723932182,,1.0,HCT116,null
,-0.0015783556122768508,,1.0,HCT116,null
,-0.00868773213427907,,1.0,HCT116,null
,0.04697143343808607,,1.0,HCT116,null
,0.05977779318194821,,1.0,HCT116,null
,0.14813321310268143,,1.0,HCT116,null
,-0.11177633526923744,,1.0,HCT116,null
,0.08778395071213906,,1.0,HCT116,null
,0.13662790180478912,,1.0,HCT116,null
,0.09489348479104541,,1.0,HCT116,null
,0.224608628783657,,1.0,HCT116,null
,-0.0350263154462848,,1.0,HCT116,null
,0.005286693823356604,,1.0,HCT116,null
,-0.11185302917282135,,1.0,HCT116,null
,0.08156341861015183,,1.0,HCT116,null
,0.055476152118170134,,1.0,HCT116,null
,0.019361475250293345,,1.0,HCT116,null
,0.015378152065047489,,1.0,HCT116,null
,-0.043717366041662854,,1.0,HCT116,null
,0.1941104323035519,,1.0,HCT116,null
,-0.09048918567761315,,1.0,HCT116,null
,-0.055333141250315826,,1.0,HCT116,null
,0.18401705009369318,,1.0,HCT116,null
,0.01192251463632914,,1.0,HCT116,null
,-0.10025259136772524,,1.0,HCT116,null
,0.1184770700022005,,1.0,HCT116,null
,0.41581846720973403,,1.0,HCT116,null
,-0.03966454383446513,,1.0,HCT116,null
,-0.09117807340030876,,1.0,HCT116,null
,-0.05202477195299576,,1.0,HCT116,null
,-0.06671105811424767,,1.0,HCT116,null
,0.20000700916071706,,1.0,HCT116,null
,-0.21057330796341212,,1.0,HCT116,null
,0.14231228766365955,,1.0,HCT116,null
,-0.10094594066935222,,1.0,HCT116,null
,-0.03786574794098868,,1.0,HCT116,null
,0.08029453729442153,,1.0,HCT116,null
,-0.1633035171041701,,1.0,HCT116,null
,0.11209188268831168,,1.0,HCT116,null
,-0.3377433417043425,,1.0,HCT116,null
,-0.01853616127837211,,1.0,HCT116,null
,0.17038314327845627,,1.0,HCT116,null
,0.11251435472787422,,1.0,HCT116,null
,-0.05246432601704225,,1.0,HCT116,null
,-0.08845968608956536,,1.0,HCT116,null
,0.20191853804393523,,1.0,HCT116,null
,0.22866116619796903,,1.0,HCT116,null
,0.06640472088431551,,1.0,HCT116,null
,0.32391655984037765,,1.0,HCT116,null
,0.20207565288004786,,1.0,HCT116,null
,-0.06630931900615367,,1.0,HCT116,null
,-0.19545150734898908,,1.0,HCT116,null
,-0.11249339436919394,,1.0,HCT116,null
,0.14372891697791065,,1.0,HCT116,null
,0.15748229972030586,,1.0,HCT116,null
,-0.1033150868052076,,1.0,HCT116,null
,-0.030166038848098868,,1.0,HCT116,null
,0.10920153946430507,,1.0,HCT116,null
,0.22801427863413995,,1.0,HCT116,null
,0.04018305514868613,,1.0,HCT116,null
,0.11826227328767173,,1.0,HCT116,null
,0.06350341713193798,,1.0,HCT116,null
,-0.0880402156121792,,1.0,HCT116,null
,0.012189939975507392,,1.0,HCT116,null
,0.0310359380204114,,1.0,HCT116,null
,0.009363169129330096,,1.0,HCT116,null
,0.008091651904436656,,1.0,HCT116,null
,0.021207835986435396,,1.0,HCT116,null
,0.03486988562759747,,1.0,HCT116,null
,-0.05668326494887625,,1.0,HCT116,null
,0.05320437372664622,,1.0,HCT116,null
,-0.002431129669281438,,1.0,HCT116,null
,0.13947064478073284,,1.0,HCT116,null
,0.12312696703905687,,1.0,HCT116,null
,0.07029759544515107,,1.0,HCT116,null
,-0.11418005377599208,,1.0,HCT116,null
,0.14524371475356596,,1.0,HCT116,null
,-0.14876271549148318,,1.0,HCT116,null
,-0.03599119095757025,,1.0,HCT116,null
,0.042727918023611464,,1.0,HCT116,null
,-0.3349416733829339,,1.0,HCT116,null
,0.03888529865465782,,1.0,HCT116,null
,0.0012410066861225817,,1.0,HCT116,null
,-0.0766549340697829,,1.0,HCT116,null
,0.22317975600500956,,1.0,HCT116,null
,-0.13398210470235214,,1.0,HCT116,null
,0.059983443984113365,,1.0,HCT116,null
,-0.06377634909460926,,1.0,HCT116,null
,-0.09556119804420476,,1.0,HCT116,null
,-0.04467720788473625,,1.0,HCT116,null
,0.09797547744330656,,1.0,HCT116,null
,-0.13581876809512242,,1.0,HCT116,null
,0.019274589398466296,,1.0,HCT116,null
,-0.12014313058516429,,1.0,HCT116,null
,-0.13797021489072608,,1.0,HCT116,null
,-0.06772491537827595,,1.0,HCT116,null
,0.13811839375116186,,1.0,HCT116,null
,-0.3327154330110766,,1.0,HCT116,null
,0.03662039753569027,,1.0,HCT116,null
,0.09754270369650966,,1.0,HCT116,null
,-0.11215347997602448,,1.0,HCT116,null
,-0.014826942256129405,,1.0,HCT116,null
,0.02673562111034329,,1.0,HCT116,null
,0.11350714802765752,,1.0,HCT116,null
,0.10610431418944577,,1.0,HCT116,null
,-0.28479623965444245,,1.0,HCT116,null
,0.009605710547597955,,1.0,HCT116,null
,-0.004564183013970497,,1.0,HCT116,null
,-0.10786625687010326,,1.0,HCT116,null
,0.13182630844422139,,1.0,HCT116,null
,0.09387930068670174,,1.0,HCT116,null
,0.18222199929478364,,1.0,HCT116,null
,0.016153885896590957,,1.0,HCT116,null
,-0.06585756184610068,,1.0,HCT116,null
,-0.25961932422569944,,1.0,HCT116,null
,0.008600843038297105,,1.0,HCT116,null
,0.23628947227604238,,1.0,HCT116,null
,0.03517667075002494,,1.0,HCT116,null
,-0.07690690332666782,,1.0,HCT116,null
,0.3472109365049832,,1.0,HCT116,null
,0.09691212897350956,,1.0,HCT116,null
,0.13638974848144736,,1.0,HCT116,null
,-0.1749029591674296,,1.0,HCT116,null
,-0.09244598593160269,,1.0,HCT116,null
,-0.019703832474769156,,1.0,HCT116,null
,0.10433161935717158,,1.0,HCT116,null
,0.14920265711600228,,1.0,HCT116,null
,0.1504540245941091,,1.0,HCT116,null
,0.04341953877957415,,1.0,HCT116,null
,0.041353976748326866,,1.0,HCT116,null
,0.047031867991023164,,1.0,HCT116,null
,0.10145835700083923,,1.0,HCT116,null
,-0.04308351406356566,,1.0,HCT116,null
,0.1514792986823364,,1.0,HCT116,null
,0.01705364370408368,,1.0,HCT116,null
,0.02114524816381535,,1.0,HCT116,null
,0.04877890515747933,,1.0,HCT116,null
,0.07031593232905325,,1.0,HCT116,null
,-0.10941353059692471,,1.0,HCT116,null
,-0.09891635798344833,,1.0,HCT116,null
,0.14612950943137118,,1.0,HCT116,null
,0.009495978316210255,,1.0,HCT116,null
,-0.11048866567736802,,1.0,HCT116,null
,0.2185093402190012,,1.0,HCT116,null
,0.1941111119683696,,1.0,HCT116,null
,-0.1604903009538033,,1.0,HCT116,null
,0.08760057825120766,,1.0,HCT116,null
,0.0776711107928208,,1.0,HCT116,null
,0.2434287183354197,,1.0,HCT116,null
,0.24392176845300062,,1.0,HCT116,null
,0.006428196219350396,,1.0,HCT116,null
,0.1027220725687248,,1.0,HCT116,null
,0.05075397205725865,,1.0,HCT116,null
,-0.019771696246693126,,1.0,HCT116,null
,-0.10920452684005119,,1.0,HCT116,null
,0.05826346776876994,,1.0,HCT116,null
,0.10739776631818271,,1.0,HCT116,null
,0.048067113153530204,,1.0,HCT116,null
,0.01915018217482852,,1.0,HCT116,null
,-0.044937808970669235,,1.0,HCT116,null
,0.15914554655076998,,1.0,HCT116,null
,0.004022256348196682,,1.0,HCT116,null
,0.050899253029595935,,1.0,HCT116,null
,0.09775763238900895,,1.0,HCT116,null
,0.12924955667851382,,1.0,HCT116,null
,0.10860974131364295,,1.0,HCT116,null
,0.16963950045744441,,1.0,HCT116,null
,-0.011486429468058154,,1.0,HCT116,null
,0.1251771520143748,,1.0,HCT116,null
,0.07409101451088204,,1.0,HCT116,null
,0.0026734041363626684,,1.0,HCT116,null
,0.2440768104064772,,1.0,HCT116,null
,0.06264275288708054,,1.0,HCT116,null
,0.3289421377733976,,1.0,HCT116,null
,0.2004031266168886,,1.0,HCT116,null
,0.018647612066163118,,2.0,HCT116,null
,0.06787362935116356,,2.0,HCT116,null
,0.23865793601879967,,2.0,HCT116,null
,0.21844864795511323,,2.0,HCT116,null
,0.40655345745893035,,2.0,HCT116,null
,-0.04924096206360666,,2.0,HCT116,null
,0.29466265730708374,,2.0,HCT116,null
,-0.014372956240602301,,2.0,HCT116,null
,0.026271806360405534,,2.0,HCT116,null
,0.162091586574634,,2.0,HCT116,null
,-0.1624833703785628,,2.0,HCT116,null
,0.32303527685524314,,2.0,HCT116,null
,0.17952905738186048,,2.0,HCT116,null
,0.15974220514949128,,2.0,HCT116,null
,0.08953686726702159,,2.0,HCT116,null
,0.04826066761279182,,2.0,HCT116,null
,-0.19303317803864217,,2.0,HCT116,null
,-0.020923743464733885,,2.0,HCT116,null
,0.010458338369802329,,2.0,HCT116,null
,0.07761898743536917,,2.0,HCT116,null
,0.07124870587715536,,2.0,HCT116,null
,0.2845824038737404,,2.0,HCT116,null
,0.22893112330190202,,2.0,HCT116,null
,-0.021223633486747263,,2.0,HCT116,null
,0.12963129911835405,,2.0,HCT116,null
,0.06073392484007452,,2.0,HCT116,null
,0.07826902528004678,,2.0,HCT116,null
,-0.043540021858083824,,2.0,HCT116,null
,0.1781545066932506,,2.0,HCT116,null
,0.0011452645846105535,,2.0,HCT116,null
,-0.047812059705046164,,2.0,HCT116,null
,-0.09584357248487269,,2.0,HCT116,null
,-0.028537784687119528,,2.0,HCT116,null
,0.29576185822962053,,2.0,HCT116,null
,0.07293950447598042,,2.0,HCT116,null
,0.4855723061551383,,2.0,HCT116,null
,0.25940724235033846,,2.0,HCT116,null
,0.06508800231986142,,2.0,HCT116,null
,0.2545470462213646,,2.0,HCT116,null
,0.001601827955392935,,2.0,HCT116,null
,0.1943078192451268,,2.0,HCT116,null
,-0.046589871490331385,,2.0,HCT116,null
,-0.016477924670050006,,2.0,HCT116,null
,-0.16987558934323044,,2.0,HCT116,null
,0.020487262702495866,,2.0,HCT116,null
,0.21252856969350958,,2.0,HCT116,null
,-0.000956497532359879,,2.0,HCT116,null
,0.013885743357590151,,2.0,HCT116,null
,0.23755018954552345,,2.0,HCT116,null
,0.23203323550656058,,2.0,HCT116,null
,0.030007603041929117,,2.0,HCT116,null
,0.039872652186700254,,2.0,HCT116,null
,0.22306854787798747,,2.0,HCT116,null
,0.11880991784979203,,2.0,HCT116,null
,0.009233076023210064,,2.0,HCT116,null
,-0.10923213651150147,,2.0,HCT116,null
,0.030506173101892742,,2.0,HCT116,null
,0.2529609538919405,,2.0,HCT116,null
,0.14135460490300839,,2.0,HCT116,null
,0.05853771167081231,,2.0,HCT116,null
,-0.12276686441374217,,2.0,HCT116,null
,-0.013258018327785295,,2.0,HCT116,null
,-0.04006330409837773,,2.0,HCT116,null
,-0.053617414430413374,,2.0,HCT116,null
,0.024185786057145546,,2.0,HCT116,null
,0.20060433666282546,,2.0,HCT116,null
,-0.0019597741652074077,,2.0,HCT116,null
,-0.13240809128331488,,2.0,HCT116,null
,0.1349153161335308,,2.0,HCT116,null
,0.24526024198378304,,2.0,HCT116,null
,0.14320412941468164,,2.0,HCT116,null
,-0.026715605718290347,,2.0,HCT116,null
,0.12770114584510683,,2.0,HCT116,null
,0.2585361397160853,,2.0,HCT116,null
,0.1345845486722069,,2.0,HCT116,null
,-0.021744476078436478,,2.0,HCT116,null
,0.10191008886820598,,2.0,HCT116,null
,-0.04715313559662721,,2.0,HCT116,null
,0.05905038800650571,,2.0,HCT116,null
,-0.01337625582907938,,2.0,HCT116,null
,0.029188439713377493,,2.0,HCT116,null
,-0.10451914266652983,,2.0,HCT116,null
,0.181401671500661,,2.0,HCT116,null
,-0.04196397315625548,,2.0,HCT116,null
,0.066590230415492,,2.0,HCT116,null
,0.013117143301688925,,2.0,HCT116,null
,-0.06350044034140326,,2.0,HCT116,null
,-0.026509347007593144,,2.0,HCT116,null
,0.040831754712681446,,2.0,HCT116,null
,0.005328468565174463,,2.0,HCT116,null
,0.17665241520417693,,2.0,HCT116,null
,0.26288407424200105,,2.0,HCT116,null
,0.08105588050599735,,2.0,HCT116,null
,-0.042000195423589876,,2.0,HCT116,null
,0.1272327753353344,,2.0,HCT116,null
,-0.016565431218546988,,2.0,HCT116,null
,0.3820604509873574,,2.0,HCT116,null
,0.12505482933663498,,2.0,HCT116,null
,0.155970010755519,,2.0,HCT116,null
,0.29592498679391027,,2.0,HCT116,null
,0.09076516760482693,,2.0,HCT116,null
,0.139684750145666,,2.0,HCT116,null
,0.2797320139736575,,2.0,HCT116,null
,0.2401876279404985,,2.0,HCT116,null
,0.10397030196528537,,2.0,HCT116,null
,0.061397561474453105,,2.0,HCT116,null
,0.21349108151526258,,2.0,HCT116,null
,0.11790079199210285,,2.0,HCT116,null
,-0.24616880081269882,,2.0,HCT116,null
,-0.027434380336872316,,2.0,HCT116,null
,0.14257825284185038,,2.0,HCT116,null
,0.26249174352995913,,2.0,HCT116,null
,0.20452566961979188,,2.0,HCT116,null
,0.06880680931469141,,2.0,HCT116,null
,-0.11449691032148045,,2.0,HCT116,null
,0.10644516013618638,,2.0,HCT116,null
,0.17954511013813967,,2.0,HCT116,null
,0.3932942554330918,,2.0,HCT116,null
,0.14287882748932995,,2.0,HCT116,null
,0.0317690042049528,,2.0,HCT116,null
,0.010030019836228844,,2.0,HCT116,null
,-0.17934850594831178,,2.0,HCT116,null
,0.10504586557203299,,2.0,HCT116,null
,0.1502592687173299,,2.0,HCT116,null
,-0.12253684331157647,,2.0,HCT116,null
,0.12714899872474011,,2.0,HCT116,null
,0.13802249228049382,,2.0,HCT116,null
,0.15953055477785633,,2.0,HCT116,null
,0.3694266678522239,,2.0,HCT116,null
,-0.06781486305826258,,2.0,HCT116,null
,-0.020452915422102702,,2.0,HCT116,null
,0.35073517656746844,,2.0,HCT116,null
,-0.08237125909927367,,2.0,HCT116,null
,0.01859044434058591,,2.0,HCT116,null
,-0.021735708502893848,,2.0,HCT116,null
,-0.03967545405002704,,2.0,HCT116,null
,0.3046830854788449,,2.0,HCT116,null
,0.08438644667839076,,2.0,HCT116,null
,0.28451181380634943,,2.0,HCT116,null
,-0.06915824190814296,,2.0,HCT116,null
,0.06113997897175622,,2.0,HCT116,null
,0.2615845208163769,,2.0,HCT116,null
,0.33869142057519197,,2.0,HCT116,null
,0.06290300483257022,,2.0,HCT116,null
,-0.03486638866104819,,2.0,HCT116,null
,-0.035307662655939896,,2.0,HCT116,null
,-0.1479339868142241,,2.0,HCT116,null
,0.08474734491519273,,2.0,HCT116,null
,0.3227005442999967,,2.0,HCT116,null
,0.3007659029521257,,2.0,HCT116,null
,-0.07762302114553492,,2.0,HCT116,null
,0.1572901172273249,,2.0,HCT116,null
,0.5537209148245521,,2.0,HCT116,null
,-0.08797857914268509,,2.0,HCT116,null
,-0.051662044341833906,,2.0,HCT116,null
,0.191187815670534,,2.0,HCT116,null
,0.15516361757963626,,2.0,HCT116,null
,0.10209701249892252,,2.0,HCT116,null
,0.047267806523295514,,2.0,HCT116,null
,-0.06514685928249275,,2.0,HCT116,null
,-0.14380576514772123,,2.0,HCT116,null
,0.051980816298536625,,2.0,HCT116,null
,0.20911855572315977,,2.0,HCT116,null
,-0.041123672432385586,,2.0,HCT116,null
,0.30303313428688383,,2.0,HCT116,null
,-0.020415956079655018,,2.0,HCT116,null
,0.29514951368099485,,2.0,HCT116,null
,0.12024408724435642,,2.0,HCT116,null
,-0.09608970210035359,,2.0,HCT116,null
,0.20162294515714285,,2.0,HCT116,null
,0.11779424927929286,,2.0,HCT116,null
,-0.12914742249045313,,2.0,HCT116,null
,0.0006323654105863316,,2.0,HCT116,null
,0.08361004894377809,,2.0,HCT116,null
,0.19842972957235355,,2.0,HCT116,null
,0.07616894852662535,,2.0,HCT116,null
,0.1382005669059439,,2.0,HCT116,null
,0.04326062037413889,,2.0,HCT116,null
,0.023656514483212328,,2.0,HCT116,null
,0.21383626407887785,,2.0,HCT116,null
,-0.1014644994878538,,2.0,HCT116,null
,0.12852122530357524,,2.0,HCT116,null
,0.21377168983830325,,2.0,HCT116,null
,0.12404710940816037,,2.0,HCT116,null
,0.0886779236018291,,2.0,HCT116,null
,0.09706470415371232,,2.0,HCT116,null
,0.026217343260033554,,2.0,HCT116,null
,-0.07012843393902786,,2.0,HCT116,null
,0.04323187090737586,,2.0,HCT116,null
,-0.1467380966198058,,2.0,HCT116,null
,0.2855029056765834,,2.0,HCT116,null
,0.297117621833993,,2.0,HCT116,null
,-0.07874483412593494,,2.0,HCT116,null
,0.05605860552628651,,2.0,HCT116,null
,0.09292803006860317,,2.0,HCT116,null
,0.055632098980097085,,2.0,HCT116,null
,0.22223427296302456,,2.0,HCT116,null
,-0.0438350428957759,,2.0,HCT116,null
,0.07150500437278037,,2.0,HCT116,null
,-0.004166654773312925,,2.0,HCT116,null
,0.37775431290096184,,2.0,HCT116,null
,0.05431256229635476,,2.0,HCT116,null
,0.15887375533839693,,2.0,HCT116,null
,0.009201336738810878,,2.0,HCT116,null
,0.15104047061578116,,2.0,HCT116,null
,-0.02175798879842826,,2.0,HCT116,null
,0.08384267367293825,,2.0,HCT116,null
,0.15715101725583,,2.0,HCT116,null
,0.06536210508282343,,3.0,HCT116,null
,0.13436431487685208,,3.0,HCT116,null
,0.04998249675683654,,3.0,HCT116,null
,-0.04206051690591545,,3.0,HCT116,null
,0.2045904870376287,,3.0,HCT116,null
,0.2503599238067137,,3.0,HCT116,null
,-0.10792000159613592,,3.0,HCT116,null
,0.017427494811558253,,3.0,HCT116,null
,0.12005937962486521,,3.0,HCT116,null
,0.2569492578096215,,3.0,HCT116,null
,0.26361038425668926,,3.0,HCT116,null
,-0.040566470719867964,,3.0,HCT116,null
,0.30083826582799594,,3.0,HCT116,null
,0.277428774206377,,3.0,HCT116,null
,0.2162004097768619,,3.0,HCT116,null
,0.3149131892749283,,3.0,HCT116,null
,-0.04851503619491442,,3.0,HCT116,null
,0.09069902778872153,,3.0,HCT116,null
,0.09081459825624147,,3.0,HCT116,null
,0.08176777874251688,,3.0,HCT116,null
,0.17712039797154466,,3.0,HCT116,null
,0.07743684597873393,,3.0,HCT116,null
,0.04634959503335087,,3.0,HCT116,null
,0.08903832345653492,,3.0,HCT116,null
,0.05526804284105362,,3.0,HCT116,null
,0.37969372777090316,,3.0,HCT116,null
,-0.08948070774679513,,3.0,HCT116,null
,0.010495103548375254,,3.0,HCT116,null
,0.2719387911564183,,3.0,HCT116,null
,0.05155887612390467,,3.0,HCT116,null
,0.13477580726971344,,3.0,HCT116,null
,0.03073527656533553,,3.0,HCT116,null
,0.06154745542460203,,3.0,HCT116,null
,0.3890435849965644,,3.0,HCT116,null
,0.09441911908959653,,3.0,HCT116,null
,0.10879913667704437,,3.0,HCT116,null
,0.3104996706538117,,3.0,HCT116,null
,0.030302025451713253,,3.0,HCT116,null
,-0.15586531267370196,,3.0,HCT116,null
,0.2323870267188221,,3.0,HCT116,null
,0.16515215151553897,,3.0,HCT116,null
,0.11561825829387704,,3.0,HCT116,null
,-0.05919117622912683,,3.0,HCT116,null
,0.11483721244404496,,3.0,HCT116,null
,0.025572465868798567,,3.0,HCT116,null
,0.0644995435667234,,3.0,HCT116,null
,0.19601791473879304,,3.0,HCT116,null
,-0.09132354491077607,,3.0,HCT116,null
,0.19193458099297864,,3.0,HCT116,null
,0.09712194428132076,,3.0,HCT116,null
,0.0014900608376218864,,3.0,HCT116,null
,0.17365699098374668,,3.0,HCT116,null
,-0.019318450282291788,,3.0,HCT116,null
,0.15359237512211402,,3.0,HCT116,null
,-0.011933417897425566,,3.0,HCT116,null
,-0.0034465605430481928,,3.0,HCT116,null
,0.1647125034075057,,3.0,HCT116,null
,0.05236465975789818,,3.0,HCT116,null
,0.1815220411624023,,3.0,HCT116,null
,-0.008277992169132227,,3.0,HCT116,null
,0.08840409909453262,,3.0,HCT116,null
,0.21254456329703425,,3.0,HCT116,null
,0.008576675851569827,,3.0,HCT116,null
,0.2862086096168497,,3.0,HCT116,null
,0.19183735431964513,,3.0,HCT116,null
,0.0729738993855917,,3.0,HCT116,null
,0.45211687820335533,,3.0,HCT116,null
,0.21006560962511256,,3.0,HCT116,null
,0.09984363020229216,,3.0,HCT116,null
,0.07189129494866081,,3.0,HCT116,null
,0.20374146495108333,,3.0,HCT116,null
,0.2040483626575696,,3.0,HCT116,null
,0.35476775539522876,,3.0,HCT116,null
,0.23730107131840517,,3.0,HCT116,null
,0.21340129681688708,,3.0,HCT116,null
,0.10623167929643863,,3.0,HCT116,null
,-0.18845617310199486,,3.0,HCT116,null
,0.3727469030993727,,3.0,HCT116,null
,0.15786991471573983,,3.0,HCT116,null
,-0.13602200233306086,,3.0,HCT116,null
,0.013914862271872696,,3.0,HCT116,null
,0.14104679161721567,,3.0,HCT116,null
,-0.111869801791233,,3.0,HCT116,null
,0.1968680934804706,,3.0,HCT116,null
,0.19354748585423606,,3.0,HCT116,null
,0.1254313323966519,,3.0,HCT116,null
,-0.18022848934446964,,3.0,HCT116,null
,0.0925186504676876,,3.0,HCT116,null
,0.0758325856366523,,3.0,HCT116,null
,0.06794330834556447,,3.0,HCT116,null
,0.10293036842281525,,3.0,HCT116,null
,0.21943442379821793,,3.0,HCT116,null
,0.2718997029128185,,3.0,HCT116,null
,0.2936980728728934,,3.0,HCT116,null
,-0.00978550089674569,,3.0,HCT116,null
,0.2816539514792856,,3.0,HCT116,null
,0.10406050653987797,,3.0,HCT116,null
,0.025467590796529098,,3.0,HCT116,null
,0.03661525437867484,,3.0,HCT116,null
,0.05620221954609661,,3.0,HCT116,null
,0.08575920076570227,,3.0,HCT116,null
,0.08282824380343311,,3.0,HCT116,null
,0.0944385085593464,,3.0,HCT116,null
,0.1301696990031524,,3.0,HCT116,null
,0.10152024685703015,,3.0,HCT116,null
,0.21368116268591691,,3.0,HCT116,null
,0.4035587930229406,,3.0,HCT116,null
,-0.005085522177604515,,3.0,HCT116,null
,0.14449605581661035,,3.0,HCT116,null
,-0.030261268978144712,,3.0,HCT116,null
,-0.0008657728839830126,,3.0,HCT116,null
,-0.045877388359128246,,3.0,HCT116,null
,0.06307628463614458,,3.0,HCT116,null
,-0.11119741753115633,,3.0,HCT116,null
,-0.0855159492763636,,3.0,HCT116,null
,0.13495753020820345,,3.0,HCT116,null
,-0.0007633076330580829,,3.0,HCT116,null
,0.6210080518331176,,3.0,HCT116,null
,0.18462248241118567,,3.0,HCT116,null
,0.16984261317497407,,3.0,HCT116,null
,0.000669494390037946,,3.0,HCT116,null
,0.2247057909123461,,3.0,HCT116,null
,0.36931356427327566,,3.0,HCT116,null
,0.3132731717136493,,3.0,HCT116,null
,0.5471594506598418,,3.0,HCT116,null
,0.02419823400502215,,3.0,HCT116,null
,0.21439040076719157,,3.0,HCT116,null
,-0.0726965106399516,,3.0,HCT116,null
,0.07489133625182114,,3.0,HCT116,null
,0.35378743413033314,,3.0,HCT116,null
,-0.00490041789755935,,3.0,HCT116,null
,0.1923806578045863,,3.0,HCT116,null
,0.1055164917821482,,3.0,HCT116,null
,0.10314479960957154,,3.0,HCT116,null
,0.1588270129759336,,3.0,HCT116,null
,0.0562003370757926,,3.0,HCT116,null
,0.1746459995486705,,3.0,HCT116,null
,0.3469460075545297,,3.0,HCT116,null
,0.13831715866747096,,3.0,HCT116,null
,0.15871513405720952,,3.0,HCT116,null
,0.3553611145038602,,3.0,HCT116,null
,0.08842109004197789,,3.0,HCT116,null
,0.010033329776203269,,3.0,HCT116,null
,0.18921006723065664,,3.0,HCT116,null
,0.19472286516554754,,3.0,HCT116,null
,0.16678673583956682,,3.0,HCT116,null
,0.16004438716810004,,3.0,HCT116,null
,0.2754705926323536,,3.0,HCT116,null
,0.2595070831302006,,3.0,HCT116,null
,-0.011760786737927124,,3.0,HCT116,null
,0.18570414294017945,,3.0,HCT116,null
,-0.02045263436610726,,3.0,HCT116,null
,0.07153343995842623,,3.0,HCT116,null
,0.07757448180419282,,3.0,HCT116,null
,0.009389873758145198,,3.0,HCT116,null
,0.22244230570449947,,3.0,HCT116,null
,0.05983367589905847,,3.0,HCT116,null
,0.0705518556698624,,3.0,HCT116,null
,0.08187146323963165,,3.0,HCT116,null
,-0.1341023444709953,,3.0,HCT116,null
,0.2835436342243188,,3.0,HCT116,null
,0.18119104140189463,,3.0,HCT116,null
,0.04454413711505259,,3.0,HCT116,null
,0.12282176049549429,,3.0,HCT116,null
,0.08390817366815859,,3.0,HCT116,null
,0.27908912285243737,,3.0,HCT116,null
,0.02090155105172026,,3.0,HCT116,null
,0.24060607355214114,,3.0,HCT116,null
,-0.03185387663956476,,3.0,HCT116,null
,0.18706523013886212,,3.0,HCT116,null
,-0.02361630915368878,,3.0,HCT116,null
,0.2675979230379947,,3.0,HCT116,null
,0.03051990599943942,,3.0,HCT116,null
,-0.007315638786181022,,3.0,HCT116,null
,-0.1947987575509938,,3.0,HCT116,null
,-0.15904505854681467,,3.0,HCT116,null
,-0.04007151301102709,,3.0,HCT116,null
,0.4578925757285124,,3.0,HCT116,null
,-0.04384978909233177,,3.0,HCT116,null
,0.007042571668194553,,3.0,HCT116,null
,0.2928548752220618,,3.0,HCT116,null
,0.09364233429564163,,3.0,HCT116,null
,0.17339706673136607,,3.0,HCT116,null
,0.24294425309949202,,3.0,HCT116,null
,0.3190495922604769,,3.0,HCT116,null
,-0.008016649363597719,,3.0,HCT116,null
,0.31046804522911287,,3.0,HCT116,null
,0.20878013314785393,,3.0,HCT116,null
,0.0836401872136452,,3.0,HCT116,null
,0.02978018317328307,,3.0,HCT116,null
,-0.01625042588136686,,3.0,HCT116,null
,0.15569109616792753,,3.0,HCT116,null
,0.11507001180403009,,3.0,HCT116,null
,0.06937723497812796,,3.0,HCT116,null
,-0.024481715339352294,,3.0,HCT116,null
,0.12040550386091076,,3.0,HCT116,null
,0.22112588640031186,,3.0,HCT116,null
,0.09583654091893024,,3.0,HCT116,null
,0.313595481192254,,3.0,HCT116,null
,-0.012921791719985531,,3.0,HCT116,null
,0.13292064026090017,,3.0,HCT116,null
,0.16710712645119738,,3.0,HCT116,null
,0.0368840058935683,,3.0,HCT116,null
,0.20418261805593274,,3.0,HCT116,null
,0.481948243006733,,3.0,HCT116,null
,-0.10823800332213167,,3.0,HCT116,null
,0.03832409995263851,,3.0,HCT116,null
,0.5451243133539778,,3.0,HCT116,null
,0.20460647152464562,,4.0,HCT116,null
,0.32042218200908007,,4.0,HCT116,null
,0.13689912956234818,,4.0,HCT116,null
,0.364353520809668,,4.0,HCT116,null
,0.2977966595226737,,4.0,HCT116,null
,0.30482776138959056,,4.0,HCT116,null
,0.058272835530616254,,4.0,HCT116,null
,0.1860274665838193,,4.0,HCT116,null
,0.3013018463853011,,4.0,HCT116,null
,0.2871010380084417,,4.0,HCT116,null
,0.03891882035126781,,4.0,HCT116,null
,0.3469148312054787,,4.0,HCT116,null
,-0.06459195967456707,,4.0,HCT116,null
,0.24995797326172686,,4.0,HCT116,null
,0.16016586103563915,,4.0,HCT116,null
,0.5120943356286571,,4.0,HCT116,null
,0.32629198378218316,,4.0,HCT116,null
,0.2491270352107207,,4.0,HCT116,null
,0.11067446944210764,,4.0,HCT116,null
,0.20869634611975443,,4.0,HCT116,null
,0.29593511989856425,,4.0,HCT116,null
,0.46927481762895595,,4.0,HCT116,null
,0.10821227383005866,,4.0,HCT116,null
,0.10252608278530344,,4.0,HCT116,null
,0.03067932574324346,,4.0,HCT116,null
,0.09505469203125887,,4.0,HCT116,null
,0.09845113337114403,,4.0,HCT116,null
,0.28233126902455946,,4.0,HCT116,null
,0.19329031523046764,,4.0,HCT116,null
,0.10802263926633689,,4.0,HCT116,null
,-0.012388639526126746,,4.0,HCT116,null
,0.05620099340244937,,4.0,HCT116,null
,0.10246808518624047,,4.0,HCT116,null
,0.10571875275453133,,4.0,HCT116,null
,0.24717723430512495,,4.0,HCT116,null
,0.17319228430774775,,4.0,HCT116,null
,0.1689862089851591,,4.0,HCT116,null
,0.2536954552157581,,4.0,HCT116,null
,0.07405550723546533,,4.0,HCT116,null
,0.344455339516458,,4.0,HCT116,null
,0.3263180391344862,,4.0,HCT116,null
,0.28113329080526217,,4.0,HCT116,null
,0.026051294499482874,,4.0,HCT116,null
,0.02691395462093621,,4.0,HCT116,null
,0.23240088227739308,,4.0,HCT116,null
,0.26520811261392163,,4.0,HCT116,null
,0.4347898732418348,,4.0,HCT116,null
,0.05796988618667254,,4.0,HCT116,null
,0.3127422978413525,,4.0,HCT116,null
,0.3901892798622483,,4.0,HCT116,null
,0.20486698513277918,,4.0,HCT116,null
,0.1849777172414468,,4.0,HCT116,null
,0.2043111471362205,,4.0,HCT116,null
,-0.027972322915492807,,4.0,HCT116,null
,-0.022510720487170156,,4.0,HCT116,null
,0.2852879483209704,,4.0,HCT116,null
,0.20969087299506978,,4.0,HCT116,null
,-0.1150392445924324,,4.0,HCT116,null
,0.11924419985238677,,4.0,HCT116,null
,0.20784843692707947,,4.0,HCT116,null
,0.18509716393355086,,4.0,HCT116,null
,0.03152533826353391,,4.0,HCT116,null
,0.08285784021415546,,4.0,HCT116,null
,0.35331362097953833,,4.0,HCT116,null
,0.1630869246804328,,4.0,HCT116,null
,0.13357159617250913,,4.0,HCT116,null
,0.14279047450765833,,4.0,HCT116,null
,0.2539070938731945,,4.0,HCT116,null
,0.17241556187783064,,4.0,HCT116,null
,0.3081507862071433,,4.0,HCT116,null
,0.18443360524387542,,4.0,HCT116,null
,0.1328154702514774,,4.0,HCT116,null
,0.5611168877247146,,4.0,HCT116,null
,-0.0003612839358398297,,4.0,HCT116,null
,0.09106416532750661,,4.0,HCT116,null
,0.548976379202736,,4.0,HCT116,null
,0.208088229897527,,4.0,HCT116,null
,0.06367940810115982,,4.0,HCT116,null
,0.12348128435901545,,4.0,HCT116,null
,0.15780634904604138,,4.0,HCT116,null
,0.10399978660201183,,4.0,HCT116,null
,0.046362438984256724,,4.0,HCT116,null
,-0.030276559813757008,,4.0,HCT116,null
,0.2506890147691869,,4.0,HCT116,null
,0.25072920140293364,,4.0,HCT116,null
,0.23581462087668242,,4.0,HCT116,null
,0.10742049385267848,,4.0,HCT116,null
,0.07893029653123282,,4.0,HCT116,null
,0.3064942001103459,,4.0,HCT116,null
,0.01937632584473858,,4.0,HCT116,null
,0.3214266123440779,,4.0,HCT116,null
,0.1551451363392474,,4.0,HCT116,null
,0.04792918855559195,,4.0,HCT116,null
,-0.0004376237860022926,,4.0,HCT116,null
,-0.024393550066745415,,4.0,HCT116,null
,0.07866175673370669,,4.0,HCT116,null
,-0.04552959905749482,,4.0,HCT116,null
,-0.0726595788163556,,4.0,HCT116,null
,0.1818838507072783,,4.0,HCT116,null
,0.06838248414718343,,4.0,HCT116,null
,0.21182255856501575,,4.0,HCT116,null
,0.09505998612347848,,4.0,HCT116,null
,0.07509721742293422,,4.0,HCT116,null
,0.14373061870009707,,4.0,HCT116,null
,0.07329813369451423,,4.0,HCT116,null
,0.02420668456065262,,4.0,HCT116,null
,0.14694122418021704,,4.0,HCT116,null
,0.14657601145848,,4.0,HCT116,null
,0.18537941298156208,,4.0,HCT116,null
,0.2665602793956573,,4.0,HCT116,null
,0.2464481874142973,,4.0,HCT116,null
,0.2485377607054826,,4.0,HCT116,null
,0.12649321289517101,,4.0,HCT116,null
,0.3957044979914913,,4.0,HCT116,null
,0.07464937971462614,,4.0,HCT116,null
,0.26059866105402163,,4.0,HCT116,null
,0.16193480026470822,,4.0,HCT116,null
,-0.17945961246808662,,4.0,HCT116,null
,0.21206092611460245,,4.0,HCT116,null
,0.04755634024103178,,4.0,HCT116,null
,0.13485594944962287,,4.0,HCT116,null
,0.36905986794187823,,4.0,HCT116,null
,-0.07317084757629344,,4.0,HCT116,null
,0.15637375553641836,,4.0,HCT116,null
,0.13670824327349504,,4.0,HCT116,null
,-0.03429006514234973,,4.0,HCT116,null
,0.06407650773739254,,4.0,HCT116,null
,0.3073275840983575,,4.0,HCT116,null
,0.09008246740796264,,4.0,HCT116,null
,0.23753086604860335,,4.0,HCT116,null
,0.08461208961259867,,4.0,HCT116,null
,0.22997057024284034,,4.0,HCT116,null
,0.03513589251062181,,4.0,HCT116,null
,0.10281797923968665,,4.0,HCT116,null
,0.07826164893891861,,4.0,HCT116,null
,0.17735163965436357,,4.0,HCT116,null
,0.024570144924645147,,4.0,HCT116,null
,0.28317653475228444,,4.0,HCT116,null
,0.21321912024328055,,4.0,HCT116,null
,0.26102794748798075,,4.0,HCT116,null
,0.17181801941502545,,4.0,HCT116,null
,0.019679482141004578,,4.0,HCT116,null
,-0.05718662019904615,,4.0,HCT116,null
,0.1628506034934062,,4.0,HCT116,null
,0.29208171231364555,,4.0,HCT116,null
,0.023123424693305396,,4.0,HCT116,null
,-0.16367039497995362,,4.0,HCT116,null
,0.07961759093595189,,4.0,HCT116,null
,0.0860037762920311,,4.0,HCT116,null
,0.15771623826200631,,4.0,HCT116,null
,-0.033477355112585,,4.0,HCT116,null
,0.15693761273438706,,4.0,HCT116,null
,0.2010133113908702,,4.0,HCT116,null
,0.10132572250749414,,4.0,HCT116,null
,0.08505886518213276,,4.0,HCT116,null
,0.010710551421819613,,4.0,HCT116,null
,-0.05315518882469066,,4.0,HCT116,null
,0.14061075762080671,,4.0,HCT116,null
,0.15797512167024108,,4.0,HCT116,null
,0.07559954679942876,,4.0,HCT116,null
,0.19103785483903102,,4.0,HCT116,null
,0.058681064344094244,,4.0,HCT116,null
,0.35541505452125377,,4.0,HCT116,null
,0.05758213638571859,,4.0,HCT116,null
,0.3862869739230231,,4.0,HCT116,null
,0.15993149512709315,,4.0,HCT116,null
,0.21873423719958937,,4.0,HCT116,null
,0.2318642840778583,,4.0,HCT116,null
,0.004985083583542438,,4.0,HCT116,null
,-0.05679073403237289,,4.0,HCT116,null
,0.22224353916360612,,4.0,HCT116,null
,0.2505296952602029,,4.0,HCT116,null
,0.20342234851713348,,4.0,HCT116,null
,0.34255923016650913,,4.0,HCT116,null
,0.1560961125156492,,4.0,HCT116,null
,0.01766718164346605,,4.0,HCT116,null
,-0.07679174511657716,,4.0,HCT116,null
,0.10729025104684832,,4.0,HCT116,null
,-0.03155738347194105,,4.0,HCT116,null
,0.03494788832087283,,4.0,HCT116,null
,0.2343104946419793,,4.0,HCT116,null
,0.40835291179235955,,4.0,HCT116,null
,0.23712610658242803,,4.0,HCT116,null
,0.19928067177545516,,4.0,HCT116,null
,0.11657411392078358,,4.0,HCT116,null
,0.04475653897504811,,4.0,HCT116,null
,-0.09389367560796211,,4.0,HCT116,null
,0.3469500733314288,,4.0,HCT116,null
,-0.02004674629321633,,4.0,HCT116,null
,0.12316280655842454,,4.0,HCT116,null
,-0.02095794315258729,,4.0,HCT116,null
,0.2072048840674585,,4.0,HCT116,null
,0.0409638141960903,,4.0,HCT116,null
,0.011698629283490362,,4.0,HCT116,null
,-0.058873497176036696,,4.0,HCT116,null
,-0.06490150000063735,,4.0,HCT116,null
,-0.037069552530474545,,4.0,HCT116,null
,0.035039229950830086,,4.0,HCT116,null
,0.27318779964921436,,4.0,HCT116,null
,0.2733836990350802,,4.0,HCT116,null
,0.13888420585103006,,4.0,HCT116,null
,-0.06818454352952077,,4.0,HCT116,null
,-0.03420915394922706,,4.0,HCT116,null
,0.20555491152274424,,4.0,HCT116,null
,0.05279272757191321,,4.0,HCT116,null
,0.21988357333223882,,4.0,HCT116,null
,0.2613759391204548,,4.0,HCT116,null
,0.24780917673490366,,4.0,HCT116,null
,0.1583213064539586,,1.0,HT29,null
,0.14933633319645612,,1.0,HT29,null
,0.2541569495059582,,1.0,HT29,null
,-0.038105889805850016,,1.0,HT29,null
,0.0023640741303514712,,1.0,HT29,null
,0.21208792662030562,,1.0,HT29,null
,0.1193741121123546,,1.0,HT29,null
,0.031892946030988495,,1.0,HT29,null
,0.2582181643910861,,1.0,HT29,null
,0.17455134645338538,,1.0,HT29,null
,0.5054975932521346,,1.0,HT29,null
,0.2661053309185021,,1.0,HT29,null
,0.012831148274252115,,1.0,HT29,null
,0.008360178446751354,,1.0,HT29,null
,0.08719541738815195,,1.0,HT29,null
,0.216015983753941,,1.0,HT29,null
,0.1728738486470464,,1.0,HT29,null
,-0.009885842664375491,,1.0,HT29,null
,-0.07056394440345834,,1.0,HT29,null
,0.06762157421080812,,1.0,HT29,null
,0.11385743364068486,,1.0,HT29,null
,0.18584051972989335,,1.0,HT29,null
,-0.010939829334666518,,1.0,HT29,null
,0.2482204217273703,,1.0,HT29,null
,0.022498889295619127,,1.0,HT29,null
,-0.015573524657197527,,1.0,HT29,null
,0.06747698729952445,,1.0,HT29,null
,0.28425910174766167,,1.0,HT29,null
,0.16385246169680864,,1.0,HT29,null
,0.04749649687831934,,1.0,HT29,null
,0.17069516379857974,,1.0,HT29,null
,-0.048608533935835994,,1.0,HT29,null
,-0.09352336504821288,,1.0,HT29,null
,-0.003970018502131312,,1.0,HT29,null
,0.09650798227515844,,1.0,HT29,null
,0.14334369958902438,,1.0,HT29,null
,-0.021666539628475742,,1.0,HT29,null
,0.11659807852499651,,1.0,HT29,null
,0.021177058778897896,,1.0,HT29,null
,0.1261900901319909,,1.0,HT29,null
,0.07640748474714391,,1.0,HT29,null
,-0.15417636022676107,,1.0,HT29,null
,0.12327528188346557,,1.0,HT29,null
,0.36215459219908397,,1.0,HT29,null
,0.3111004878293478,,1.0,HT29,null
,-0.03950429472184024,,1.0,HT29,null
,0.13241250749285963,,1.0,HT29,null
,-0.04778604889319717,,1.0,HT29,null
,-0.06553378513041827,,1.0,HT29,null
,0.1610668855852503,,1.0,HT29,null
,-0.07741549886175518,,1.0,HT29,null
,0.0067000255332551745,,1.0,HT29,null
,0.011740672250699143,,1.0,HT29,null
,0.46720058462307057,,1.0,HT29,null
,-0.034830078539557996,,1.0,HT29,null
,0.16196324572905957,,1.0,HT29,null
,0.04886675355107342,,1.0,HT29,null
,0.35831566798033143,,1.0,HT29,null
,-0.0613702727636837,,1.0,HT29,null
,0.18875330041929267,,1.0,HT29,null
,-0.138023275954433,,1.0,HT29,null
,-0.08002882926768093,,1.0,HT29,null
,0.08893250241300277,,1.0,HT29,null
,-0.15231431277964752,,1.0,HT29,null
,0.09298656219070207,,1.0,HT29,null
,0.2625325066233959,,1.0,HT29,null
,0.35198580542535374,,1.0,HT29,null
,-0.17593309758327025,,1.0,HT29,null
,-0.039407009100775964,,1.0,HT29,null
,0.06451591715428662,,1.0,HT29,null
,0.0958853748632987,,1.0,HT29,null
,-0.06390643409004501,,1.0,HT29,null
,0.018533457682159846,,1.0,HT29,null
,0.08249353287704483,,1.0,HT29,null
,0.11854500005088753,,1.0,HT29,null
,0.03574142675648107,,1.0,HT29,null
,-0.02968560283794249,,1.0,HT29,null
,0.05543043019790732,,1.0,HT29,null
,0.09284246807722621,,1.0,HT29,null
,0.006705485662985483,,1.0,HT29,null
,0.04911420461333221,,1.0,HT29,null
,-0.05012165280673938,,1.0,HT29,null
,0.2225224214788483,,1.0,HT29,null
,0.19270520376176656,,1.0,HT29,null
,0.1293678759554946,,1.0,HT29,null
,0.23269357040624114,,1.0,HT29,null
,0.08173949395247257,,1.0,HT29,null
,0.0386990847929585,,1.0,HT29,null
,0.14355747618786152,,1.0,HT29,null
,-0.243095504275508,,1.0,HT29,null
,0.06144365496239115,,1.0,HT29,null
,0.08347354028545907,,1.0,HT29,null
,0.09338881904548542,,1.0,HT29,null
,0.0260066921330471,,1.0,HT29,null
,0.03600801065123295,,1.0,HT29,null
,0.21429412140982862,,1.0,HT29,null
,0.0957598312844424,,1.0,HT29,null
,0.268835631979075,,1.0,HT29,null
,0.2771758807472782,,1.0,HT29,null
,0.11574740011039927,,1.0,HT29,null
,-0.20702677603873848,,1.0,HT29,null
,0.07881130031830065,,1.0,HT29,null
,0.09729577164106966,,1.0,HT29,null
,0.0032587198774277765,,1.0,HT29,null
,0.313551377250588,,1.0,HT29,null
,-0.08958040103443371,,1.0,HT29,null
,-0.010880007388485612,,1.0,HT29,null
,0.14579466503350766,,1.0,HT29,null
,0.10643306274187331,,1.0,HT29,null
,0.14948322442802658,,1.0,HT29,null
,0.10630424974737307,,1.0,HT29,null
,0.3755407565897223,,1.0,HT29,null
,0.2357795578088897,,1.0,HT29,null
,-0.10066520110967553,,1.0,HT29,null
,0.2544509905636617,,1.0,HT29,null
,0.08641982365648426,,1.0,HT29,null
,0.04461879547769228,,1.0,HT29,null
,0.050299630251419064,,1.0,HT29,null
,0.06831294678322408,,1.0,HT29,null
,-0.07667150847919876,,1.0,HT29,null
,-0.07079429257198463,,1.0,HT29,null
,0.6017810076611176,,1.0,HT29,null
,0.08243635269695503,,1.0,HT29,null
,0.20286816803154348,,1.0,HT29,null
,-0.0360550657388224,,1.0,HT29,null
,0.0876380601859758,,1.0,HT29,null
,-0.04295698239474395,,1.0,HT29,null
,0.023129187870735618,,1.0,HT29,null
,0.07748131360456391,,1.0,HT29,null
,0.1157409410228416,,1.0,HT29,null
,0.08176298968217573,,1.0,HT29,null
,-0.059204597374726046,,1.0,HT29,null
,0.07945241052526494,,1.0,HT29,null
,0.21062480449910947,,1.0,HT29,null
,-0.008827637568234403,,1.0,HT29,null
,0.04351070829748687,,1.0,HT29,null
,-0.11810610441141084,,1.0,HT29,null
,0.14676894303639137,,1.0,HT29,null
,-0.024176091848949435,,1.0,HT29,null
,0.15280845815069793,,1.0,HT29,null
,-0.1168936887368876,,1.0,HT29,null
,-0.06884948821556755,,1.0,HT29,null
,0.05184946296844366,,1.0,HT29,null
,0.18081290346743,,1.0,HT29,null
,-0.06426177044780694,,1.0,HT29,null
,0.009461392375915395,,1.0,HT29,null
,0.12108070246809108,,1.0,HT29,null
,-0.056018145280603476,,1.0,HT29,null
,-0.03952294763226015,,1.0,HT29,null
,0.16643175359709622,,1.0,HT29,null
,0.21177166697680372,,1.0,HT29,null
,0.06860066533490747,,1.0,HT29,null
,0.3046686409590678,,1.0,HT29,null
,0.11478378262310271,,1.0,HT29,null
,0.06108543693758014,,1.0,HT29,null
,0.06803901802716057,,1.0,HT29,null
,0.06573037946141375,,1.0,HT29,null
,0.028238914726253353,,1.0,HT29,null
,-0.13619569227668127,,1.0,HT29,null
,-0.1251593408359069,,1.0,HT29,null
,-0.010192048405299445,,1.0,HT29,null
,0.17523872188247708,,1.0,HT29,null
,0.12922541352543823,,1.0,HT29,null
,0.20910724598883634,,1.0,HT29,null
,0.14230886024434525,,1.0,HT29,null
,0.0882519378512882,,1.0,HT29,null
,0.06400057352298893,,1.0,HT29,null
,0.10064151510434494,,1.0,HT29,null
,-0.11814851188276243,,1.0,HT29,null
,0.04352931699455537,,1.0,HT29,null
,0.16102633892953017,,1.0,HT29,null
,0.11024771178216278,,1.0,HT29,null
,-0.0045136687085648814,,1.0,HT29,null
,0.21597131779844161,,1.0,HT29,null
,0.2661607806003115,,1.0,HT29,null
,0.0283282980799629,,1.0,HT29,null
,-0.012236625719946227,,1.0,HT29,null
,0.08014614350363658,,1.0,HT29,null
,-0.008712429952430273,,1.0,HT29,null
,0.1883534150198009,,1.0,HT29,null
,-0.05632653280345465,,1.0,HT29,null
,-0.04276331706272188,,1.0,HT29,null
,-0.028079822981156428,,1.0,HT29,null
,0.03578816187688004,,1.0,HT29,null
,-0.005653070378416586,,1.0,HT29,null
,-0.007075960792265162,,1.0,HT29,null
,0.10528556016923533,,1.0,HT29,null
,-0.08465322847648794,,1.0,HT29,null
,0.03591350957673002,,1.0,HT29,null
,0.015380595341676198,,1.0,HT29,null
,-0.037652235955132576,,1.0,HT29,null
,0.3365231562674258,,1.0,HT29,null
,0.08684913455140966,,1.0,HT29,null
,0.05576227558621964,,1.0,HT29,null
,-0.002710677055786405,,1.0,HT29,null
,-0.09691124882340746,,1.0,HT29,null
,0.005741679269288542,,1.0,HT29,null
,0.38361940987877197,,1.0,HT29,null
,0.12325015476148322,,1.0,HT29,null
,0.024197215081501022,,1.0,HT29,null
,0.061111108678993456,,1.0,HT29,null
,0.07228654041283858,,1.0,HT29,null
,0.2772349690741851,,1.0,HT29,null
,0.00022561756633978497,,1.0,HT29,null
,0.08035501127625072,,1.0,HT29,null
,-0.06192034805865957,,1.0,HT29,null
,0.06698375772069803,,1.0,HT29,null
,0.166100852885117,,1.0,HT29,null
,0.08011239434253123,,2.0,HT29,null
,-0.10218326871196606,,2.0,HT29,null
,-0.010064775005105497,,2.0,HT29,null
,0.05754047355681534,,2.0,HT29,null
,-0.05291805847759564,,2.0,HT29,null
,0.16513790634776582,,2.0,HT29,null
,0.14375604528076102,,2.0,HT29,null
,-0.10031353866842568,,2.0,HT29,null
,0.2902796057024626,,2.0,HT29,null
,0.48059067496447866,,2.0,HT29,null
,0.02804554790268058,,2.0,HT29,null
,-0.02001969784082383,,2.0,HT29,null
,-0.12480310589726981,,2.0,HT29,null
,0.12290819539669957,,2.0,HT29,null
,0.18243333665265624,,2.0,HT29,null
,0.5548971880872193,,2.0,HT29,null
,0.12094864265311833,,2.0,HT29,null
,-0.08815100072483024,,2.0,HT29,null
,-0.03405508212290876,,2.0,HT29,null
,0.09648135406861477,,2.0,HT29,null
,0.0013749865296870843,,2.0,HT29,null
,0.09302095835201761,,2.0,HT29,null
,0.2048152997222032,,2.0,HT29,null
,-0.004973104689886902,,2.0,HT29,null
,0.06376120534324771,,2.0,HT29,null
,0.22098798970564087,,2.0,HT29,null
,0.12958142560706848,,2.0,HT29,null
,0.1257794408410252,,2.0,HT29,null
,0.32013949694178845,,2.0,HT29,null
,0.057415671102553203,,2.0,HT29,null
,-0.038771950816750216,,2.0,HT29,null
,0.1663656373252488,,2.0,HT29,null
,0.20833485332071094,,2.0,HT29,null
,-0.07017430775333827,,2.0,HT29,null
,-0.06161482446046743,,2.0,HT29,null
,-0.032809235927968555,,2.0,HT29,null
,0.054128571477572544,,2.0,HT29,null
,0.007268636916535428,,2.0,HT29,null
,-0.14995484130031697,,2.0,HT29,null
,0.01822505769591455,,2.0,HT29,null
,0.15973239703070222,,2.0,HT29,null
,0.002095500668819743,,2.0,HT29,null
,-0.09965317707791621,,2.0,HT29,null
,0.30190030369367793,,2.0,HT29,null
,0.06196388991336925,,2.0,HT29,null
,0.23178664928164155,,2.0,HT29,null
,-0.04898042458014025,,2.0,HT29,null
,-0.03333270238089986,,2.0,HT29,null
,0.469309690912465,,2.0,HT29,null
,0.14265488448372207,,2.0,HT29,null
,-0.0717939195231872,,2.0,HT29,null
,0.16657204774387732,,2.0,HT29,null
,0.307850906791747,,2.0,HT29,null
,-0.14553543515564543,,2.0,HT29,null
,0.04168005116500016,,2.0,HT29,null
,0.03028990726953973,,2.0,HT29,null
,0.04150725105938236,,2.0,HT29,null
,0.22737513938761023,,2.0,HT29,null
,0.3677340096975732,,2.0,HT29,null
,0.3855562224636514,,2.0,HT29,null
,-6.986989147313161e-06,,2.0,HT29,null
,0.1681701407550136,,2.0,HT29,null
,-0.05091098139692225,,2.0,HT29,null
,0.25127151641778644,,2.0,HT29,null
,0.31676070814651014,,2.0,HT29,null
,0.14084476066418927,,2.0,HT29,null
,0.040525919470475284,,2.0,HT29,null
,-0.012228171233442296,,2.0,HT29,null
,0.04666359653880118,,2.0,HT29,null
,0.1977604393633877,,2.0,HT29,null
,-0.04399163927609287,,2.0,HT29,null
,0.057102636187859934,,2.0,HT29,null
,0.29188159498474425,,2.0,HT29,null
,0.501844446897092,,2.0,HT29,null
,0.0746668766686096,,2.0,HT29,null
,-0.049446345314550125,,2.0,HT29,null
,0.014656223667746509,,2.0,HT29,null
,0.02537077523013955,,2.0,HT29,null
,-0.018636126376165976,,2.0,HT29,null
,0.03187930174770469,,2.0,HT29,null
,0.15550373924763072,,2.0,HT29,null
,-0.13918859907395964,,2.0,HT29,null
,0.27155310021556006,,2.0,HT29,null
,0.3499139068665792,,2.0,HT29,null
,0.019598143174016057,,2.0,HT29,null
,0.15455853420222654,,2.0,HT29,null
,0.11293066999729662,,2.0,HT29,null
,-0.12391147791962168,,2.0,HT29,null
,0.27519108302893025,,2.0,HT29,null
,0.03024083984124909,,2.0,HT29,null
,0.20303527676061894,,2.0,HT29,null
,0.2298974400052906,,2.0,HT29,null
,0.0038825905241898773,,2.0,HT29,null
,-0.03132427142451296,,2.0,HT29,null
,0.12685147364196891,,2.0,HT29,null
,-0.1168614306431443,,2.0,HT29,null
,-0.022821215828307304,,2.0,HT29,null
,-0.1450324581202585,,2.0,HT29,null
,0.3396484848857768,,2.0,HT29,null
,0.16098365296471115,,2.0,HT29,null
,0.15325938230842473,,2.0,HT29,null
,0.2185471352949469,,2.0,HT29,null
,0.011422020142620544,,2.0,HT29,null
,-0.07148162439380162,,2.0,HT29,null
,0.20231997472284577,,2.0,HT29,null
,0.2050405047677711,,2.0,HT29,null
,0.10493837355375335,,2.0,HT29,null
,0.19856816268932015,,2.0,HT29,null
,0.0890687532153164,,2.0,HT29,null
,-0.03619805403292261,,2.0,HT29,null
,-0.14768311308631973,,2.0,HT29,null
,0.18709288372378727,,2.0,HT29,null
,0.19338827021431587,,2.0,HT29,null
,0.22912445148861854,,2.0,HT29,null
,0.02437065780801466,,2.0,HT29,null
,0.1911026609591334,,2.0,HT29,null
,-0.18109754375105316,,2.0,HT29,null
,0.16354082995865937,,2.0,HT29,null
,0.5563716449655967,,2.0,HT29,null
,-0.039129230556472064,,2.0,HT29,null
,0.0161518991620046,,2.0,HT29,null
,0.41979667670539267,,2.0,HT29,null
,0.5495119968687745,,2.0,HT29,null
,0.28522641185123965,,2.0,HT29,null
,-0.10538890752073621,,2.0,HT29,null
,0.10650112951123349,,2.0,HT29,null
,0.04218992546836569,,2.0,HT29,null
,-0.02013642202668597,,2.0,HT29,null
,0.20388987497230365,,2.0,HT29,null
,0.04996003619754753,,2.0,HT29,null
,0.3053987158766335,,2.0,HT29,null
,-0.04128989196757819,,2.0,HT29,null
,-0.025257332805978014,,2.0,HT29,null
,0.12151594189900519,,2.0,HT29,null
,0.23714790047559767,,2.0,HT29,null
,0.10185294944869698,,2.0,HT29,null
,-0.04747914231723188,,2.0,HT29,null
,0.5011317870499081,,2.0,HT29,null
,0.4249983457401788,,2.0,HT29,null
,0.10757383695608229,,2.0,HT29,null
,0.1976899745394336,,2.0,HT29,null
,0.27447654014157086,,2.0,HT29,null
,-0.07731348106083998,,2.0,HT29,null
,0.06958340247664674,,2.0,HT29,null
,0.10404173777330268,,2.0,HT29,null
,0.2991490720382859,,2.0,HT29,null
,-0.03261860213261175,,2.0,HT29,null
,0.15006040964051232,,2.0,HT29,null
,-0.13960682640021732,,2.0,HT29,null
,-0.06187114744762904,,2.0,HT29,null
,-0.10701948933144242,,2.0,HT29,null
,0.05123605489031162,,2.0,HT29,null
,0.24596336867776797,,2.0,HT29,null
,-0.04477006346281957,,2.0,HT29,null
,0.3320136732722754,,2.0,HT29,null
,0.1088579571292386,,2.0,HT29,null
,0.4306448666320027,,2.0,HT29,null
,0.02812380654325597,,2.0,HT29,null
,-0.11143589439298948,,2.0,HT29,null
,0.12017642103727955,,2.0,HT29,null
,0.06528323312812669,,2.0,HT29,null
,0.15543005064104268,,2.0,HT29,null
,0.11369819587709705,,2.0,HT29,null
,-0.04003204362695816,,2.0,HT29,null
,0.32756229856292823,,2.0,HT29,null
,-0.005914336111263685,,2.0,HT29,null
,0.01668415053216624,,2.0,HT29,null
,0.06136792661926588,,2.0,HT29,null
,0.1931547556836464,,2.0,HT29,null
,0.20093680408697845,,2.0,HT29,null
,-0.008797610039639095,,2.0,HT29,null
,0.49679174237985413,,2.0,HT29,null
,0.35734089268901936,,2.0,HT29,null
,-0.013633888922270855,,2.0,HT29,null
,0.28715323945822335,,2.0,HT29,null
,0.3555077090243943,,2.0,HT29,null
,0.10958267977338108,,2.0,HT29,null
,-0.06788253766423086,,2.0,HT29,null
,-0.12037011132734071,,2.0,HT29,null
,0.14299305366309006,,2.0,HT29,null
,0.19898449845431698,,2.0,HT29,null
,0.06385848138017267,,2.0,HT29,null
,0.48492052761741866,,2.0,HT29,null
,0.0942637471545605,,2.0,HT29,null
,-0.015514452192334827,,2.0,HT29,null
,-0.0008952670085355108,,2.0,HT29,null
,0.16868082361238157,,2.0,HT29,null
,0.2048086782637411,,2.0,HT29,null
,0.018831368447842084,,2.0,HT29,null
,0.3198272108381912,,2.0,HT29,null
,0.11640179131516634,,2.0,HT29,null
,0.24226001113942813,,2.0,HT29,null
,0.01668086580616473,,2.0,HT29,null
,0.037368322576704555,,2.0,HT29,null
,0.20068420504479845,,2.0,HT29,null
,0.3985114425534917,,2.0,HT29,null
,0.03137325737509251,,2.0,HT29,null
,0.5168117058704114,,2.0,HT29,null
,0.10243091892273534,,2.0,HT29,null
,-0.1368306109146713,,2.0,HT29,null
,0.14073645797758205,,2.0,HT29,null
,0.18617297046656017,,2.0,HT29,null
,0.17521648849516247,,2.0,HT29,null
,0.2549549482782997,,2.0,HT29,null
,0.17184490166443267,,2.0,HT29,null
,0.22071386477010507,,2.0,HT29,null
,0.025946991156963285,,2.0,HT29,null
,0.005496311735059545,,2.0,HT29,null
,0.09544972103122526,,3.0,HT29,null
,0.2748807863892458,,3.0,HT29,null
,0.2401045964560966,,3.0,HT29,null
,0.006811370552197714,,3.0,HT29,null
,0.09486886983143797,,3.0,HT29,null
,0.08998887390135593,,3.0,HT29,null
,0.11638175455797717,,3.0,HT29,null
,0.45062730035468185,,3.0,HT29,null
,0.30884423122310517,,3.0,HT29,null
,0.3191525940151595,,3.0,HT29,null
,0.012096003680215232,,3.0,HT29,null
,0.007096864259254737,,3.0,HT29,null
,0.15544985575812847,,3.0,HT29,null
,0.27743088323246634,,3.0,HT29,null
,0.3027521223923402,,3.0,HT29,null
,0.13776107589623166,,3.0,HT29,null
,0.22993499617420843,,3.0,HT29,null
,0.2418167700203419,,3.0,HT29,null
,0.04852343133174989,,3.0,HT29,null
,0.22717468628135204,,3.0,HT29,null
,0.26013719303130134,,3.0,HT29,null
,0.1751929666791645,,3.0,HT29,null
,0.37077627319367984,,3.0,HT29,null
,0.0804792352282035,,3.0,HT29,null
,0.09760691514357267,,3.0,HT29,null
,-0.025979513498098974,,3.0,HT29,null
,0.17261968527265673,,3.0,HT29,null
,0.14081557180443652,,3.0,HT29,null
,-0.05134659620042111,,3.0,HT29,null
,0.09229736775722168,,3.0,HT29,null
,0.016110300564989796,,3.0,HT29,null
,0.41016104014169974,,3.0,HT29,null
,0.0726248866246599,,3.0,HT29,null
,-0.09914161862009124,,3.0,HT29,null
,0.27309392590172676,,3.0,HT29,null
,0.3177915690221997,,3.0,HT29,null
,-0.07385206600931622,,3.0,HT29,null
,0.17099268599134212,,3.0,HT29,null
,0.014326265945326565,,3.0,HT29,null
,0.030073981558474544,,3.0,HT29,null
,0.1314922187640768,,3.0,HT29,null
,-0.10121729421953372,,3.0,HT29,null
,0.13103100687212488,,3.0,HT29,null
,-0.09589618996864006,,3.0,HT29,null
,0.18319221632750432,,3.0,HT29,null
,0.4314966040354399,,3.0,HT29,null
,0.09231706638808085,,3.0,HT29,null
,0.10640949952249154,,3.0,HT29,null
,-0.045289165386798794,,3.0,HT29,null
,0.17854241450400302,,3.0,HT29,null
,-0.06107818565941385,,3.0,HT29,null
,0.03274975420744593,,3.0,HT29,null
,0.2065394871979836,,3.0,HT29,null
,0.04181575940490401,,3.0,HT29,null
,0.1998841627441257,,3.0,HT29,null
,0.061487290555037315,,3.0,HT29,null
,0.0765072269390467,,3.0,HT29,null
,0.006273673832251754,,3.0,HT29,null
,-0.042001843141712195,,3.0,HT29,null
,0.521589252185946,,3.0,HT29,null
,0.10322187663670991,,3.0,HT29,null
,0.05330768390579384,,3.0,HT29,null
,0.2595528342608947,,3.0,HT29,null
,0.16832893289897247,,3.0,HT29,null
,0.008777623424004465,,3.0,HT29,null
,0.45750327860860474,,3.0,HT29,null
,0.2179134308963495,,3.0,HT29,null
,0.2906642134608751,,3.0,HT29,null
,0.1337231905758486,,3.0,HT29,null
,0.1694260162783714,,3.0,HT29,null
,-0.09015288858292568,,3.0,HT29,null
,0.004673991182465195,,3.0,HT29,null
,0.21384784810988805,,3.0,HT29,null
,0.03791652175984281,,3.0,HT29,null
,0.20389858946912304,,3.0,HT29,null
,0.2918249450764767,,3.0,HT29,null
,0.22671603675911256,,3.0,HT29,null
,0.034677355434135464,,3.0,HT29,null
,-0.08052669588980638,,3.0,HT29,null
,0.24466447187003343,,3.0,HT29,null
,0.1505539151258257,,3.0,HT29,null
,-0.08542883872548378,,3.0,HT29,null
,0.2679118861966825,,3.0,HT29,null
,-0.1176209598865677,,3.0,HT29,null
,0.023042201945735113,,3.0,HT29,null
,0.14075014575525083,,3.0,HT29,null
,0.23981970773232053,,3.0,HT29,null
,0.07895052458429995,,3.0,HT29,null
,0.30754984046929895,,3.0,HT29,null
,0.19467555920872065,,3.0,HT29,null
,0.06060376644634052,,3.0,HT29,null
,0.20545145246318158,,3.0,HT29,null
,0.3087527079161193,,3.0,HT29,null
,0.07069307828527227,,3.0,HT29,null
,0.15462627931305983,,3.0,HT29,null
,0.05211844034419711,,3.0,HT29,null
,-0.015397762815051803,,3.0,HT29,null
,-0.2076095903487506,,3.0,HT29,null
,0.3753382680301228,,3.0,HT29,null
,-0.12796402769332865,,3.0,HT29,null
,0.24158006133862375,,3.0,HT29,null
,-0.08126239529548396,,3.0,HT29,null
,-0.09759745607623665,,3.0,HT29,null
,0.037805793779326996,,3.0,HT29,null
,0.1769340689426958,,3.0,HT29,null
,0.3848482557205162,,3.0,HT29,null
,0.2007996520162572,,3.0,HT29,null
,0.01831642467747158,,3.0,HT29,null
,0.08899634994317265,,3.0,HT29,null
,0.08125576423501381,,3.0,HT29,null
,0.01285637512913905,,3.0,HT29,null
,0.09979765588530823,,3.0,HT29,null
,0.09149941436577566,,3.0,HT29,null
,0.14466464147072428,,3.0,HT29,null
,0.14669437812488076,,3.0,HT29,null
,0.013914725806392303,,3.0,HT29,null
,0.3182006373796138,,3.0,HT29,null
,0.1717230552253846,,3.0,HT29,null
,0.05809713487403988,,3.0,HT29,null
,0.07696249513614799,,3.0,HT29,null
,0.31588117604516175,,3.0,HT29,null
,0.20154158492700158,,3.0,HT29,null
,-0.18790442435690807,,3.0,HT29,null
,0.053029767017900825,,3.0,HT29,null
,0.2598678522691207,,3.0,HT29,null
,-0.03734572038118118,,3.0,HT29,null
,0.018523995544909425,,3.0,HT29,null
,-0.08819157192388485,,3.0,HT29,null
,0.15903344051043208,,3.0,HT29,null
,0.11539975938182659,,3.0,HT29,null
,-0.028307381814041802,,3.0,HT29,null
,0.21461209534878842,,3.0,HT29,null
,0.3078519245320834,,3.0,HT29,null
,0.32545106542133384,,3.0,HT29,null
,0.16105531611219404,,3.0,HT29,null
,-0.20277822302936133,,3.0,HT29,null
,0.042026899333906194,,3.0,HT29,null
,-0.006222076102180049,,3.0,HT29,null
,0.11370640120492936,,3.0,HT29,null
,0.0511601773626471,,3.0,HT29,null
,0.3457187185799657,,3.0,HT29,null
,0.19767154012489455,,3.0,HT29,null
,0.2584162630188981,,3.0,HT29,null
,0.2250251936496212,,3.0,HT29,null
,-0.05535986626735178,,3.0,HT29,null
,0.3612027252390546,,3.0,HT29,null
,0.337282183818897,,3.0,HT29,null
,0.01726497391749341,,3.0,HT29,null
,-0.066871538218882,,3.0,HT29,null
,0.043871493674217596,,3.0,HT29,null
,-0.03838927943608836,,3.0,HT29,null
,0.12410551179168441,,3.0,HT29,null
,0.03257978215792939,,3.0,HT29,null
,0.48063370559311097,,3.0,HT29,null
,-0.011289424646216639,,3.0,HT29,null
,-0.0051009814641723005,,3.0,HT29,null
,-0.010943010243656397,,3.0,HT29,null
,0.03442807304292555,,3.0,HT29,null
,0.3166524959030152,,3.0,HT29,null
,0.29353696542639585,,3.0,HT29,null
,0.37803410787669045,,3.0,HT29,null
,0.07657626090823502,,3.0,HT29,null
,0.36000019372217384,,3.0,HT29,null
,0.29699581283586607,,3.0,HT29,null
,0.12569813989333206,,3.0,HT29,null
,0.03110473645307333,,3.0,HT29,null
,0.05685903574777719,,3.0,HT29,null
,0.3729329873567319,,3.0,HT29,null
,0.11910803205260873,,3.0,HT29,null
,0.10420076476585602,,3.0,HT29,null
,0.15760336529720498,,3.0,HT29,null
,0.006798011155426872,,3.0,HT29,null
,0.04697034269790976,,3.0,HT29,null
,0.08088503792521755,,3.0,HT29,null
,-0.16494707007693174,,3.0,HT29,null
,0.06004117003757049,,3.0,HT29,null
,-0.1132048787488531,,3.0,HT29,null
,0.08348371856220277,,3.0,HT29,null
,0.08621166920051025,,3.0,HT29,null
,-0.03290990918484233,,3.0,HT29,null
,0.3275360484276876,,3.0,HT29,null
,0.27703632628007646,,3.0,HT29,null
,0.29709504137185755,,3.0,HT29,null
,0.002092097594823275,,3.0,HT29,null
,0.1154273055950815,,3.0,HT29,null
,0.19843211570847938,,3.0,HT29,null
,-0.08781071770452013,,3.0,HT29,null
,-0.002994815502442995,,3.0,HT29,null
,-0.06623115638562334,,3.0,HT29,null
,0.03478021873418282,,3.0,HT29,null
,0.2753866293823093,,3.0,HT29,null
,0.0538600607888612,,3.0,HT29,null
,0.28215090093941825,,3.0,HT29,null
,-0.07364624502098337,,3.0,HT29,null
,0.22586004143165828,,3.0,HT29,null
,0.15663537119283294,,3.0,HT29,null
,0.0057450052153810195,,3.0,HT29,null
,-0.0008550094356746399,,3.0,HT29,null
,0.14109770473125202,,3.0,HT29,null
,0.14239718072936872,,3.0,HT29,null
,0.01590502167897305,,3.0,HT29,null
,-0.028707763556372008,,3.0,HT29,null
,0.1847976792896856,,3.0,HT29,null
,0.1537340927043072,,3.0,HT29,null
,0.018938505931172203,,3.0,HT29,null
,-0.08936424512670521,,3.0,HT29,null
,0.147973826597,,3.0,HT29,null
,0.04980593050745865,,3.0,HT29,null
,0.18155197569061438,,4.0,HT29,null
,-0.14987253328433228,,4.0,HT29,null
,0.35297125215947767,,4.0,HT29,null
,0.1465743759094753,,4.0,HT29,null
,0.14790518114309564,,4.0,HT29,null
,0.4051557594818711,,4.0,HT29,null
,0.3641332188245357,,4.0,HT29,null
,0.00906495295170806,,4.0,HT29,null
,0.2137802413078503,,4.0,HT29,null
,0.23146704160627796,,4.0,HT29,null
,-0.06627264164777436,,4.0,HT29,null
,0.150775305473014,,4.0,HT29,null
,0.03974991055056478,,4.0,HT29,null
,0.39365437811041304,,4.0,HT29,null
,-0.19484529816488907,,4.0,HT29,null
,0.2207381254295251,,4.0,HT29,null
,-0.06668475430365173,,4.0,HT29,null
,0.2681764413714016,,4.0,HT29,null
,0.4626471456154317,,4.0,HT29,null
,0.15155043213382416,,4.0,HT29,null
,0.24390608521461365,,4.0,HT29,null
,0.009326344402653487,,4.0,HT29,null
,0.18348730028517232,,4.0,HT29,null
,0.26269691253068317,,4.0,HT29,null
,-0.07771287134371357,,4.0,HT29,null
,-0.03915998230122994,,4.0,HT29,null
,0.0635863579086785,,4.0,HT29,null
,0.4700563261080541,,4.0,HT29,null
,0.5747958283265876,,4.0,HT29,null
,0.12370607810267267,,4.0,HT29,null
,0.4348465528928292,,4.0,HT29,null
,-0.09040067008830532,,4.0,HT29,null
,0.051789367812652434,,4.0,HT29,null
,-0.032217016988462244,,4.0,HT29,null
,0.15231016452764717,,4.0,HT29,null
,-0.0745949097929465,,4.0,HT29,null
,0.07677129359862747,,4.0,HT29,null
,0.05226014219268507,,4.0,HT29,null
,0.16020009898280999,,4.0,HT29,null
,-0.0016423622965482665,,4.0,HT29,null
,0.15600843595618702,,4.0,HT29,null
,0.20948535752214648,,4.0,HT29,null
,0.04233286595112799,,4.0,HT29,null
,0.18234382028576082,,4.0,HT29,null
,-0.0044447241473616235,,4.0,HT29,null
,0.20515783665332726,,4.0,HT29,null
,0.00392094139586359,,4.0,HT29,null
,0.08302861745899569,,4.0,HT29,null
,0.07527403609631261,,4.0,HT29,null
,-0.01100279773127871,,4.0,HT29,null
,-0.025918244947862136,,4.0,HT29,null
,0.38707461263662546,,4.0,HT29,null
,0.04356335707435453,,4.0,HT29,null
,0.16914988055796604,,4.0,HT29,null
,-0.0808183126664437,,4.0,HT29,null
,0.10542292535361973,,4.0,HT29,null
,-0.08703434172223039,,4.0,HT29,null
,-0.007047105043642223,,4.0,HT29,null
,0.06867021908877158,,4.0,HT29,null
,0.2648809818988289,,4.0,HT29,null
,0.2966235518059666,,4.0,HT29,null
,0.08634518587881496,,4.0,HT29,null
,0.2496468246117174,,4.0,HT29,null
,0.11686565710200769,,4.0,HT29,null
,0.07623273793136315,,4.0,HT29,null
,0.29997524142087095,,4.0,HT29,null
,-0.08874282209598429,,4.0,HT29,null
,-0.028042869233561824,,4.0,HT29,null
,0.16830559706161216,,4.0,HT29,null
,-0.006300479063088036,,4.0,HT29,null
,0.26773256000366535,,4.0,HT29,null
,0.012732031681499063,,4.0,HT29,null
,-0.08695417248382462,,4.0,HT29,null
,0.04826050153471964,,4.0,HT29,null
,0.4187766945410948,,4.0,HT29,null
,0.24497111491393114,,4.0,HT29,null
,0.21699934422508615,,4.0,HT29,null
,0.3116400035938801,,4.0,HT29,null
,0.19207954048886786,,4.0,HT29,null
,0.11198327668012933,,4.0,HT29,null
,0.04327906495790648,,4.0,HT29,null
,0.30952168272121877,,4.0,HT29,null
,0.3191841465556863,,4.0,HT29,null
,-0.03775810005005273,,4.0,HT29,null
,0.02452273129759498,,4.0,HT29,null
,0.12160545118881962,,4.0,HT29,null
,-0.036256260823576615,,4.0,HT29,null
,0.049091547981547176,,4.0,HT29,null
,0.3856060582790046,,4.0,HT29,null
,0.04742057061089411,,4.0,HT29,null
,-0.012292482510888606,,4.0,HT29,null
,0.38078774919229846,,4.0,HT29,null
,0.06269572317403752,,4.0,HT29,null
,0.1714922036922634,,4.0,HT29,null
,0.22567086397579406,,4.0,HT29,null
,0.2504065653496528,,4.0,HT29,null
,0.057171426747925636,,4.0,HT29,null
,0.09990738348668876,,4.0,HT29,null
,0.008621753009103122,,4.0,HT29,null
,0.04626184787269287,,4.0,HT29,null
,0.0757321808501419,,4.0,HT29,null
,0.29014962061265925,,4.0,HT29,null
,0.10622742627543838,,4.0,HT29,null
,0.1491141347493817,,4.0,HT29,null
,0.19203939875649528,,4.0,HT29,null
,0.005707235979671113,,4.0,HT29,null
,0.27498497808768535,,4.0,HT29,null
,-0.12314545384125086,,4.0,HT29,null
,-0.05771432930875779,,4.0,HT29,null
,0.27952417717151923,,4.0,HT29,null
,0.04743227149941294,,4.0,HT29,null
,0.04937873907264702,,4.0,HT29,null
,0.1295473328308206,,4.0,HT29,null
,0.3893331227431662,,4.0,HT29,null
,0.05161506039884082,,4.0,HT29,null
,0.009851979807397757,,4.0,HT29,null
,0.02647610874160604,,4.0,HT29,null
,-0.07251740548936127,,4.0,HT29,null
,0.2775257868814852,,4.0,HT29,null
,-0.011647658359229221,,4.0,HT29,null
,0.44749022555416784,,4.0,HT29,null
,0.10229424187878652,,4.0,HT29,null
,0.12464911118500006,,4.0,HT29,null
,0.1164753401583756,,4.0,HT29,null
,0.002492443157384148,,4.0,HT29,null
,-0.046678560015722625,,4.0,HT29,null
,0.14502589143734976,,4.0,HT29,null
,0.17553032855850953,,4.0,HT29,null
,0.13824515594612402,,4.0,HT29,null
,0.678850003111821,,4.0,HT29,null
,0.17405510201310206,,4.0,HT29,null
,0.1325890460524621,,4.0,HT29,null
,0.2842018371011531,,4.0,HT29,null
,-0.0184604442763889,,4.0,HT29,null
,0.027791510190357756,,4.0,HT29,null
,0.13481874639981145,,4.0,HT29,null
,0.24748440062695137,,4.0,HT29,null
,0.07881428938348689,,4.0,HT29,null
,0.18177837784152898,,4.0,HT29,null
,0.36041679574594243,,4.0,HT29,null
,0.16422969939383425,,4.0,HT29,null
,0.19670861193535039,,4.0,HT29,null
,0.031698548079394095,,4.0,HT29,null
,0.022948613797142123,,4.0,HT29,null
,0.07189897403454333,,4.0,HT29,null
,0.1826616660493182,,4.0,HT29,null
,0.26222013756224544,,4.0,HT29,null
,-0.13613506505100864,,4.0,HT29,null
,0.0838875260533041,,4.0,HT29,null
,0.027560090368141717,,4.0,HT29,null
,-0.030702483487826594,,4.0,HT29,null
,0.07811644948986192,,4.0,HT29,null
,0.35390094893699114,,4.0,HT29,null
,-0.10189470625190392,,4.0,HT29,null
,0.6441796888993131,,4.0,HT29,null
,0.25084873734515156,,4.0,HT29,null
,-0.17009514564149922,,4.0,HT29,null
,0.2886655742389914,,4.0,HT29,null
,0.021628313137128895,,4.0,HT29,null
,0.29964118257596617,,4.0,HT29,null
,-0.08285743896826521,,4.0,HT29,null
,-0.06151524432397944,,4.0,HT29,null
,0.19942376905505899,,4.0,HT29,null
,-0.00013188258447255005,,4.0,HT29,null
,0.19007378327831545,,4.0,HT29,null
,0.0769496090101483,,4.0,HT29,null
,0.28600249645887227,,4.0,HT29,null
,-0.042465955093621076,,4.0,HT29,null
,0.31267854160787106,,4.0,HT29,null
,-0.05897041527598234,,4.0,HT29,null
,-0.14940785635732073,,4.0,HT29,null
,0.3515214540742489,,4.0,HT29,null
,0.17842819277183167,,4.0,HT29,null
,0.2842077515712474,,4.0,HT29,null
,0.08573646745414021,,4.0,HT29,null
,0.06441767577321234,,4.0,HT29,null
,0.20934062540347204,,4.0,HT29,null
,-0.07964848850610584,,4.0,HT29,null
,0.24769313978181356,,4.0,HT29,null
,0.30104901906964104,,4.0,HT29,null
,0.2296670060299968,,4.0,HT29,null
,0.026078666001920048,,4.0,HT29,null
,0.11449290401192869,,4.0,HT29,null
,0.4058844297409292,,4.0,HT29,null
,0.08120966199146826,,4.0,HT29,null
,0.07301020240386216,,4.0,HT29,null
,0.21255978434657316,,4.0,HT29,null
,-0.03511887492923555,,4.0,HT29,null
,0.06274285695971674,,4.0,HT29,null
,-0.07889584829782936,,4.0,HT29,null
,-0.036832374979503056,,4.0,HT29,null
,-0.050252954904354996,,4.0,HT29,null
,-0.0827188085575746,,4.0,HT29,null
,-0.04805274841971527,,4.0,HT29,null
,0.18147495782707845,,4.0,HT29,null
,-0.11397191191949352,,4.0,HT29,null
,-0.037611886028898714,,4.0,HT29,null
,0.19417572503540476,,4.0,HT29,null
,0.030414494522563167,,4.0,HT29,null
,-0.027071527604923307,,4.0,HT29,null
,0.2792192278333182,,4.0,HT29,null
,0.5322428819921794,,4.0,HT29,null
,0.084040086282233,,4.0,HT29,null
,-0.17633318366713782,,4.0,HT29,null
,0.22984852870334724,,4.0,HT29,null
,0.16940305894588964,,4.0,HT29,null
,-0.11171402523015606,,4.0,HT29,null
,0.1350615692716107,,4.0,HT29,null
