,Metadata_name,Metadata_cmpdname,Metadata_cmpd_conc,Metadata_conc_step,Metadata_PlateWell,grit,data_type,cell_line
17,dmso,dmso,0.1,1.0,B22_PB000137,-0.003406147234921539,MIP,HCT116
32,fenb,fenb,2.5,1.0,C19_PB000137,2.0311878655615834,MIP,HCT116
54,etop,etop,2.5,1.0,D23_PB000137,5.549371535248812,MIP,HCT116
66,dmso,dmso,0.1,1.0,E16_PB000137,0.02281076502008372,MIP,HCT116
78,dmso,dmso,0.1,1.0,F06_PB000137,-0.10145111510153475,MIP,HCT116
91,dmso,dmso,0.1,1.0,F20_PB000137,0.06083874490027294,MIP,HCT116
93,dmso,dmso,0.1,1.0,G02_PB000137,-0.10540932782879009,MIP,HCT116
101,dmso,dmso,0.1,1.0,G13_PB000137,-0.02723289794538502,MIP,HCT116
119,dmso,dmso,0.1,1.0,H10_PB000137,0.1440158576902163,MIP,HCT116
126,dmso,dmso,0.1,1.0,H17_PB000137,0.11169277301043565,MIP,HCT116
137,fenb,fenb,2.5,1.0,I06_PB000137,3.157408180150823,MIP,HCT116
151,dmso,dmso,0.1,1.0,I21_PB000137,0.04297182803683814,MIP,HCT116
178,dmso,dmso,0.1,1.0,K11_PB000137,0.00034976807120135935,MIP,HCT116
188,stau,stau,0.1,1.0,K22_PB000137,1.9274476690144065,MIP,HCT116
193,dmso,dmso,0.1,1.0,L07_PB000137,0.08462256047168516,MIP,HCT116
204,dmso,dmso,0.1,1.0,L18_PB000137,0.04041439012871963,MIP,HCT116
209,etop,etop,2.5,1.0,M02_PB000137,2.7850323487245614,MIP,HCT116
228,dmso,dmso,0.1,1.0,M23_PB000137,0.04576982579424718,MIP,HCT116
238,dmso,dmso,0.1,1.0,N15_PB000137,-0.13461106303959136,MIP,HCT116
263,abema,abemaciclib (LY2835219),3.0,3.0,B03_PB000139,4.465506698395158,MIP,HCT116
264,dmso,dmso,0.1,1.0,B04_PB000139,0.05000522240546212,MIP,HCT116
270,Binim,"Binimetinib (MEK162, ARRY-162, ARRY-438162)",10.0,4.0,C03_PB000139,5.504010575590943,MIP,HCT116
272,Binim,"Binimetinib (MEK162, ARRY-162, ARRY-438162)",1.0,2.0,C05_PB000139,6.1346178682327075,MIP,HCT116
276,dmso,dmso,0.1,1.0,C10_PB000139,-0.03275136759657717,MIP,HCT116
278,SN-38,SN-38,0.1,2.0,C12_PB000139,5.604413096393083,MIP,HCT116
281,SN-38,SN-38,0.03,1.0,D06_PB000139,5.574608553429263,MIP,HCT116
283,SN-38,SN-38,0.3,3.0,D08_PB000139,5.186797119093328,MIP,HCT116
284,abema,abemaciclib (LY2835219),10.0,4.0,D09_PB000139,4.035931211808689,MIP,HCT116
286,Binim,"Binimetinib (MEK162, ARRY-162, ARRY-438162)",10.0,4.0,D11_PB000139,5.513858274235851,MIP,HCT116
293,SN-38,SN-38,0.1,2.0,E10_PB000139,5.419269677473503,MIP,HCT116
294,abema,abemaciclib (LY2835219),1.0,2.0,E11_PB000139,4.80095975624522,MIP,HCT116
298,etop,etop,2.5,1.0,F06_PB000139,3.0709610707395263,MIP,HCT116
302,dmso,dmso,0.1,1.0,G03_PB000139,-0.1082664362783847,MIP,HCT116
304,Binim,"Binimetinib (MEK162, ARRY-162, ARRY-438162)",3.0,3.0,G05_PB000139,5.985450897973024,MIP,HCT116
307,abema,abemaciclib (LY2835219),3.0,3.0,G08_PB000139,3.213018741839546,MIP,HCT116
308,fenb,fenb,2.5,1.0,G09_PB000139,2.907309177018188,MIP,HCT116
309,Binim,"Binimetinib (MEK162, ARRY-162, ARRY-438162)",1.0,2.0,G11_PB000139,5.007275994850712,MIP,HCT116
319,Binim,"Binimetinib (MEK162, ARRY-162, ARRY-438162)",3.0,3.0,I02_PB000139,5.263087182625157,MIP,HCT116
321,dmso,dmso,0.1,1.0,I06_PB000139,-0.08848585992134289,MIP,HCT116
327,SN-38,SN-38,0.03,1.0,J06_PB000139,5.207988646721151,MIP,HCT116
338,dmso,dmso,0.1,1.0,K09_PB000139,0.25908269694005004,MIP,HCT116
340,SN-38,SN-38,1.0,4.0,K11_PB000139,4.8404614272083775,MIP,HCT116
342,abema,abemaciclib (LY2835219),0.3,1.0,L06_PB000139,4.591219608472149,MIP,HCT116
347,stau,stau,0.1,1.0,L12_PB000139,3.1334979721135547,MIP,HCT116
354,abema,abemaciclib (LY2835219),1.0,2.0,M09_PB000139,4.22217921946457,MIP,HCT116
358,abema,abemaciclib (LY2835219),0.3,1.0,N03_PB000139,5.769112521936988,MIP,HCT116
360,dmso,dmso,0.1,1.0,N05_PB000139,0.010259480559950043,MIP,HCT116
370,dmso,dmso,0.1,1.0,O11_PB000139,0.13334218169470313,MIP,HCT116
386,dmso,dmso,0.1,1.0,B22_PB000138,0.028408328625463858,MIP,HCT116
390,dmso,dmso,0.1,1.0,C05_PB000138,-0.13353578286109696,MIP,HCT116
402,fenb,fenb,2.5,1.0,C19_PB000138,2.273260041980774,MIP,HCT116
424,etop,etop,2.5,1.0,D23_PB000138,2.9816506355374623,MIP,HCT116
435,dmso,dmso,0.1,1.0,E16_PB000138,-0.008096943232516324,MIP,HCT116
446,dmso,dmso,0.1,1.0,F06_PB000138,0.1477017984163201,MIP,HCT116
462,dmso,dmso,0.1,1.0,G02_PB000138,0.11317436522659935,MIP,HCT116
468,dmso,dmso,0.1,1.0,G13_PB000138,-0.004603816596422276,MIP,HCT116
491,dmso,dmso,0.1,1.0,H17_PB000138,0.023232703391966644,MIP,HCT116
500,fenb,fenb,2.5,1.0,I06_PB000138,3.748148577689304,MIP,HCT116
514,dmso,dmso,0.1,1.0,I21_PB000138,-0.004618499094533456,MIP,HCT116
517,dmso,dmso,0.1,1.0,J03_PB000138,-0.17942891208531028,MIP,HCT116
527,dmso,dmso,0.1,1.0,J14_PB000138,-0.02441942451682161,MIP,HCT116
540,dmso,dmso,0.1,1.0,K11_PB000138,-0.19039418842070377,MIP,HCT116
550,stau,stau,0.1,1.0,K22_PB000138,-0.4664617478388614,MIP,HCT116
555,dmso,dmso,0.1,1.0,L07_PB000138,0.10216591382676127,MIP,HCT116
565,dmso,dmso,0.1,1.0,L18_PB000138,-0.06119635691472103,MIP,HCT116
571,etop,etop,2.5,1.0,M02_PB000138,1.2171495156023349,MIP,HCT116
592,dmso,dmso,0.1,1.0,M23_PB000138,0.062014621669984636,MIP,HCT116
595,dmso,dmso,0.1,1.0,N04_PB000138,-0.3841430363883032,MIP,HCT116
602,dmso,dmso,0.1,1.0,N15_PB000138,0.15056795699753506,MIP,HCT116
617,dmso,dmso,0.1,1.0,O09_PB000138,0.02543683472023889,MIP,HCT116
630,abema,abemaciclib (LY2835219),3.0,3.0,B03_PB000140,3.6573509335422196,MIP,HCT116
637,Binim,"Binimetinib (MEK162, ARRY-162, ARRY-438162)",0.3,1.0,B11_PB000140,5.839726290889208,MIP,HCT116
641,Binim,"Binimetinib (MEK162, ARRY-162, ARRY-438162)",1.0,2.0,C05_PB000140,6.33292766752181,MIP,HCT116
644,dmso,dmso,0.1,1.0,C10_PB000140,-0.11480739585535557,MIP,HCT116
646,SN-38,SN-38,0.1,2.0,C12_PB000140,3.775850733228172,MIP,HCT116
649,SN-38,SN-38,0.03,1.0,D06_PB000140,4.464614918361218,MIP,HCT116
651,SN-38,SN-38,0.3,3.0,D08_PB000140,4.527054110755123,MIP,HCT116
653,Binim,"Binimetinib (MEK162, ARRY-162, ARRY-438162)",10.0,4.0,D11_PB000140,4.931465347861068,MIP,HCT116
660,abema,abemaciclib (LY2835219),1.0,2.0,E11_PB000140,4.209700486086549,MIP,HCT116
664,etop,etop,2.5,1.0,F06_PB000140,3.0136035182211987,MIP,HCT116
668,dmso,dmso,0.1,1.0,G03_PB000140,-0.08982210860015745,MIP,HCT116
670,Binim,"Binimetinib (MEK162, ARRY-162, ARRY-438162)",3.0,3.0,G05_PB000140,4.391268763340024,MIP,HCT116
673,abema,abemaciclib (LY2835219),3.0,3.0,G08_PB000140,4.860761852942897,MIP,HCT116
674,fenb,fenb,2.5,1.0,G09_PB000140,2.392328903886781,MIP,HCT116
675,Binim,"Binimetinib (MEK162, ARRY-162, ARRY-438162)",1.0,2.0,G11_PB000140,4.887584365939472,MIP,HCT116
687,dmso,dmso,0.1,1.0,H12_PB000140,0.03137075833240651,MIP,HCT116
690,dmso,dmso,0.1,1.0,I06_PB000140,0.03860840643581768,MIP,HCT116
697,abema,abemaciclib (LY2835219),10.0,4.0,J04_PB000140,3.8894007505900534,MIP,HCT116
699,SN-38,SN-38,0.03,1.0,J06_PB000140,4.684240247598139,MIP,HCT116
708,dmso,dmso,0.1,1.0,K09_PB000140,0.09319452034679104,MIP,HCT116
710,SN-38,SN-38,1.0,4.0,K11_PB000140,4.79468792458635,MIP,HCT116
715,abema,abemaciclib (LY2835219),0.3,1.0,L06_PB000140,4.4494803416271935,MIP,HCT116
717,stau,stau,0.1,1.0,L12_PB000140,1.197880500714172,MIP,HCT116
723,abema,abemaciclib (LY2835219),1.0,2.0,M09_PB000140,4.818243724792209,MIP,HCT116
728,abema,abemaciclib (LY2835219),0.3,1.0,N03_PB000140,5.2181342333115746,MIP,HCT116
741,dmso,dmso,0.1,1.0,O07_PB000140,-0.05861424471076829,MIP,HCT116
744,Binim,"Binimetinib (MEK162, ARRY-162, ARRY-438162)",0.3,1.0,O10_PB000140,6.331681243099794,MIP,HCT116
745,dmso,dmso,0.1,1.0,O11_PB000140,0.014999540842135207,MIP,HCT116
748,abema,abemaciclib (LY2835219),3.0,3.0,B14_PB000139,4.636602765292608,MIP,HT29
754,Binim,"Binimetinib (MEK162, ARRY-162, ARRY-438162)",0.3,1.0,B22_PB000139,6.122390198687491,MIP,HT29
756,Binim,"Binimetinib (MEK162, ARRY-162, ARRY-438162)",10.0,4.0,C14_PB000139,6.61338966693229,MIP,HT29
757,Binim,"Binimetinib (MEK162, ARRY-162, ARRY-438162)",1.0,2.0,C16_PB000139,6.0462073936622565,MIP,HT29
762,dmso,dmso,0.1,1.0,C21_PB000139,-0.2635277817018559,MIP,HT29
764,SN-38,SN-38,0.1,2.0,C23_PB000139,4.407566553551719,MIP,HT29
766,SN-38,SN-38,0.3,3.0,D14_PB000139,5.76294882594932,MIP,HT29
768,SN-38,SN-38,0.03,1.0,D17_PB000139,5.057178970769196,MIP,HT29
769,SN-38,SN-38,0.3,3.0,D19_PB000139,6.760892435024815,MIP,HT29
770,abema,abemaciclib (LY2835219),10.0,4.0,D20_PB000139,5.021155645178097,MIP,HT29
772,dmso,dmso,0.1,1.0,E13_PB000139,0.07930635469061388,MIP,HT29
779,SN-38,SN-38,0.1,2.0,E21_PB000139,5.092304860553437,MIP,HT29
780,abema,abemaciclib (LY2835219),1.0,2.0,E22_PB000139,4.361161865427985,MIP,HT29
786,etop,etop,2.5,1.0,F17_PB000139,2.857592590785443,MIP,HT29
788,SN-38,SN-38,1.0,4.0,F19_PB000139,3.401675512850056,MIP,HT29
794,dmso,dmso,0.1,1.0,G14_PB000139,-0.044803114985101755,MIP,HT29
796,Binim,"Binimetinib (MEK162, ARRY-162, ARRY-438162)",3.0,3.0,G16_PB000139,6.909135709658241,MIP,HT29
799,fenb,fenb,2.5,1.0,G20_PB000139,1.550435596425766,MIP,HT29
801,Binim,"Binimetinib (MEK162, ARRY-162, ARRY-438162)",1.0,2.0,G22_PB000139,5.686719289674831,MIP,HT29
810,dmso,dmso,0.1,1.0,H23_PB000139,0.07453118707282066,MIP,HT29
813,dmso,dmso,0.1,1.0,I17_PB000139,-0.07018327867170769,MIP,HT29
820,SN-38,SN-38,0.03,1.0,J17_PB000139,4.933618321945609,MIP,HT29
834,dmso,dmso,0.1,1.0,K20_PB000139,0.11520590339204193,MIP,HT29
836,SN-38,SN-38,1.0,4.0,K22_PB000139,1.8128552651020888,MIP,HT29
842,abema,abemaciclib (LY2835219),0.3,1.0,L17_PB000139,2.2587088163936486,MIP,HT29
846,stau,stau,0.1,1.0,L23_PB000139,2.1515400178567523,MIP,HT29
853,abema,abemaciclib (LY2835219),1.0,2.0,M20_PB000139,2.6582728551573935,MIP,HT29
857,abema,abemaciclib (LY2835219),0.3,1.0,N14_PB000139,3.025097351945162,MIP,HT29
859,dmso,dmso,0.1,1.0,N16_PB000139,0.22016925648155664,MIP,HT29
869,dmso,dmso,0.1,1.0,O18_PB000139,0.09100154422464787,MIP,HT29
872,Binim,"Binimetinib (MEK162, ARRY-162, ARRY-438162)",0.3,1.0,O21_PB000139,6.87276868968795,MIP,HT29
873,dmso,dmso,0.1,1.0,O22_PB000139,0.13354139389447464,MIP,HT29
890,dmso,dmso,0.1,1.0,C05_PB000141,-0.23246218042025474,MIP,HT29
899,fenb,fenb,2.5,1.0,C19_PB000141,3.762221266532915,MIP,HT29
911,dmso,dmso,0.1,1.0,D12_PB000141,0.110949221367232,MIP,HT29
920,etop,etop,2.5,1.0,D23_PB000141,4.378045892115578,MIP,HT29
927,stau,stau,0.1,1.0,E09_PB000141,3.209915649701373,MIP,HT29
931,dmso,dmso,0.1,1.0,E16_PB000141,-0.1513659045439994,MIP,HT29
953,dmso,dmso,0.1,1.0,G02_PB000141,-0.04423368528417171,MIP,HT29
961,dmso,dmso,0.1,1.0,G13_PB000141,-0.1296864316095513,MIP,HT29
973,dmso,dmso,0.1,1.0,H10_PB000141,-0.04034882397538059,MIP,HT29
980,dmso,dmso,0.1,1.0,H17_PB000141,-0.001788061083085353,MIP,HT29
991,fenb,fenb,2.5,1.0,I06_PB000141,2.399610409566072,MIP,HT29
1003,dmso,dmso,0.1,1.0,I21_PB000141,0.09682378494443274,MIP,HT29
1012,dmso,dmso,0.1,1.0,J14_PB000141,0.10662085821335807,MIP,HT29
1037,stau,stau,0.1,1.0,K22_PB000141,1.926769016408134,MIP,HT29
1043,dmso,dmso,0.1,1.0,L07_PB000141,0.05312713602270552,MIP,HT29
1052,dmso,dmso,0.1,1.0,L18_PB000141,-0.0962359082143185,MIP,HT29
1057,etop,etop,2.5,1.0,M02_PB000141,1.7567179134917872,MIP,HT29
1073,dmso,dmso,0.1,1.0,M23_PB000141,0.22482079308704692,MIP,HT29
1091,dmso,dmso,0.1,1.0,O09_PB000141,-0.04305056088788852,MIP,HT29
1105,abema,abemaciclib (LY2835219),3.0,3.0,B14_PB000140,3.959623497932798,MIP,HT29
1106,dmso,dmso,0.1,1.0,B15_PB000140,0.04977516570150399,MIP,HT29
1112,Binim,"Binimetinib (MEK162, ARRY-162, ARRY-438162)",0.3,1.0,B22_PB000140,5.413897126865374,MIP,HT29
1115,Binim,"Binimetinib (MEK162, ARRY-162, ARRY-438162)",10.0,4.0,C14_PB000140,5.310580033104182,MIP,HT29
1116,Binim,"Binimetinib (MEK162, ARRY-162, ARRY-438162)",1.0,2.0,C16_PB000140,4.632081718711136,MIP,HT29
1121,SN-38,SN-38,0.1,2.0,C23_PB000140,4.262015582412051,MIP,HT29
1123,SN-38,SN-38,0.3,3.0,D14_PB000140,5.719707704399827,MIP,HT29
1125,SN-38,SN-38,0.03,1.0,D17_PB000140,4.313803471560308,MIP,HT29
1126,SN-38,SN-38,0.3,3.0,D19_PB000140,3.4010322941069253,MIP,HT29
1127,abema,abemaciclib (LY2835219),10.0,4.0,D20_PB000140,4.652543624364717,MIP,HT29
1129,Binim,"Binimetinib (MEK162, ARRY-162, ARRY-438162)",10.0,4.0,D22_PB000140,6.632293835117696,MIP,HT29
1131,dmso,dmso,0.1,1.0,E13_PB000140,-0.024603958031081875,MIP,HT29
1136,abema,abemaciclib (LY2835219),1.0,2.0,E22_PB000140,2.8169554640363375,MIP,HT29
1142,etop,etop,2.5,1.0,F17_PB000140,0.9642495118081228,MIP,HT29
1144,SN-38,SN-38,1.0,4.0,F19_PB000140,3.727795950600878,MIP,HT29
1150,Binim,"Binimetinib (MEK162, ARRY-162, ARRY-438162)",3.0,3.0,G16_PB000140,6.442987765045142,MIP,HT29
1153,abema,abemaciclib (LY2835219),3.0,3.0,G19_PB000140,3.7737265707545253,MIP,HT29
1155,Binim,"Binimetinib (MEK162, ARRY-162, ARRY-438162)",1.0,2.0,G22_PB000140,5.8771081446099345,MIP,HT29
1165,dmso,dmso,0.1,1.0,H23_PB000140,0.29212044131492704,MIP,HT29
1166,Binim,"Binimetinib (MEK162, ARRY-162, ARRY-438162)",3.0,3.0,I13_PB000140,5.651108777131128,MIP,HT29
1168,dmso,dmso,0.1,1.0,I17_PB000140,-0.05458577991016002,MIP,HT29
1175,SN-38,SN-38,0.03,1.0,J17_PB000140,3.532627216245565,MIP,HT29
1185,dmso,dmso,0.1,1.0,K20_PB000140,-0.02264690082684156,MIP,HT29
1187,SN-38,SN-38,1.0,4.0,K22_PB000140,2.935220387106292,MIP,HT29
1192,abema,abemaciclib (LY2835219),0.3,1.0,L17_PB000140,3.5616643103526164,MIP,HT29
1203,abema,abemaciclib (LY2835219),1.0,2.0,M20_PB000140,3.0046945239196257,MIP,HT29
1208,abema,abemaciclib (LY2835219),0.3,1.0,N14_PB000140,2.425503804621096,MIP,HT29
1209,dmso,dmso,0.1,1.0,N16_PB000140,-0.031264290027450604,MIP,HT29
1221,dmso,dmso,0.1,1.0,O18_PB000140,0.0803869438413978,MIP,HT29
1224,dmso,dmso,0.1,1.0,O22_PB000140,-0.0017257533818446442,MIP,HT29
1239,dmso,dmso,0.1,1.0,B22_PB000142,-0.23805782187903032,MIP,HT29
1262,dmso,dmso,0.1,1.0,D12_PB000142,-0.07447385510017723,MIP,HT29
1278,stau,stau,0.1,1.0,E09_PB000142,4.335957144555511,MIP,HT29
1283,dmso,dmso,0.1,1.0,E16_PB000142,-0.08565882380611615,MIP,HT29
1291,dmso,dmso,0.1,1.0,F06_PB000142,0.18324515612506442,MIP,HT29
1303,dmso,dmso,0.1,1.0,F20_PB000142,-0.08289632239658697,MIP,HT29
1312,dmso,dmso,0.1,1.0,G13_PB000142,-0.06706653551714285,MIP,HT29
1324,dmso,dmso,0.1,1.0,H10_PB000142,-0.20889171576112067,MIP,HT29
1330,dmso,dmso,0.1,1.0,H17_PB000142,-0.2304289337024193,MIP,HT29
1351,dmso,dmso,0.1,1.0,I21_PB000142,-0.13230864942569276,MIP,HT29
1354,dmso,dmso,0.1,1.0,J03_PB000142,-0.034724779399438944,MIP,HT29
1361,dmso,dmso,0.1,1.0,J14_PB000142,0.15908593005276062,MIP,HT29
1377,dmso,dmso,0.1,1.0,K11_PB000142,0.09799413030543319,MIP,HT29
1392,dmso,dmso,0.1,1.0,L07_PB000142,-0.11905226879260841,MIP,HT29
1402,dmso,dmso,0.1,1.0,L18_PB000142,0.07292937331192756,MIP,HT29
1408,etop,etop,2.5,1.0,M02_PB000142,2.8426472338336763,MIP,HT29
1427,dmso,dmso,0.1,1.0,M23_PB000142,0.16241545931538423,MIP,HT29
1429,dmso,dmso,0.1,1.0,N04_PB000142,0.29338527335817993,MIP,HT29
1438,dmso,dmso,0.1,1.0,N15_PB000142,-0.08797153981884247,MIP,HT29
1449,dmso,dmso,0.1,1.0,O09_PB000142,0.05092993128499464,MIP,HT29
