,Metadata_Site,Location_Center_X_cells,Location_Center_Y_cells
7555,0,595.3217,343.9205
7556,0,479.5426,350.0206
7557,0,392.38596,374.5427
7558,0,579.7081,412.7398
7559,0,499.2351,424.51117
7560,0,640.8522,436.11002
7561,0,363.16306,443.58008
7562,0,400.0237,448.9074
7563,0,542.31934,481.13153
7564,0,455.8442,484.86325
7565,0,386.19748,525.8694
7566,0,561.2851,544.6208
7567,0,451.0911,539.2877
7568,0,513.27026,576.24286
7569,0,456.83865,594.89105
7570,0,380.16785,641.7972
7571,0,462.82373,636.7067
23186,1,628.50195,267.75272
23187,1,430.2987,275.4097
23188,1,483.1034,327.6855
23189,1,587.52014,314.5309
23190,1,400.48547,319.30603
23191,1,326.46503,345.05063
23192,1,383.51334,376.1828
23193,1,595.37286,372.09467
23194,1,673.37354,368.79956
23195,1,505.88763,423.6644
23196,1,287.52917,405.30093
23197,1,439.574,402.7157
23198,1,337.03363,439.1861
23199,1,701.5969,423.13986
23200,1,575.9221,427.64246
23201,1,641.94714,439.57043
23202,1,395.52225,449.92905
23203,1,443.7295,473.76852
23204,1,534.3784,491.08954
23205,1,611.86035,496.82303
23206,1,307.8808,511.03625
23207,1,381.48337,526.2042
23208,1,250.25876,538.44135
23209,1,493.29776,543.34375
23210,1,566.8338,551.3857
23211,1,610.4866,587.8445
23212,1,337.10254,589.9412
23213,1,440.62918,584.2607
23214,1,535.1,610.2588
23215,1,377.88174,646.4302
23216,1,463.4832,641.69226
46474,2,531.3956,197.93695
46475,2,589.4559,233.96175
46476,2,631.2905,258.2352
46477,2,430.89865,267.1801
46478,2,646.8281,302.56506
46479,2,359.76163,287.15924
46480,2,570.53644,295.5249
46481,2,489.27075,297.3573
46482,2,402.85867,326.23984
46483,2,678.93945,328.63348
46484,2,324.44342,345.29254
46485,2,556.5027,355.13846
46486,2,484.34976,360.8923
46487,2,375.31454,373.7038
46488,2,609.9197,375.54388
46489,2,665.5513,380.15268
46490,2,281.85352,400.7405
46491,2,426.66046,403.83255
46492,2,691.4098,426.7393
46493,2,349.04364,416.5043
46494,2,585.89246,426.21606
46495,2,502.6735,430.24796
46496,2,250.61519,459.95007
46497,2,424.18784,466.90488
46498,2,332.78296,464.73343
46499,2,615.5875,497.46875
46500,2,535.83685,496.104
46501,2,679.3447,490.71997
46502,2,471.35257,503.43732
46503,2,366.166,515.3783
46504,2,250.81786,536.4133
46505,2,445.47498,571.17114
46506,2,573.92633,541.11017
46507,2,502.6178,550.4925
46508,2,609.4897,582.8674
46509,2,361.3745,575.318
46510,2,541.23773,606.27264
46511,2,333.75085,616.5211
46512,2,405.82388,620.1613
46513,2,461.50937,654.991
46514,2,389.92084,670.0438
46515,2,324.9045,678.9324
46516,2,496.41766,706.95807
46517,2,426.86243,706.8406
77031,3,540.7559,155.17691
77032,3,596.875,190.18564
77033,3,527.9663,208.27296
77034,3,432.90222,224.86887
77035,3,629.7888,244.63127
77036,3,539.3282,255.53883
77037,3,485.36697,276.24603
77038,3,348.9067,282.45148
77039,3,419.45465,272.03528
77040,3,576.61115,291.49835
77041,3,636.8036,302.04282
77042,3,692.72974,332.13474
77043,3,540.0142,322.63278
77044,3,410.2888,321.3168
77045,3,326.39508,348.8184
77046,3,284.74054,344.20978
77047,3,476.9715,360.38416
77048,3,387.2073,362.75647
77049,3,610.35065,374.34152
77050,3,233.25711,377.98386
77051,3,681.11774,408.1749
77052,3,296.15442,419.8416
77053,3,558.4559,406.0617
77054,3,349.1824,415.41904
77055,3,410.4081,408.6018
77056,3,503.06668,417.54947
77057,3,448.83218,449.46863
77058,3,232.26744,440.0804
77059,3,607.39136,487.31866
77060,3,689.1214,488.25122
77061,3,511.44345,467.22867
77062,3,335.97452,478.80823
77063,3,254.06944,487.58994
77064,3,468.33136,500.63077
77065,3,547.92474,528.7874
77066,3,376.11597,519.71606
77067,3,296.09854,533.94507
77068,3,227.16211,533.72766
77069,3,430.35474,563.4809
77070,3,492.91287,551.08435
77071,3,629.2669,574.6303
77072,3,711.4039,553.3188
77073,3,355.42084,577.11676
77074,3,560.5125,592.3215
77075,3,265.9779,588.94305
77076,3,699.04205,602.4293
77077,3,219.23001,595.91266
77078,3,476.9976,585.0597
77079,3,310.74463,614.4969
77080,3,410.00592,633.95154
77081,3,501.08038,631.0159
77082,3,368.0636,631.35925
77083,3,652.08636,641.2501
77084,3,460.61368,658.13837
77085,3,606.6722,666.8596
77086,3,537.8123,667.16724
77087,3,311.70746,681.2181
77088,3,374.25037,686.86957
77089,3,486.79285,721.74896
77090,3,420.63852,717.52496
77091,3,568.2103,717.92413
111699,4,538.4591,145.62737
111700,4,604.4363,178.56264
111701,4,474.3653,173.42805
111702,4,523.45184,211.72502
111703,4,422.62384,221.94037
111704,4,622.7109,237.91899
111705,4,324.55698,268.45398
111706,4,482.34146,278.49716
111707,4,573.5787,280.05115
111708,4,681.0425,306.90842
111709,4,380.721,301.94983
111710,4,629.414,300.607
111711,4,541.2044,319.0018
111712,4,733.8137,339.66162
111713,4,279.90546,340.25543
111714,4,326.57938,341.1775
111715,4,508.7463,361.4168
111716,4,614.14667,354.61276
111717,4,395.94147,359.6187
111718,4,226.3417,377.91855
111719,4,563.67926,399.99945
111720,4,677.88727,388.03506
111721,4,458.48795,395.95966
111722,4,337.54837,403.33017
111723,4,728.1052,417.9375
111724,4,621.97003,424.3471
111725,4,506.48065,423.20236
111726,4,397.0821,430.6292
111727,4,330.0821,477.98862
111728,4,681.8034,458.89587
111729,4,582.7741,471.53796
111730,4,752.2264,456.20493
111731,4,494.22366,477.38617
111732,4,726.1496,506.03378
111733,4,609.4324,511.37424
111734,4,659.3048,519.8506
111735,4,381.6339,517.20807
111736,4,288.14075,532.51935
111737,4,480.6472,532.216
111738,4,227.10718,533.5958
111739,4,427.60437,561.9348
111740,4,715.37866,559.4567
111741,4,360.36417,573.4519
111742,4,633.09515,573.0636
111743,4,206.03792,583.8363
111744,4,259.8486,580.2814
111745,4,558.2696,610.0495
111746,4,489.93448,586.65283
111747,4,307.14053,614.26685
111748,4,700.92804,615.1695
111749,4,449.86972,628.34125
111750,4,606.4519,629.87573
111751,4,359.01752,646.83636
111752,4,257.56808,651.11237
111753,4,498.91995,633.31586
111754,4,423.2873,670.71545
111755,4,598.7707,678.2268
111756,4,510.17212,679.5658
111757,4,661.3189,687.3927
111758,4,389.93378,711.1835
111759,4,553.64594,718.19763
111760,4,324.50308,721.52924
111761,4,630.9098,727.2049
111762,4,468.70728,733.4038
111763,4,568.6671,769.20294
152764,5,598.3612,160.13077
152765,5,491.26794,161.14946
152766,5,428.70367,170.71904
152767,5,555.1983,194.39543
152768,5,636.7416,225.46251
152769,5,445.81274,218.587
152770,5,391.74152,221.69446
152771,5,500.05283,231.51166
152772,5,330.88666,248.80417
152773,5,550.6545,267.22397
152774,5,443.82837,283.94147
152775,5,700.65826,282.5522
152776,5,617.07355,282.89423
152777,5,383.73682,306.93292
152778,5,497.9963,303.28052
152779,5,548.48645,314.66873
152780,5,283.22067,340.30826
152781,5,237.35794,314.5302
152782,5,343.28174,338.69458
152783,5,741.48315,341.3814
152784,5,657.7572,322.7881
152785,5,603.81555,347.6024
152786,5,675.62024,360.52945
152787,5,514.95435,360.2196
152788,5,226.87094,364.9796
152789,5,445.55432,381.97974
152790,5,762.7185,404.32358
152791,5,396.2736,408.43
152792,5,338.18552,396.17444
152793,5,570.04333,396.50912
152794,5,283.92822,405.28653
152795,5,234.399,411.72778
152796,5,618.81433,424.82095
152797,5,678.77765,426.30515
152798,5,468.00604,439.50024
152799,5,341.588,462.68137
152800,5,764.2459,466.29828
152801,5,214.18147,472.41602
152802,5,269.40744,472.9023
152803,5,718.7845,492.4772
152804,5,589.2264,468.89435
152805,5,522.9445,476.9729
152806,5,661.73785,508.83566
152807,5,609.2089,509.47076
152808,5,370.45496,517.41864
152809,5,493.55646,524.2611
152810,5,265.35974,529.6334
152811,5,425.94138,547.411
152812,5,567.7797,549.69403
152813,5,817.79865,548.78766
152814,5,201.44293,579.78534
152815,5,357.9885,574.29095
152816,5,632.803,573.1686
152817,5,474.088,579.1886
152818,5,546.5106,601.6619
152819,5,282.41058,598.0096
152820,5,703.99695,615.7833
152821,5,462.58063,636.19586
152822,5,399.01028,617.78424
152823,5,344.7881,634.7298
152824,5,623.94867,635.62225
152825,5,212.19807,635.4831
152826,5,247.1795,651.51306
152827,5,682.5617,676.91626
152828,5,380.57162,662.44904
152829,5,303.38278,670.768
152830,5,565.50134,667.2063
152831,5,433.3652,683.3191
152832,5,626.3712,728.66406
152833,5,369.72296,709.18726
152834,5,266.36383,714.294
152835,5,536.2732,704.7533
152836,5,456.9659,739.4874
152837,5,565.79645,755.0625
152838,5,526.0,782.8975
152839,5,476.10794,801.7848
198498,6,611.3886,86.06365
198499,6,502.5726,139.29044
198500,6,599.21027,146.55219
198501,6,428.349,162.69576
198502,6,550.9754,184.27599
198503,6,666.33295,180.51953
198504,6,363.54242,178.2862
198505,6,494.5978,198.669
198506,6,641.6182,222.93365
198507,6,447.88126,227.99045
198508,6,391.3794,234.39934
198509,6,719.00226,224.83673
198510,6,584.32855,239.2165
198511,6,515.6213,249.10747
198512,6,633.18896,279.15393
198513,6,476.09302,289.11023
198514,6,341.7148,283.9459
198515,6,707.5333,295.70786
198516,6,557.77,292.3845
198517,6,758.7862,308.11215
198518,6,397.21796,309.61053
198519,6,626.13464,332.98636
198520,6,195.91873,327.40726
198521,6,452.39313,351.09418
198522,6,333.59036,335.10583
198523,6,573.08563,350.6753
198524,6,228.08789,357.6777
198525,6,512.9517,356.8299
198526,6,683.4546,366.3697
198527,6,393.7762,372.14755
198528,6,765.5055,386.59195
198529,6,330.97253,393.08087
198530,6,613.1029,398.9091
198531,6,446.09778,410.46683
198532,6,541.9079,396.8648
198533,6,228.36102,414.34976
198534,6,285.83804,415.175
198535,6,726.6317,426.92505
198536,6,676.0678,431.0339
198537,6,795.2,441.22104
198538,6,394.68292,435.31485
198539,6,550.82007,443.52487
198540,6,164.07388,456.8427
198541,6,336.52298,471.60928
198542,6,617.9701,456.30316
198543,6,263.79663,473.34595
198544,6,212.52301,469.74524
198545,6,530.6702,489.1088
198546,6,448.71167,479.42783
198547,6,766.6995,489.3729
198548,6,720.55927,502.7921
198549,6,671.0368,494.32202
198550,6,626.3533,513.96405
198551,6,377.00537,527.2977
198552,6,224.56685,526.3996
198553,6,287.68457,539.2222
198554,6,813.7415,550.6
198555,6,683.114,553.6658
198556,6,182.0017,569.0136
198557,6,582.2065,560.46484
198558,6,474.1209,576.24133
198559,6,332.33585,570.55927
198560,6,630.2014,574.3085
198561,6,719.78595,604.02454
198562,6,375.35678,587.3903
198563,6,620.5854,643.68964
198564,6,560.90704,624.612
198565,6,402.02133,632.08026
198566,6,210.48495,636.22125
198567,6,340.33316,633.7924
198568,6,458.70932,645.46423
198569,6,280.95825,647.32025
198570,6,514.92377,644.9614
198571,6,693.87823,671.89075
198572,6,396.85394,698.9034
198573,6,536.5794,700.181
198574,6,625.3853,710.5346
198575,6,263.08975,714.95233
198576,6,471.3158,711.6776
198577,6,569.16473,750.8611
198578,6,368.73395,751.85345
198579,6,666.4967,755.5588
198580,6,445.94983,758.5137
198581,6,524.3472,786.9955
198582,6,595.3821,801.2262
198583,6,347.9983,782.85223
198584,6,475.33295,815.1863
198585,6,411.12723,807.74084
246713,7,613.5471,73.86882
246714,7,572.1688,127.009315
246715,7,445.3414,132.08691
246716,7,498.66412,136.82002
246717,7,613.98553,166.08517
246718,7,664.8649,168.16133
246719,7,550.4927,170.7632
246720,7,355.93274,173.43898
246721,7,487.71835,196.47942
246722,7,728.33057,218.45508
246723,7,540.5217,215.22998
246724,7,389.0896,231.17982
246725,7,637.9976,224.98578
246726,7,342.79034,225.62895
246727,7,583.67975,238.14084
246728,7,296.45828,238.19507
246729,7,686.9119,256.39297
246730,7,455.94217,258.13147
246731,7,243.59196,265.60147
246732,7,346.113,274.07535
246733,7,763.5669,297.2301
246734,7,391.6286,307.5169
246735,7,700.0796,313.8575
246736,7,290.51477,305.18753
246737,7,610.3443,306.33536
246738,7,244.13576,309.1918
246739,7,193.58089,321.09933
246740,7,455.80847,342.40198
246741,7,558.24835,328.23648
246742,7,642.86676,350.2354
246743,7,524.466,362.1006
246744,7,225.70613,358.98068
246745,7,791.4592,372.63702
246746,7,744.5912,370.06482
246747,7,392.00534,372.20972
246748,7,335.03387,373.19156
246749,7,609.7527,399.18103
246750,7,437.9945,408.42688
246751,7,716.8302,420.8861
246752,7,249.34238,415.08368
246753,7,353.6017,423.2152
246754,7,676.3027,415.56546
246755,7,791.5386,433.1547
246756,7,487.5869,428.3539
246757,7,198.82304,443.61862
246758,7,549.91003,431.7954
246759,7,274.5784,468.34482
246760,7,629.6305,455.16455
246761,7,444.90817,481.50424
246762,7,765.7039,480.71664
246763,7,682.04926,483.07407
246764,7,346.64893,491.2456
246765,7,523.7303,479.09338
246766,7,576.33154,508.0973
246767,7,157.26997,503.38132
246768,7,246.10446,509.39587
246769,7,206.8065,520.51044
246770,7,294.19815,542.4866
246771,7,680.8921,538.29285
246772,7,388.5319,542.3349
246773,7,170.31001,561.2543
246774,7,759.1548,562.3101
246775,7,717.26044,559.6042
246776,7,543.4413,575.22595
246777,7,321.04352,584.7428
246778,7,426.7603,582.4577
246779,7,239.83826,580.6813
246780,7,487.58838,589.7967
246781,7,651.4613,603.5535
246782,7,364.23917,606.97833
246783,7,720.76447,611.91
246784,7,579.59406,614.2449
246785,7,203.31485,637.8046
246786,7,452.9669,620.15344
246787,7,254.00975,642.8537
246788,7,304.8893,655.9071
246789,7,696.6792,665.1148
246790,7,518.92114,647.11346
246791,7,389.1746,656.731
246792,7,608.1473,669.64044
246793,7,458.652,668.0471
246794,7,547.00244,699.6859
246795,7,427.42493,691.30634
246796,7,639.68555,714.9207
246797,7,493.9849,713.9481
246798,7,441.3944,724.2312
246799,7,332.38593,732.092
246800,7,268.6252,735.1273
246801,7,561.51776,754.4083
246802,7,673.0684,766.83093
246803,7,371.44455,772.72363
246804,7,619.90454,780.6386
246805,7,448.069,765.32336
246806,7,512.9461,803.0675
246807,7,310.18246,788.8681
246808,7,412.29413,820.90533
246809,7,467.49,813.1969
246810,7,591.57904,816.27423
293795,8,611.2936,66.941864
293796,8,581.3864,124.55406
293797,8,445.0252,131.5756
293798,8,395.6791,146.98688
293799,8,671.3352,149.8963
293800,8,483.39865,162.34833
293801,8,345.73615,164.99036
293802,8,612.61304,160.59932
293803,8,548.944,163.2331
293804,8,722.5005,213.80101
293805,8,596.2109,198.85463
293806,8,492.43475,207.24329
293807,8,541.74524,209.66455
293808,8,358.43253,220.83896
293809,8,594.9702,244.49144
293810,8,285.07248,244.97693
293811,8,442.1899,251.52847
293812,8,532.34326,250.23668
293813,8,236.80588,261.62338
293814,8,338.44437,270.4244
293815,8,516.34534,281.2566
293816,8,744.81903,299.72897
293817,8,287.58307,299.37817
293818,8,468.12097,296.23123
293819,8,388.8644,305.1477
293820,8,602.20465,298.0049
293821,8,788.4648,298.11533
293822,8,194.19246,312.94757
293823,8,240.38246,306.2276
293824,8,692.15393,316.54727
293825,8,562.6619,330.39584
293826,8,447.37433,358.86902
293827,8,640.5227,345.98245
293828,8,797.8094,370.17056
293829,8,233.15369,365.2907
293830,8,700.40094,369.5769
293831,8,751.45087,382.53238
293832,8,587.7148,398.6947
293833,8,363.0478,398.86444
293834,8,149.7331,399.92413
293835,8,644.66327,394.95825
293836,8,250.30347,412.06552
293837,8,447.51367,416.98438
293838,8,718.5839,414.5752
293839,8,792.37933,433.271
293840,8,189.70204,446.3835
293841,8,279.7978,459.51163
293842,8,641.5834,459.64545
293843,8,347.87256,476.974
293844,8,758.37476,471.0599
293845,8,451.1374,476.6776
293846,8,241.95668,501.35013
293847,8,785.055,508.42358
293848,8,472.80347,524.0159
293849,8,647.1616,529.38904
293850,8,708.61346,520.8821
293851,8,299.40128,539.7684
293852,8,351.5289,529.0731
293853,8,385.58875,553.72296
293854,8,532.93066,546.096
293855,8,164.8507,571.9279
293856,8,758.88165,558.7071
293857,8,719.3715,558.7073
293858,8,573.34625,585.2738
293859,8,239.52261,578.4439
293860,8,423.42078,583.11304
293861,8,674.3297,579.62604
293862,8,483.26608,592.37683
293863,8,320.02618,593.379
293864,8,722.2128,611.3985
293865,8,291.352,652.17316
293866,8,449.39246,626.5799
293867,8,200.10532,628.22034
293868,8,255.5398,642.64685
293869,8,383.28217,643.2277
293870,8,521.51685,642.17523
293871,8,669.05444,651.2217
293872,8,338.01965,661.1455
293873,8,609.3639,668.6271
293874,8,753.6043,676.5098
293875,8,430.3012,679.7077
293876,8,482.4861,671.6306
293877,8,566.2407,673.965
293878,8,535.73834,701.8607
293879,8,639.98413,721.3304
293880,8,382.09106,727.8814
293881,8,489.3032,721.94696
293882,8,446.54678,722.98114
293883,8,713.8375,727.9074
293884,8,304.5353,729.61395
293885,8,565.43915,729.6434
293886,8,514.07166,795.978
293887,8,653.5933,777.34973
293888,8,579.7598,771.5106
293889,8,449.17386,766.1449
293890,8,274.5076,780.1171
293891,8,365.46054,785.1934
293892,8,602.04126,811.19006
293893,8,441.76852,820.5238
343698,9,616.8333,69.92051
343699,9,527.7205,124.06612
343700,9,591.0705,127.75343
343701,9,402.2669,142.18216
343702,9,670.19403,143.23415
343703,9,469.45825,152.50877
343704,9,338.0382,161.86443
343705,9,643.53687,176.17381
343706,9,709.4199,187.57352
343707,9,496.061,205.33955
343708,9,422.2362,208.33691
343709,9,541.933,202.8231
343710,9,594.67944,220.7583
343711,9,364.78915,221.46999
343712,9,744.9969,228.90721
343713,9,657.3354,224.13664
343714,9,326.61786,231.02863
343715,9,247.45982,258.01663
343716,9,459.42947,247.89124
343717,9,537.2483,246.8656
343718,9,675.1772,272.73294
343719,9,338.30225,277.5942
343720,9,582.1979,287.9576
343721,9,400.4049,297.9145
343722,9,747.08374,300.60092
343723,9,796.90247,300.89194
343724,9,285.69876,298.97464
343725,9,489.41043,311.26395
343726,9,636.7663,327.17868
343727,9,703.57983,319.11075
343728,9,563.6417,329.2893
343729,9,349.8237,339.27457
343730,9,147.53978,351.01147
343731,9,309.60468,371.6833
343732,9,224.17314,353.93207
343733,9,413.21304,362.14313
343734,9,794.33813,371.4901
343735,9,704.3827,371.17105
343736,9,592.38074,400.62106
343737,9,178.26326,389.62704
343738,9,641.90497,395.01453
343739,9,364.27066,393.99243
343740,9,729.4078,413.10803
343741,9,509.00772,425.2891
343742,9,189.0488,439.82147
343743,9,284.37637,451.16772
343744,9,784.1071,441.85123
343745,9,383.7227,439.58627
343746,9,654.50604,462.21838
343747,9,571.29517,452.48938
343748,9,710.0356,468.32657
343749,9,340.89523,474.22232
343750,9,503.5765,475.05908
343751,9,144.19843,495.7463
343752,9,445.81058,478.43253
343753,9,241.36967,503.12894
343754,9,570.85455,507.5609
343755,9,782.82294,507.4185
343756,9,624.97,524.1195
343757,9,191.85614,529.8885
343758,9,470.92844,518.58997
343759,9,339.03564,533.8741
343760,9,391.8856,555.9179
343761,9,673.0799,571.7189
343762,9,703.45294,534.51355
343763,9,753.1898,557.1892
343764,9,806.3401,577.6511
343765,9,238.344,576.9843
343766,9,160.57806,581.3678
343767,9,573.3607,585.10944
343768,9,630.38293,596.62573
343769,9,318.74194,595.732
343770,9,716.873,605.323
343771,9,762.3173,624.17145
343772,9,431.07175,622.6296
343773,9,288.13974,633.2168
343774,9,241.00932,617.73627
343775,9,364.78256,622.6502
343776,9,522.2365,640.30835
343777,9,677.16156,648.4429
343778,9,571.1244,651.1175
343779,9,615.204,679.36975
343780,9,197.49341,669.687
343781,9,239.59344,670.2133
343782,9,487.82916,676.0352
343783,9,721.2828,671.9897
343784,9,354.20834,678.4032
343785,9,423.4201,675.06885
343786,9,763.8835,684.5173
343787,9,296.9819,708.1375
343788,9,535.0555,699.1061
343789,9,689.8325,719.735
343790,9,441.93915,720.179
343791,9,367.42386,728.37415
343792,9,736.8399,725.7392
343793,9,624.8203,733.61334
343794,9,559.5817,731.3965
343795,9,493.88968,733.972
343796,9,290.10666,749.0557
343797,9,523.66187,775.4159
343798,9,437.77975,765.6955
343799,9,578.73926,772.5367
343800,9,654.8539,779.8018
343801,9,262.7827,782.8928
343802,9,366.36774,805.78015
343803,9,468.46722,823.1485
343804,9,605.75507,813.39233
343805,9,554.9062,838.98694
400284,10,606.20734,59.951218
400285,10,523.92975,125.516075
400286,10,595.0996,128.9034
400287,10,402.71597,140.28032
400288,10,570.55597,177.52422
400289,10,650.79694,176.24048
400290,10,703.7762,175.81047
400291,10,529.06274,186.70084
400292,10,370.03342,198.25055
400293,10,326.10843,183.68675
400294,10,427.9652,216.76057
400295,10,605.9216,212.43297
400296,10,489.0295,213.2241
400297,10,733.99384,217.96982
400298,10,237.51895,216.58856
400299,10,685.83295,252.91997
400300,10,324.99384,237.68126
400301,10,549.46967,243.75484
400302,10,239.25961,264.37305
400303,10,609.16565,272.9623
400304,10,783.9557,270.59042
400305,10,382.42813,275.72562
400306,10,440.58826,288.41006
400307,10,751.62354,298.55945
400308,10,325.5502,292.8281
400309,10,163.23767,285.6816
400310,10,648.08856,330.35394
400311,10,718.4239,336.4939
400312,10,811.71814,321.314
400313,10,358.82336,338.88724
400314,10,305.27222,351.2462
400315,10,785.92236,369.85608
400316,10,594.0426,382.65292
400317,10,687.91046,380.067
400318,10,109.93821,387.99402
400319,10,168.62236,406.91998
400320,10,643.9164,398.5186
400321,10,315.02338,398.7231
400322,10,347.7635,417.1811
400323,10,739.5292,408.76785
400324,10,811.5437,422.16412
400325,10,277.14328,454.41235
400326,10,439.40067,432.66373
400327,10,770.5611,451.606
400328,10,682.399,447.43118
400329,10,636.92755,472.3653
400330,10,724.0855,466.8311
400331,10,346.64645,477.95395
400332,10,397.43716,476.26923
400333,10,150.46277,487.6117
400334,10,439.97275,482.2595
400335,10,237.8403,507.7961
400336,10,748.8487,508.51505
400337,10,806.21704,519.06256
400338,10,625.58484,526.97144
400339,10,701.2223,536.7722
400340,10,329.8071,532.1663
400341,10,402.79208,551.5003
400342,10,752.13275,559.7048
400343,10,661.4464,565.5654
400344,10,481.2694,557.3039
400345,10,245.06168,560.713
400346,10,160.69035,569.99945
400347,10,304.23373,578.5351
400348,10,808.159,591.14496
400349,10,365.69498,596.6196
400350,10,758.8185,613.0248
400351,10,431.98682,620.6686
400352,10,618.53467,627.061
400353,10,237.26228,616.65924
400354,10,307.12726,643.3893
400355,10,676.01117,648.4586
400356,10,562.834,675.8074
400357,10,777.45703,666.8004
400358,10,488.88956,666.38275
400359,10,722.6186,667.3247
400360,10,188.83813,663.56573
400361,10,238.22623,666.7617
400362,10,363.6641,675.2889
400363,10,425.20404,676.2747
400364,10,623.375,680.2289
400365,10,289.3897,706.5176
400366,10,688.65643,720.7476
400367,10,499.6571,720.6158
400368,10,222.12128,725.8112
400369,10,739.5922,724.4159
400370,10,372.47296,722.2821
400371,10,437.7061,725.2537
400372,10,555.23804,729.361
400373,10,612.7944,732.7879
400374,10,299.83524,751.2728
400375,10,697.1372,768.6235
400376,10,458.2636,767.1607
400377,10,521.46173,778.3581
400378,10,579.1534,772.37573
400379,10,385.95496,766.33167
400380,10,643.7131,787.0573
400381,10,269.60638,787.6559
400382,10,362.00504,809.00586
400383,10,471.7395,818.5807
400384,10,552.3376,837.13306
400385,10,466.86642,854.4172
448140,11,509.36307,132.84428
448141,11,393.87405,142.04451
448142,11,634.6691,180.0998
448143,11,444.58502,154.08742
448144,11,573.17114,169.58871
448145,11,483.36734,166.8964
448146,11,526.9359,182.98492
448147,11,723.8002,216.95319
448148,11,435.8239,211.41196
448149,11,496.523,215.86763
448150,11,234.13359,216.71297
448151,11,675.7771,244.68353
448152,11,783.10925,263.2788
448153,11,376.3103,267.9727
448154,11,242.18954,264.43073
448155,11,492.87512,272.27667
448156,11,607.0322,270.3369
448157,11,433.63016,286.51047
448158,11,559.5219,303.65607
448159,11,312.49435,300.50177
448160,11,747.2023,304.019
448161,11,708.9211,330.65897
448162,11,246.32692,321.50797
448163,11,649.13617,324.3141
448164,11,813.09247,323.97253
448165,11,358.70123,338.83264
448166,11,403.28394,334.05386
448167,11,467.5926,347.23026
448168,11,594.10724,370.0327
448169,11,786.0946,367.01892
448170,11,307.0201,358.24313
448171,11,702.42883,396.0299
448172,11,420.8903,385.93347
448173,11,166.77003,398.0662
448174,11,362.40417,411.67734
448175,11,755.3458,402.74036
448176,11,120.96933,402.14688
448177,11,311.00525,396.76892
448178,11,808.67664,419.29913
448179,11,270.78363,414.93314
448180,11,506.4203,436.52997
448181,11,771.1401,456.72507
448182,11,232.08693,465.80524
448183,11,284.434,461.08804
448184,11,411.5418,474.14423
448185,11,346.7505,477.17297
448186,11,502.62622,502.00986
448187,11,708.47656,511.03436
448188,11,568.0205,516.65063
448189,11,130.79256,500.9468
448190,11,174.89189,519.0821
448191,11,810.99554,520.879
448192,11,326.18152,535.1469
448193,11,627.86316,532.1848
448194,11,406.57596,566.6782
448195,11,490.3422,553.3194
448196,11,201.0151,573.4059
448197,11,298.72696,574.7323
448198,11,561.6794,579.53784
448199,11,267.77048,588.9713
448200,11,161.12901,595.89105
448201,11,811.4593,596.45306
448202,11,496.52673,598.65314
448203,11,760.51764,600.1399
448204,11,686.53906,591.20715
448205,11,361.73727,595.2
448206,11,620.8032,623.3855
448207,11,431.17615,621.6798
448208,11,233.97212,618.49554
448209,11,313.08215,635.9942
448210,11,559.4214,628.4582
448211,11,681.4251,652.26184
448212,11,730.60156,667.45905
448213,11,781.4971,665.17316
448214,11,187.87228,664.36505
448215,11,570.2967,675.0832
448216,11,268.15884,703.2154
448217,11,638.9788,704.1721
448218,11,340.76193,690.8324
448219,11,516.30804,719.0976
448220,11,186.05035,709.35455
448221,11,406.5662,723.837
448222,11,461.0273,761.54443
448223,11,306.1463,747.2869
448224,11,698.89185,763.1332
448225,11,357.4198,786.2091
448226,11,519.8335,783.8444
448227,11,256.754,781.1375
448228,11,407.9924,811.2069
448229,11,470.03714,825.3856
448230,11,525.1772,838.6905
448231,11,583.167,839.7027
495284,12,513.11383,128.66199
495285,12,638.3005,157.93031
495286,12,481.7944,162.52069
495287,12,575.36115,165.70558
495288,12,327.31766,184.88391
495289,12,524.75256,178.80511
495290,12,709.2226,206.49925
495291,12,397.8839,198.84502
495292,12,234.42102,213.36577
495293,12,446.5446,224.12766
495294,12,612.7184,221.85017
495295,12,507.79666,223.97621
495296,12,674.6887,242.73161
495297,12,270.85583,243.4068
495298,12,774.7812,264.85706
495299,12,375.75613,265.83844
495300,12,180.63448,260.00992
495301,12,607.00287,285.59534
495302,12,432.66992,283.31512
495303,12,554.32196,299.94577
495304,12,314.21255,298.82538
495305,12,756.75934,322.61307
495306,12,145.91241,305.87262
495307,12,253.43108,312.96432
495308,12,808.1133,321.92838
495309,12,197.1019,323.0141
495310,12,363.01364,337.12863
495311,12,653.85,355.5701
495312,12,437.3993,331.3357
495313,12,302.11996,355.51746
495314,12,414.58356,378.31607
495315,12,591.6779,371.84195
495316,12,799.78894,388.05154
495317,12,709.20807,392.9946
495318,12,353.00528,417.05783
495319,12,276.0094,401.47046
495320,12,753.9148,391.37158
495321,12,314.7904,401.86826
495322,12,129.60582,398.0899
495323,12,627.31757,419.869
495324,12,767.3795,454.46973
495325,12,238.72302,459.86874
495326,12,288.77023,466.08533
495327,12,813.2681,463.84183
495328,12,155.73517,461.47513
495329,12,709.42444,508.47922
495330,12,498.32614,512.4153
495331,12,563.5827,515.2919
495332,12,240.47452,523.171
495333,12,327.75623,540.87146
495334,12,786.05743,537.0519
495335,12,382.02213,545.0367
495336,12,440.40442,555.8327
495337,12,209.3021,572.2866
495338,12,559.8089,578.2695
495339,12,267.77765,568.85815
495340,12,745.4367,592.6274
495341,12,807.4552,606.3321
495342,12,373.0381,617.51263
495343,12,607.466,617.95526
495344,12,306.14575,631.6101
495345,12,680.1839,638.43866
495346,12,557.381,631.786
495347,12,464.00797,640.4724
495348,12,734.12317,665.71344
495349,12,509.65097,663.2725
495350,12,785.3839,662.6951
495351,12,574.2009,673.8737
495352,12,640.1672,689.7004
495353,12,320.74,691.332
495354,12,395.00394,705.34143
495355,12,462.78915,700.64856
495356,12,591.28796,724.02924
495357,12,188.48894,720.2234
495358,12,521.39856,723.6023
495359,12,353.80203,735.4139
495360,12,462.7747,747.6229
495361,12,602.3268,760.9298
495362,12,669.58026,768.36316
495363,12,406.3455,771.55774
495364,12,526.8118,773.39
495365,12,263.19333,784.31696
495366,12,359.84616,796.8355
495367,12,456.61658,803.99396
495368,12,330.28165,817.3415
495369,12,532.74005,833.5049
495370,12,587.0715,832.14294
495371,12,472.99002,846.34216
495372,12,392.9362,844.568
