plate,well,plane,depth_um,compartment,cell_line,treatment,pearson_r,p_value,n_features
PB000137,D12,1,5,cells,HCT116,DMSO,0.9777271881281895,0.0,687
PB000137,D12,3,15,cells,HCT116,DMSO,0.9784802568187346,0.0,687
PB000137,D12,5,25,cells,HCT116,DMSO,0.9785697848708225,0.0,687
PB000137,D12,7,35,cells,HCT116,DMSO,0.981286152172303,0.0,687
PB000137,D12,9,45,cells,HCT116,DMSO,0.9830053290598708,0.0,687
PB000137,D12,11,55,cells,HCT116,DMSO,0.9827010293048997,0.0,687
PB000137,F06,1,5,cells,HCT116,DMSO,0.965576594775399,0.0,687
PB000137,F06,3,15,cells,HCT116,DMSO,0.9716186577269191,0.0,687
PB000137,F06,5,25,cells,HCT116,DMSO,0.9792110572698945,0.0,687
PB000137,F06,7,35,cells,HCT116,DMSO,0.9825314537983577,0.0,687
PB000137,F06,9,45,cells,HCT116,DMSO,0.9823408268681098,0.0,687
PB000137,F06,11,55,cells,HCT116,DMSO,0.9832325860790441,0.0,687
PB000139,C03,1,5,cells,HCT116,binimetinib,0.9605193031144486,0.0,687
PB000139,C03,3,15,cells,HCT116,binimetinib,0.9306242619563428,3.0210329219293915e-301,687
PB000139,C03,5,25,cells,HCT116,binimetinib,0.9526349216982053,0.0,687
PB000139,C03,7,35,cells,HCT116,binimetinib,0.9675087385858602,0.0,687
PB000139,C03,9,45,cells,HCT116,binimetinib,0.973631670890853,0.0,687
PB000139,C03,11,55,cells,HCT116,binimetinib,0.9780945965471692,0.0,687
PB000139,C12,1,5,cells,HT29,SN-38,0.9593472782699127,0.0,687
PB000139,C12,3,15,cells,HT29,SN-38,0.9767011212989727,0.0,687
PB000139,C12,5,25,cells,HT29,SN-38,0.9794980978066343,0.0,687
PB000139,C12,7,35,cells,HT29,SN-38,0.9728150395376083,0.0,687
PB000139,C12,9,45,cells,HT29,SN-38,0.9679119740498554,0.0,687
PB000139,C12,11,55,cells,HT29,SN-38,0.9637924905935389,0.0,687
PB000139,C14,1,5,cells,HT29,binimetinib,0.9754181804898654,0.0,687
PB000139,C14,3,15,cells,HT29,binimetinib,0.9751553367448863,0.0,687
PB000139,C14,5,25,cells,HT29,binimetinib,0.9626958791404677,0.0,687
PB000139,C14,7,35,cells,HT29,binimetinib,0.9460720878320568,0.0,687
PB000139,C23,1,5,cells,HCT116,SN-38,0.9639901786722791,0.0,687
PB000139,C23,3,15,cells,HCT116,SN-38,0.9712069606446998,0.0,687
PB000139,C23,5,25,cells,HCT116,SN-38,0.9754570264699458,0.0,687
PB000139,C23,7,35,cells,HCT116,SN-38,0.9651853294035753,0.0,687
PB000139,C23,9,45,cells,HCT116,SN-38,0.9705935172351241,0.0,687
PB000139,C23,11,55,cells,HCT116,SN-38,0.9816673056207504,0.0,687
PB000139,D06,1,5,cells,HT29,SN-38,0.9660560915515524,0.0,687
PB000139,D06,3,15,cells,HT29,SN-38,0.9834418633482715,0.0,687
PB000139,D06,5,25,cells,HT29,SN-38,0.9739287241445528,0.0,687
PB000139,D06,7,35,cells,HT29,SN-38,0.9829856212311054,0.0,687
PB000139,D06,9,45,cells,HT29,SN-38,0.9785185787597952,0.0,687
PB000139,D06,11,55,cells,HT29,SN-38,0.9687246082042184,0.0,687
PB000139,D11,1,5,cells,HCT116,binimetinib,0.9669419578721427,0.0,687
PB000139,D11,3,15,cells,HCT116,binimetinib,0.9703297330391761,0.0,687
PB000139,D11,5,25,cells,HCT116,binimetinib,0.9556589539736123,0.0,687
PB000139,D11,7,35,cells,HCT116,binimetinib,0.9427913077782765,0.0,687
PB000139,D11,9,45,cells,HCT116,binimetinib,0.9783897610421367,0.0,687
PB000139,D11,11,55,cells,HCT116,binimetinib,0.9733545327953297,0.0,687
PB000139,G08,1,5,cells,HCT116,abemaciclib,0.9797169059751629,0.0,687
PB000139,G08,3,15,cells,HCT116,abemaciclib,0.9790322616573391,0.0,687
PB000139,G08,5,25,cells,HCT116,abemaciclib,0.986975921556009,0.0,687
PB000139,G08,7,35,cells,HCT116,abemaciclib,0.9793116341386199,0.0,687
PB000139,G08,9,45,cells,HCT116,abemaciclib,0.9798667694947543,0.0,687
PB000139,G08,11,55,cells,HCT116,abemaciclib,0.9899780298534222,0.0,687
PB000139,J06,1,5,cells,HCT116,SN-38,0.9838803766818465,0.0,687
PB000139,J06,3,15,cells,HCT116,SN-38,0.9740556005994292,0.0,687
PB000139,J06,5,25,cells,HCT116,SN-38,0.9787203780995652,0.0,687
PB000139,J06,7,35,cells,HCT116,SN-38,0.9769227022601638,0.0,687
PB000139,J06,9,45,cells,HCT116,SN-38,0.9689627788135661,0.0,687
PB000139,J06,11,55,cells,HCT116,SN-38,0.9822026531497171,0.0,687
PB000139,J15,1,5,cells,HT29,abemaciclib,0.9748431933599908,0.0,687
PB000139,J15,3,15,cells,HT29,abemaciclib,0.9818132091916781,0.0,687
PB000139,J15,5,25,cells,HT29,abemaciclib,0.989458429500658,0.0,687
PB000139,J15,7,35,cells,HT29,abemaciclib,0.9866252900842892,0.0,687
PB000139,J15,9,45,cells,HT29,abemaciclib,0.985231646308405,0.0,687
PB000139,J15,11,55,cells,HT29,abemaciclib,0.9748852097616493,0.0,687
PB000140,B14,1,5,cells,HT29,abemaciclib,0.9698528075919265,0.0,687
PB000140,B14,3,15,cells,HT29,abemaciclib,0.9817718716550262,0.0,687
PB000140,B14,5,25,cells,HT29,abemaciclib,0.9847909818078998,0.0,687
PB000140,B14,7,35,cells,HT29,abemaciclib,0.9806966988108672,0.0,687
PB000140,B14,9,45,cells,HT29,abemaciclib,0.9878480836891881,0.0,687
PB000140,B14,11,55,cells,HT29,abemaciclib,0.9826293292605247,0.0,687
PB000140,C23,1,5,cells,HCT116,SN-38,0.9747123324821924,0.0,687
PB000140,C23,3,15,cells,HCT116,SN-38,0.9742656366859177,0.0,687
PB000140,C23,5,25,cells,HCT116,SN-38,0.9829756572350612,0.0,687
PB000140,C23,7,35,cells,HCT116,SN-38,0.9616044338941975,0.0,687
PB000140,C23,9,45,cells,HCT116,SN-38,0.9646956487858196,0.0,687
PB000140,C23,11,55,cells,HCT116,SN-38,0.9545533859923518,0.0,687
PB000140,D22,1,5,cells,HT29,binimetinib,0.9569171327150442,0.0,687
PB000140,D22,3,15,cells,HT29,binimetinib,0.977394268400167,0.0,687
PB000140,D22,5,25,cells,HT29,binimetinib,0.9777807294364196,0.0,687
PB000140,D22,7,35,cells,HT29,binimetinib,0.9592269405411533,0.0,687
PB000140,D22,9,45,cells,HT29,binimetinib,0.9486922705659839,0.0,687
PB000140,G05,1,5,cells,HCT116,binimetinib,0.9557912725436033,0.0,687
PB000140,G05,3,15,cells,HCT116,binimetinib,0.9782167615597768,0.0,687
PB000140,G05,5,25,cells,HCT116,binimetinib,0.9727593869022426,0.0,687
PB000140,G05,7,35,cells,HCT116,binimetinib,0.9724064904424213,0.0,687
PB000140,G05,9,45,cells,HCT116,binimetinib,0.957366482426866,0.0,687
PB000140,G05,11,55,cells,HCT116,binimetinib,0.9738953858378416,0.0,687
PB000140,G08,1,5,cells,HCT116,abemaciclib,0.9730443138715719,0.0,687
PB000140,G08,3,15,cells,HCT116,abemaciclib,0.9799163983088542,0.0,687
PB000140,G08,5,25,cells,HCT116,abemaciclib,0.9781003846791289,0.0,687
PB000140,G08,7,35,cells,HCT116,abemaciclib,0.9836501905806682,0.0,687
PB000140,G08,9,45,cells,HCT116,abemaciclib,0.9882493628368592,0.0,687
PB000140,G08,11,55,cells,HCT116,abemaciclib,0.9770056606709258,0.0,687
PB000140,G19,1,5,cells,HT29,abemaciclib,0.9680307549998315,0.0,687
PB000140,G19,3,15,cells,HT29,abemaciclib,0.9732410667328844,0.0,687
PB000140,G19,5,25,cells,HT29,abemaciclib,0.9809483779734267,0.0,687
PB000140,G19,7,35,cells,HT29,abemaciclib,0.9738434318680914,0.0,687
PB000140,G19,9,45,cells,HT29,abemaciclib,0.9806658790055287,0.0,687
PB000140,G19,11,55,cells,HT29,abemaciclib,0.9790199841450751,0.0,687
PB000140,H23,1,5,cells,HT29,DMSO,0.974202326999029,0.0,687
PB000140,H23,3,15,cells,HT29,DMSO,0.9773624027662817,0.0,687
PB000140,H23,5,25,cells,HT29,DMSO,0.9767432139598176,0.0,687
PB000140,H23,7,35,cells,HT29,DMSO,0.9799011263550442,0.0,687
PB000140,H23,9,45,cells,HT29,DMSO,0.9804509822779859,0.0,687
PB000140,H23,11,55,cells,HT29,DMSO,0.9786224187046741,0.0,687
PB000140,I13,1,5,cells,HT29,binimetinib,0.9739497550129831,0.0,687
PB000140,I13,3,15,cells,HT29,binimetinib,0.9791093324929031,0.0,687
PB000140,I13,5,25,cells,HT29,binimetinib,0.9792043329729692,0.0,687
PB000140,I13,7,35,cells,HT29,binimetinib,0.978248069868506,0.0,687
PB000140,I13,9,45,cells,HT29,binimetinib,0.9651104976820433,0.0,687
PB000140,I13,11,55,cells,HT29,binimetinib,0.9811993472828322,0.0,687
PB000140,J04,1,5,cells,HCT116,abemaciclib,0.9736464184822978,0.0,687
PB000140,J04,3,15,cells,HCT116,abemaciclib,0.9813650023870509,0.0,687
PB000140,J04,5,25,cells,HCT116,abemaciclib,0.9824088527880317,0.0,687
PB000140,J04,7,35,cells,HCT116,abemaciclib,0.979959874129405,0.0,687
PB000140,J04,9,45,cells,HCT116,abemaciclib,0.970564727203,0.0,687
PB000140,J04,11,55,cells,HCT116,abemaciclib,0.981633340993262,0.0,687
PB000140,J17,1,5,cells,HT29,SN-38,0.9754117480860843,0.0,687
PB000140,J17,3,15,cells,HT29,SN-38,0.9810474389386027,0.0,687
PB000140,J17,5,25,cells,HT29,SN-38,0.9785984908352238,0.0,687
PB000140,J17,7,35,cells,HT29,SN-38,0.9794043615391256,0.0,687
PB000140,J17,9,45,cells,HT29,SN-38,0.9712815909578082,0.0,687
PB000140,J17,11,55,cells,HT29,SN-38,0.9746370148394734,0.0,687
PB000140,N05,1,5,cells,HCT116,DMSO,0.9847505776564422,0.0,687
PB000140,N05,3,15,cells,HCT116,DMSO,0.9801054553669278,0.0,687
PB000140,N05,5,25,cells,HCT116,DMSO,0.9800884047080428,0.0,687
PB000140,N05,7,35,cells,HCT116,DMSO,0.9825191775480402,0.0,687
PB000140,N05,9,45,cells,HCT116,DMSO,0.8979949028617537,1.9932158512126976e-246,687
PB000140,N05,11,55,cells,HCT116,DMSO,0.9776555569783842,0.0,687
PB000141,G02,1,5,cells,HT29,DMSO,0.981977303036301,0.0,687
PB000141,G02,3,15,cells,HT29,DMSO,0.9788718321191009,0.0,687
PB000141,G02,5,25,cells,HT29,DMSO,0.9792405114594487,0.0,687
PB000141,G02,7,35,cells,HT29,DMSO,0.9841173795959289,0.0,687
PB000141,G02,9,45,cells,HT29,DMSO,0.9833369274776461,0.0,687
PB000141,G02,11,55,cells,HT29,DMSO,0.9785712603471988,0.0,687
PB000141,M23,1,5,cells,HT29,DMSO,0.9823139819960136,0.0,687
PB000141,M23,3,15,cells,HT29,DMSO,0.9820777080364345,0.0,687
PB000141,M23,5,25,cells,HT29,DMSO,0.982533670088514,0.0,687
PB000141,M23,7,35,cells,HT29,DMSO,0.9813365084004172,0.0,687
PB000141,M23,9,45,cells,HT29,DMSO,0.9812186272510446,0.0,687
PB000141,M23,11,55,cells,HT29,DMSO,0.9780769505017944,0.0,687
PB000137,D12,1,5,nuclei,HCT116,DMSO,0.9998682636110005,0.0,727
PB000137,D12,3,15,nuclei,HCT116,DMSO,0.9989170262505199,0.0,727
PB000137,D12,5,25,nuclei,HCT116,DMSO,0.9992369722072982,0.0,727
PB000137,D12,7,35,nuclei,HCT116,DMSO,0.9956267721489214,0.0,727
PB000137,D12,9,45,nuclei,HCT116,DMSO,0.994619773489718,0.0,727
PB000137,D12,11,55,nuclei,HCT116,DMSO,0.9848943477947911,0.0,727
PB000137,F06,1,5,nuclei,HCT116,DMSO,0.9939013744183954,0.0,727
PB000137,F06,3,15,nuclei,HCT116,DMSO,0.9973949437779367,0.0,727
PB000137,F06,5,25,nuclei,HCT116,DMSO,0.9950603116194345,0.0,727
PB000137,F06,7,35,nuclei,HCT116,DMSO,0.9782518645923303,0.0,727
PB000137,F06,9,45,nuclei,HCT116,DMSO,0.9825869256216946,0.0,727
PB000137,F06,11,55,nuclei,HCT116,DMSO,0.9687937149911082,0.0,727
PB000139,C03,1,5,nuclei,HCT116,binimetinib,0.9813776456631075,0.0,727
PB000139,C03,3,15,nuclei,HCT116,binimetinib,0.8388802935053066,1.0956931206855134e-193,727
PB000139,C03,5,25,nuclei,HCT116,binimetinib,0.7713174735108101,2.0577171185990677e-144,727
PB000139,C03,7,35,nuclei,HCT116,binimetinib,0.9527881206192319,0.0,727
PB000139,C03,9,45,nuclei,HCT116,binimetinib,0.9013976443602154,9.218385851062526e-266,727
PB000139,C03,11,55,nuclei,HCT116,binimetinib,0.7814719036115263,1.1405049102649194e-150,727
PB000139,C12,1,5,nuclei,HT29,SN-38,0.9980905127954316,0.0,727
PB000139,C12,3,15,nuclei,HT29,SN-38,0.9966588690127677,0.0,727
PB000139,C12,5,25,nuclei,HT29,SN-38,0.9909749340818067,0.0,727
PB000139,C12,7,35,nuclei,HT29,SN-38,0.961636025411721,0.0,727
PB000139,C12,9,45,nuclei,HT29,SN-38,0.8974847073059025,5.874433533669218e-260,727
PB000139,C12,11,55,nuclei,HT29,SN-38,0.9362253502319853,0.0,727
PB000139,C14,1,5,nuclei,HT29,binimetinib,0.9893482831864729,0.0,727
PB000139,C14,3,15,nuclei,HT29,binimetinib,0.9670091495243093,0.0,727
PB000139,C14,5,25,nuclei,HT29,binimetinib,0.9322856771567831,2.08e-322,727
PB000139,C14,7,35,nuclei,HT29,binimetinib,0.9123010282728604,2.576400004808357e-283,727
PB000139,C23,1,5,nuclei,HCT116,SN-38,0.8887045297192797,9.555485031652205e-248,727
PB000139,C23,3,15,nuclei,HCT116,SN-38,0.7783982428995596,9.679136139746237e-149,727
PB000139,C23,5,25,nuclei,HCT116,SN-38,0.7795322340101082,1.8961625862556487e-149,727
PB000139,C23,7,35,nuclei,HCT116,SN-38,0.9274542301450842,6.06516435607e-312,727
PB000139,C23,9,45,nuclei,HCT116,SN-38,0.9133374433672533,4.2095277858380396e-285,727
PB000139,C23,11,55,nuclei,HCT116,SN-38,0.9294855869796823,2.99625933e-316,727
PB000139,D06,1,5,nuclei,HT29,SN-38,0.9866446010972905,0.0,727
PB000139,D06,3,15,nuclei,HT29,SN-38,0.9783026900889172,0.0,727
PB000139,D06,5,25,nuclei,HT29,SN-38,0.9314876093494715,1.2717e-320,727
PB000139,D06,7,35,nuclei,HT29,SN-38,0.8416277096247416,3.6781721751118295e-196,727
PB000139,D06,9,45,nuclei,HT29,SN-38,0.929215381925412,1.139642866e-315,727
PB000139,D06,11,55,nuclei,HT29,SN-38,0.9494275843350636,0.0,727
PB000139,D11,1,5,nuclei,HCT116,binimetinib,0.9038750496249369,1.453487152701871e-269,727
PB000139,D11,3,15,nuclei,HCT116,binimetinib,0.8557122941895512,1.2439863589804396e-209,727
PB000139,D11,5,25,nuclei,HCT116,binimetinib,0.6935009193810664,2.4844432573939533e-105,727
PB000139,D11,7,35,nuclei,HCT116,binimetinib,0.7969130204029463,7.424712734012915e-161,727
PB000139,D11,9,45,nuclei,HCT116,binimetinib,0.8443117487527891,1.2663857427012425e-198,727
PB000139,D11,11,55,nuclei,HCT116,binimetinib,0.7754862252471392,6.092008860766921e-147,727
PB000139,G08,1,5,nuclei,HCT116,abemaciclib,0.9993871295523351,0.0,727
PB000139,G08,3,15,nuclei,HCT116,abemaciclib,0.9986454365107263,0.0,727
PB000139,G08,5,25,nuclei,HCT116,abemaciclib,0.9979502779335114,0.0,727
PB000139,G08,7,35,nuclei,HCT116,abemaciclib,0.9881474988333518,0.0,727
PB000139,G08,9,45,nuclei,HCT116,abemaciclib,0.9981092783612111,0.0,727
PB000139,G08,11,55,nuclei,HCT116,abemaciclib,0.9688051521616551,0.0,727
PB000139,J06,1,5,nuclei,HCT116,SN-38,0.9862302212456828,0.0,727
PB000139,J06,3,15,nuclei,HCT116,SN-38,0.9907943213014325,0.0,727
PB000139,J06,5,25,nuclei,HCT116,SN-38,0.9753720260538454,0.0,727
PB000139,J06,7,35,nuclei,HCT116,SN-38,0.9564731116312432,0.0,727
PB000139,J06,9,45,nuclei,HCT116,SN-38,0.9312291057008844,4.747e-320,727
PB000139,J06,11,55,nuclei,HCT116,SN-38,0.953664081847768,0.0,727
PB000139,J15,1,5,nuclei,HT29,abemaciclib,0.9996624715566745,0.0,727
PB000139,J15,3,15,nuclei,HT29,abemaciclib,0.9995272606027044,0.0,727
PB000139,J15,5,25,nuclei,HT29,abemaciclib,0.9979425717987319,0.0,727
PB000139,J15,7,35,nuclei,HT29,abemaciclib,0.9886751404709013,0.0,727
PB000139,J15,9,45,nuclei,HT29,abemaciclib,0.9894155881558582,0.0,727
PB000139,J15,11,55,nuclei,HT29,abemaciclib,0.9541877743097307,0.0,727
PB000140,B14,1,5,nuclei,HT29,abemaciclib,0.9972457344943713,0.0,727
PB000140,B14,3,15,nuclei,HT29,abemaciclib,0.9997006910736685,0.0,727
PB000140,B14,5,25,nuclei,HT29,abemaciclib,0.999302481768339,0.0,727
PB000140,B14,7,35,nuclei,HT29,abemaciclib,0.9984272609128005,0.0,727
PB000140,B14,9,45,nuclei,HT29,abemaciclib,0.9805894892261162,0.0,727
PB000140,B14,11,55,nuclei,HT29,abemaciclib,0.9697779375705018,0.0,727
PB000140,C23,1,5,nuclei,HCT116,SN-38,0.832176110454955,7.695788488192436e-188,727
PB000140,C23,3,15,nuclei,HCT116,SN-38,0.9127872018901602,3.7637905257554006e-284,727
PB000140,C23,5,25,nuclei,HCT116,SN-38,0.8564922306850916,2.0289928690535765e-210,727
PB000140,C23,7,35,nuclei,HCT116,SN-38,0.760912627785542,2.492241377883177e-138,727
PB000140,C23,9,45,nuclei,HCT116,SN-38,0.7201259086746944,3.374609807454999e-117,727
PB000140,C23,11,55,nuclei,HCT116,SN-38,0.8301147371194503,4.285959287040015e-186,727
PB000140,D22,1,5,nuclei,HT29,binimetinib,0.9693364642282896,0.0,727
PB000140,D22,3,15,nuclei,HT29,binimetinib,0.9303482577321939,4.06122e-318,727
PB000140,D22,5,25,nuclei,HT29,binimetinib,0.9350128900427319,0.0,727
PB000140,D22,7,35,nuclei,HT29,binimetinib,0.974847704670097,0.0,727
PB000140,D22,9,45,nuclei,HT29,binimetinib,0.9302640421805464,6.195307e-318,727
PB000140,G05,1,5,nuclei,HCT116,binimetinib,0.997005140974684,0.0,727
PB000140,G05,3,15,nuclei,HCT116,binimetinib,0.9397144088955651,0.0,727
PB000140,G05,5,25,nuclei,HCT116,binimetinib,0.8954985151070792,4.227186341921547e-257,727
PB000140,G05,7,35,nuclei,HCT116,binimetinib,0.8922088425319602,1.712677025409903e-252,727
PB000140,G05,9,45,nuclei,HCT116,binimetinib,0.8552147396955437,3.9336599128047976e-209,727
PB000140,G05,11,55,nuclei,HCT116,binimetinib,0.8189922916080087,4.591165211947958e-177,727
PB000140,G08,1,5,nuclei,HCT116,abemaciclib,0.9979354363115053,0.0,727
PB000140,G08,3,15,nuclei,HCT116,abemaciclib,0.989236895383622,0.0,727
PB000140,G08,5,25,nuclei,HCT116,abemaciclib,0.9916759573846867,0.0,727
PB000140,G08,7,35,nuclei,HCT116,abemaciclib,0.991780664733214,0.0,727
PB000140,G08,9,45,nuclei,HCT116,abemaciclib,0.9874049025449894,0.0,727
PB000140,G08,11,55,nuclei,HCT116,abemaciclib,0.9736893010974877,0.0,727
PB000140,G19,1,5,nuclei,HT29,abemaciclib,0.997596482007066,0.0,727
PB000140,G19,3,15,nuclei,HT29,abemaciclib,0.9940672454088652,0.0,727
PB000140,G19,5,25,nuclei,HT29,abemaciclib,0.9998315004423332,0.0,727
PB000140,G19,7,35,nuclei,HT29,abemaciclib,0.9973257451447746,0.0,727
PB000140,G19,9,45,nuclei,HT29,abemaciclib,0.9936861645824178,0.0,727
PB000140,G19,11,55,nuclei,HT29,abemaciclib,0.9934451813088403,0.0,727
PB000140,H23,1,5,nuclei,HT29,DMSO,0.9990110000846567,0.0,727
PB000140,H23,3,15,nuclei,HT29,DMSO,0.9943746855041444,0.0,727
PB000140,H23,5,25,nuclei,HT29,DMSO,0.9998732782545237,0.0,727
PB000140,H23,7,35,nuclei,HT29,DMSO,0.9966081595211375,0.0,727
PB000140,H23,9,45,nuclei,HT29,DMSO,0.9964766543682687,0.0,727
PB000140,H23,11,55,nuclei,HT29,DMSO,0.9937009034446462,0.0,727
PB000140,I13,1,5,nuclei,HT29,binimetinib,0.9983201354644945,0.0,727
PB000140,I13,3,15,nuclei,HT29,binimetinib,0.9752056604656061,0.0,727
PB000140,I13,5,25,nuclei,HT29,binimetinib,0.9805021420385839,0.0,727
PB000140,I13,7,35,nuclei,HT29,binimetinib,0.98392298540957,0.0,727
PB000140,I13,9,45,nuclei,HT29,binimetinib,0.9479894728727292,0.0,727
PB000140,I13,11,55,nuclei,HT29,binimetinib,0.9543725558350502,0.0,727
PB000140,J04,1,5,nuclei,HCT116,abemaciclib,0.9884592820897223,0.0,727
PB000140,J04,3,15,nuclei,HCT116,abemaciclib,0.9835190937302263,0.0,727
PB000140,J04,5,25,nuclei,HCT116,abemaciclib,0.9731594406107387,0.0,727
PB000140,J04,7,35,nuclei,HCT116,abemaciclib,0.9630128889246367,0.0,727
PB000140,J04,9,45,nuclei,HCT116,abemaciclib,0.9760080475510413,0.0,727
PB000140,J04,11,55,nuclei,HCT116,abemaciclib,0.9688403234895212,0.0,727
PB000140,J17,1,5,nuclei,HT29,SN-38,0.9187275042417979,9.019856916105756e-295,727
PB000140,J17,3,15,nuclei,HT29,SN-38,0.90657232602182,8.003634769841555e-274,727
PB000140,J17,5,25,nuclei,HT29,SN-38,0.9604074129975058,0.0,727
PB000140,J17,7,35,nuclei,HT29,SN-38,0.967174464074768,0.0,727
PB000140,J17,9,45,nuclei,HT29,SN-38,0.9683607114963684,0.0,727
PB000140,J17,11,55,nuclei,HT29,SN-38,0.9444410076309173,0.0,727
PB000140,N05,1,5,nuclei,HCT116,DMSO,0.9874230011608869,0.0,727
PB000140,N05,3,15,nuclei,HCT116,DMSO,0.9905644066607053,0.0,727
PB000140,N05,5,25,nuclei,HCT116,DMSO,0.9995300538739529,0.0,727
PB000140,N05,7,35,nuclei,HCT116,DMSO,0.9986754933609987,0.0,727
PB000140,N05,9,45,nuclei,HCT116,DMSO,0.9141025228044792,1.9533971529975633e-286,727
PB000140,N05,11,55,nuclei,HCT116,DMSO,0.9861179952672215,0.0,727
PB000141,G02,1,5,nuclei,HT29,DMSO,0.9975402794687542,0.0,727
PB000141,G02,3,15,nuclei,HT29,DMSO,0.9888370327379221,0.0,727
PB000141,G02,5,25,nuclei,HT29,DMSO,0.988088869289326,0.0,727
PB000141,G02,7,35,nuclei,HT29,DMSO,0.9952909308372535,0.0,727
PB000141,G02,9,45,nuclei,HT29,DMSO,0.988566445028244,0.0,727
PB000141,G02,11,55,nuclei,HT29,DMSO,0.9772658900164405,0.0,727
PB000141,M23,1,5,nuclei,HT29,DMSO,0.9940705808203301,0.0,727
PB000141,M23,3,15,nuclei,HT29,DMSO,0.9934715034001333,0.0,727
PB000141,M23,5,25,nuclei,HT29,DMSO,0.9888733416651622,0.0,727
PB000141,M23,7,35,nuclei,HT29,DMSO,0.982584195359578,0.0,727
PB000141,M23,9,45,nuclei,HT29,DMSO,0.9803656809724096,0.0,727
PB000141,M23,11,55,nuclei,HT29,DMSO,0.9877852867111014,0.0,727
PB000137,D12,1,5,cytoplasm,HCT116,DMSO,0.9735188000380808,0.0,688
PB000137,D12,3,15,cytoplasm,HCT116,DMSO,0.9773104129184269,0.0,688
PB000137,D12,5,25,cytoplasm,HCT116,DMSO,0.9759649935969342,0.0,688
PB000137,D12,7,35,cytoplasm,HCT116,DMSO,0.9711028423679602,0.0,688
PB000137,D12,9,45,cytoplasm,HCT116,DMSO,0.9667401874232293,0.0,688
PB000137,D12,11,55,cytoplasm,HCT116,DMSO,0.9594533819389093,0.0,688
PB000137,F06,1,5,cytoplasm,HCT116,DMSO,0.9688538181392458,0.0,688
PB000137,F06,3,15,cytoplasm,HCT116,DMSO,0.9606064597331425,0.0,688
PB000137,F06,5,25,cytoplasm,HCT116,DMSO,0.9594917208880456,0.0,688
PB000137,F06,7,35,cytoplasm,HCT116,DMSO,0.9482488696346203,0.0,688
PB000137,F06,9,45,cytoplasm,HCT116,DMSO,0.9573821149917526,0.0,688
PB000137,F06,11,55,cytoplasm,HCT116,DMSO,0.949295189744709,0.0,688
PB000139,C03,1,5,cytoplasm,HCT116,binimetinib,0.9623898156300408,0.0,688
PB000139,C03,3,15,cytoplasm,HCT116,binimetinib,0.9387500577134351,1.283e-319,688
PB000139,C03,5,25,cytoplasm,HCT116,binimetinib,0.9409778732933011,0.0,688
PB000139,C03,7,35,cytoplasm,HCT116,binimetinib,0.969816682389796,0.0,688
PB000139,C03,9,45,cytoplasm,HCT116,binimetinib,0.9304065013224424,3.1148106968220642e-301,688
PB000139,C03,11,55,cytoplasm,HCT116,binimetinib,0.9571187393048484,0.0,688
PB000139,C12,1,5,cytoplasm,HT29,SN-38,0.9590452369057981,0.0,688
PB000139,C12,3,15,cytoplasm,HT29,SN-38,0.9787138896594606,0.0,688
PB000139,C12,5,25,cytoplasm,HT29,SN-38,0.9767315511279244,0.0,688
PB000139,C12,7,35,cytoplasm,HT29,SN-38,0.9699066255672314,0.0,688
PB000139,C12,9,45,cytoplasm,HT29,SN-38,0.9508994570400155,0.0,688
PB000139,C12,11,55,cytoplasm,HT29,SN-38,0.9488689669391137,0.0,688
PB000139,C14,1,5,cytoplasm,HT29,binimetinib,0.9661353068245042,0.0,688
PB000139,C14,3,15,cytoplasm,HT29,binimetinib,0.9469621816830691,0.0,688
PB000139,C14,5,25,cytoplasm,HT29,binimetinib,0.9582281163532947,0.0,688
PB000139,C14,7,35,cytoplasm,HT29,binimetinib,0.9559665447351521,0.0,688
PB000139,C23,1,5,cytoplasm,HCT116,SN-38,0.9661244519039316,0.0,688
PB000139,C23,3,15,cytoplasm,HCT116,SN-38,0.9633751399937946,0.0,688
PB000139,C23,5,25,cytoplasm,HCT116,SN-38,0.9478180701999399,0.0,688
PB000139,C23,7,35,cytoplasm,HCT116,SN-38,0.9719242593500692,0.0,688
PB000139,C23,9,45,cytoplasm,HCT116,SN-38,0.955393112374423,0.0,688
PB000139,C23,11,55,cytoplasm,HCT116,SN-38,0.9710995808953613,0.0,688
PB000139,D06,1,5,cytoplasm,HT29,SN-38,0.97681539926866,0.0,688
PB000139,D06,3,15,cytoplasm,HT29,SN-38,0.9650526021321086,0.0,688
PB000139,D06,5,25,cytoplasm,HT29,SN-38,0.9533451244356003,0.0,688
PB000139,D06,7,35,cytoplasm,HT29,SN-38,0.9508536438984633,0.0,688
PB000139,D06,9,45,cytoplasm,HT29,SN-38,0.9691084467508039,0.0,688
PB000139,D06,11,55,cytoplasm,HT29,SN-38,0.971538903945299,0.0,688
PB000139,D11,1,5,cytoplasm,HCT116,binimetinib,0.9643419435887192,0.0,688
PB000139,D11,3,15,cytoplasm,HCT116,binimetinib,0.942559813643307,0.0,688
PB000139,D11,5,25,cytoplasm,HCT116,binimetinib,0.9231055857966455,6.21221019711579e-287,688
PB000139,D11,7,35,cytoplasm,HCT116,binimetinib,0.936308820212529,5.541221719e-314,688
PB000139,D11,9,45,cytoplasm,HCT116,binimetinib,0.9699699296718176,0.0,688
PB000139,D11,11,55,cytoplasm,HCT116,binimetinib,0.9418671241047883,0.0,688
PB000139,G08,1,5,cytoplasm,HCT116,abemaciclib,0.9836020242488647,0.0,688
PB000139,G08,3,15,cytoplasm,HCT116,abemaciclib,0.9751260233724021,0.0,688
PB000139,G08,5,25,cytoplasm,HCT116,abemaciclib,0.9771725053274306,0.0,688
PB000139,G08,7,35,cytoplasm,HCT116,abemaciclib,0.9683068155426406,0.0,688
PB000139,G08,9,45,cytoplasm,HCT116,abemaciclib,0.9749059042413044,0.0,688
PB000139,G08,11,55,cytoplasm,HCT116,abemaciclib,0.948213284444896,0.0,688
PB000139,J06,1,5,cytoplasm,HCT116,SN-38,0.9652001235501675,0.0,688
PB000139,J06,3,15,cytoplasm,HCT116,SN-38,0.9699450079531371,0.0,688
PB000139,J06,5,25,cytoplasm,HCT116,SN-38,0.9665219177964481,0.0,688
PB000139,J06,7,35,cytoplasm,HCT116,SN-38,0.9637120882549141,0.0,688
PB000139,J06,9,45,cytoplasm,HCT116,SN-38,0.9592317233712297,0.0,688
PB000139,J06,11,55,cytoplasm,HCT116,SN-38,0.9703148006976576,0.0,688
PB000139,J15,1,5,cytoplasm,HT29,abemaciclib,0.9848306511362221,0.0,688
PB000139,J15,3,15,cytoplasm,HT29,abemaciclib,0.9810243149328425,0.0,688
PB000139,J15,5,25,cytoplasm,HT29,abemaciclib,0.9816433043706374,0.0,688
PB000139,J15,7,35,cytoplasm,HT29,abemaciclib,0.9815880648271984,0.0,688
PB000139,J15,9,45,cytoplasm,HT29,abemaciclib,0.9758346444764927,0.0,688
PB000139,J15,11,55,cytoplasm,HT29,abemaciclib,0.9843585255750329,0.0,688
PB000140,B14,1,5,cytoplasm,HT29,abemaciclib,0.9834216784115659,0.0,688
PB000140,B14,3,15,cytoplasm,HT29,abemaciclib,0.9862924482450718,0.0,688
PB000140,B14,5,25,cytoplasm,HT29,abemaciclib,0.9786045775698318,0.0,688
PB000140,B14,7,35,cytoplasm,HT29,abemaciclib,0.9748846804592327,0.0,688
PB000140,B14,9,45,cytoplasm,HT29,abemaciclib,0.9840240519759539,0.0,688
PB000140,B14,11,55,cytoplasm,HT29,abemaciclib,0.9796358647613802,0.0,688
PB000140,C23,1,5,cytoplasm,HCT116,SN-38,0.9704163040121887,0.0,688
PB000140,C23,3,15,cytoplasm,HCT116,SN-38,0.9770643451737532,0.0,688
PB000140,C23,5,25,cytoplasm,HCT116,SN-38,0.9668266405240161,0.0,688
PB000140,C23,7,35,cytoplasm,HCT116,SN-38,0.9464857682932358,0.0,688
PB000140,C23,9,45,cytoplasm,HCT116,SN-38,0.9514183248955295,0.0,688
PB000140,C23,11,55,cytoplasm,HCT116,SN-38,0.9676411097554917,0.0,688
PB000140,D22,1,5,cytoplasm,HT29,binimetinib,0.9549496407852891,0.0,688
PB000140,D22,3,15,cytoplasm,HT29,binimetinib,0.9627579783577691,0.0,688
PB000140,D22,5,25,cytoplasm,HT29,binimetinib,0.9471902378050214,0.0,688
PB000140,D22,7,35,cytoplasm,HT29,binimetinib,0.9493230901633083,0.0,688
PB000140,D22,9,45,cytoplasm,HT29,binimetinib,0.9748288142176758,0.0,688
PB000140,G05,1,5,cytoplasm,HCT116,binimetinib,0.9610875158731007,0.0,688
PB000140,G05,3,15,cytoplasm,HCT116,binimetinib,0.9578909866240403,0.0,688
PB000140,G05,5,25,cytoplasm,HCT116,binimetinib,0.972176370970421,0.0,688
PB000140,G05,7,35,cytoplasm,HCT116,binimetinib,0.9693127576915708,0.0,688
PB000140,G05,9,45,cytoplasm,HCT116,binimetinib,0.9684095584099222,0.0,688
PB000140,G05,11,55,cytoplasm,HCT116,binimetinib,0.9581964221384744,0.0,688
PB000140,G08,1,5,cytoplasm,HCT116,abemaciclib,0.9760713940900814,0.0,688
PB000140,G08,3,15,cytoplasm,HCT116,abemaciclib,0.9721372865520042,0.0,688
PB000140,G08,5,25,cytoplasm,HCT116,abemaciclib,0.9735734054609476,0.0,688
PB000140,G08,7,35,cytoplasm,HCT116,abemaciclib,0.9690467714587343,0.0,688
PB000140,G08,9,45,cytoplasm,HCT116,abemaciclib,0.9716591472812477,0.0,688
PB000140,G08,11,55,cytoplasm,HCT116,abemaciclib,0.9709255756874842,0.0,688
PB000140,G19,1,5,cytoplasm,HT29,abemaciclib,0.982175072086045,0.0,688
PB000140,G19,3,15,cytoplasm,HT29,abemaciclib,0.977087461724494,0.0,688
PB000140,G19,5,25,cytoplasm,HT29,abemaciclib,0.9846977104973185,0.0,688
PB000140,G19,7,35,cytoplasm,HT29,abemaciclib,0.985962987158611,0.0,688
PB000140,G19,9,45,cytoplasm,HT29,abemaciclib,0.980888790799953,0.0,688
PB000140,G19,11,55,cytoplasm,HT29,abemaciclib,0.9833720985850584,0.0,688
PB000140,H23,1,5,cytoplasm,HT29,DMSO,0.975613902988151,0.0,688
PB000140,H23,3,15,cytoplasm,HT29,DMSO,0.9693161000886589,0.0,688
PB000140,H23,5,25,cytoplasm,HT29,DMSO,0.9729399894649544,0.0,688
PB000140,H23,7,35,cytoplasm,HT29,DMSO,0.9717209849305504,0.0,688
PB000140,H23,9,45,cytoplasm,HT29,DMSO,0.9710170214698539,0.0,688
PB000140,H23,11,55,cytoplasm,HT29,DMSO,0.9703967774306586,0.0,688
PB000140,I13,1,5,cytoplasm,HT29,binimetinib,0.967419178857451,0.0,688
PB000140,I13,3,15,cytoplasm,HT29,binimetinib,0.9684933848591946,0.0,688
PB000140,I13,5,25,cytoplasm,HT29,binimetinib,0.9675033007487319,0.0,688
PB000140,I13,7,35,cytoplasm,HT29,binimetinib,0.9578712375998621,0.0,688
PB000140,I13,9,45,cytoplasm,HT29,binimetinib,0.96001762939124,0.0,688
PB000140,I13,11,55,cytoplasm,HT29,binimetinib,0.9643469425261286,0.0,688
PB000140,J04,1,5,cytoplasm,HCT116,abemaciclib,0.981864118493805,0.0,688
PB000140,J04,3,15,cytoplasm,HCT116,abemaciclib,0.9804559759772009,0.0,688
PB000140,J04,5,25,cytoplasm,HCT116,abemaciclib,0.9665156489064497,0.0,688
PB000140,J04,7,35,cytoplasm,HCT116,abemaciclib,0.9747420282446317,0.0,688
PB000140,J04,9,45,cytoplasm,HCT116,abemaciclib,0.9837498213493867,0.0,688
PB000140,J04,11,55,cytoplasm,HCT116,abemaciclib,0.9823857204461217,0.0,688
PB000140,J17,1,5,cytoplasm,HT29,SN-38,0.9820107340079092,0.0,688
PB000140,J17,3,15,cytoplasm,HT29,SN-38,0.9696482216319047,0.0,688
PB000140,J17,5,25,cytoplasm,HT29,SN-38,0.972780041417622,0.0,688
PB000140,J17,7,35,cytoplasm,HT29,SN-38,0.9669316309676396,0.0,688
PB000140,J17,9,45,cytoplasm,HT29,SN-38,0.9762579738144087,0.0,688
PB000140,J17,11,55,cytoplasm,HT29,SN-38,0.973028345165615,0.0,688
PB000140,N05,1,5,cytoplasm,HCT116,DMSO,0.9677133184536053,0.0,688
PB000140,N05,3,15,cytoplasm,HCT116,DMSO,0.9605848139603195,0.0,688
PB000140,N05,5,25,cytoplasm,HCT116,DMSO,0.9821726179669196,0.0,688
PB000140,N05,7,35,cytoplasm,HCT116,DMSO,0.9811111308261969,0.0,688
PB000140,N05,9,45,cytoplasm,HCT116,DMSO,0.6253088638964762,6.420152421578872e-76,688
PB000140,N05,11,55,cytoplasm,HCT116,DMSO,0.97937403337682,0.0,688
PB000141,G02,1,5,cytoplasm,HT29,DMSO,0.9676862612210272,0.0,688
PB000141,G02,3,15,cytoplasm,HT29,DMSO,0.9761736793667763,0.0,688
PB000141,G02,5,25,cytoplasm,HT29,DMSO,0.9639587122103237,0.0,688
PB000141,G02,7,35,cytoplasm,HT29,DMSO,0.9688287122137205,0.0,688
PB000141,G02,9,45,cytoplasm,HT29,DMSO,0.9749238971718233,0.0,688
PB000141,G02,11,55,cytoplasm,HT29,DMSO,0.9790622675559439,0.0,688
PB000141,M23,1,5,cytoplasm,HT29,DMSO,0.9756734654362498,0.0,688
PB000141,M23,3,15,cytoplasm,HT29,DMSO,0.9696507650363122,0.0,688
PB000141,M23,5,25,cytoplasm,HT29,DMSO,0.9686934475351194,0.0,688
PB000141,M23,7,35,cytoplasm,HT29,DMSO,0.9718730155163018,0.0,688
PB000141,M23,9,45,cytoplasm,HT29,DMSO,0.9611234555754042,0.0,688
PB000141,M23,11,55,cytoplasm,HT29,DMSO,0.9712890763775175,0.0,688
