,Drug1,Drug2,sim_2D,sim_3D,pair_class
400,Fluor,Gemci,0.8012874594070478,0.6641410488789024,Antimetabolite x Antimetabolite
416,Fluor,Trifl,0.8199009697729062,0.6676484096089921,Antimetabolite x Antimetabolite
455,Gemci,Trifl,0.9407266225228856,0.8623743268165092,Antimetabolite x Antimetabolite
47,AMG23,Fluor,0.7455246094907112,0.7712482677894612,Antimetabolite x MDM2i / Topo I
49,AMG23,Gemci,0.6631381149134103,0.7746895153643147,Antimetabolite x MDM2i / Topo I
65,AMG23,Trifl,0.7815036216284893,0.7943793551012996,Antimetabolite x MDM2i / Topo I
402,Fluor,Nutli,0.8246980019917867,0.741011945984958,Antimetabolite x MDM2i / Topo I
411,Fluor,SN-38,0.7801850137338637,0.7391334829718019,Antimetabolite x MDM2i / Topo I
441,Gemci,Nutli,0.7285372680741115,0.7881390633824515,Antimetabolite x MDM2i / Topo I
450,Gemci,SN-38,0.8041330272334367,0.8155409566397451,Antimetabolite x MDM2i / Topo I
490,Nutli,Trifl,0.8321900265067272,0.8656729293222865,Antimetabolite x MDM2i / Topo I
598,SN-38,Trifl,0.7753388877024179,0.8066771250684079,Antimetabolite x MDM2i / Topo I
403,Fluor,Olapa,0.8856316740564117,0.3770900447254925,Antimetabolite x PARPi
442,Gemci,Olapa,0.7830462822739575,0.7092910823946044,Antimetabolite x PARPi
506,Olapa,Trifl,0.9029750913208574,0.7956665216924451,Antimetabolite x PARPi
8,5Z-7-,Binim,0.8307460360497728,0.86111399912359,MAPK x MAPK
9,5Z-7-,Cobim,0.8879545257124102,0.7634145912166626,MAPK x MAPK
11,5Z-7-,Dabra,0.6689523187790679,0.7650188802667142,MAPK x MAPK
12,5Z-7-,Encor,0.754720077001217,0.7649768658143974,MAPK x MAPK
20,5Z-7-,PD032,0.8664656726893687,0.7633386329937831,MAPK x MAPK
24,5Z-7-,Regor,0.6340496991958013,0.8094655766332866,MAPK x MAPK
27,5Z-7-,Soraf,0.6497785729076838,0.8671597055266083,MAPK x MAPK
30,5Z-7-,Trame,0.8783151278966917,0.7300691961018411,MAPK x MAPK
279,Binim,Cobim,0.9531525937071378,0.906006316124075,MAPK x MAPK
281,Binim,Dabra,0.9196814963163422,0.6697016642064888,MAPK x MAPK
282,Binim,Encor,0.8378023668256218,0.8933337567078729,MAPK x MAPK
290,Binim,PD032,0.9468674650902164,0.8839298325403302,MAPK x MAPK
294,Binim,Regor,0.8990154143655831,0.7115905245257095,MAPK x MAPK
297,Binim,Soraf,0.7890045305543776,0.81256326644631,MAPK x MAPK
300,Binim,Trame,0.963122342883108,0.8383326437406546,MAPK x MAPK
306,Cobim,Dabra,0.8522357556960759,0.5182780675339637,MAPK x MAPK
307,Cobim,Encor,0.8101194672691978,0.881316117860832,MAPK x MAPK
315,Cobim,PD032,0.9561955216577436,0.8483120921745966,MAPK x MAPK
319,Cobim,Regor,0.8473724909733735,0.5627056286880671,MAPK x MAPK
322,Cobim,Soraf,0.8133708784702015,0.6396370287760464,MAPK x MAPK
325,Cobim,Trame,0.9724161923595948,0.8386161373583135,MAPK x MAPK
354,Dabra,Encor,0.8547110537037262,0.7720447273487879,MAPK x MAPK
362,Dabra,PD032,0.8633224538729722,0.6888174773207285,MAPK x MAPK
366,Dabra,Regor,0.9150119310640564,0.8246237567511457,MAPK x MAPK
369,Dabra,Soraf,0.7877802451427987,0.7643284978070439,MAPK x MAPK
372,Dabra,Trame,0.7226326369360625,0.503401864122448,MAPK x MAPK
384,Encor,PD032,0.8011684074124196,0.834980089431798,MAPK x MAPK
388,Encor,Regor,0.8343797424385448,0.7793011237403413,MAPK x MAPK
391,Encor,Soraf,0.7515774605062274,0.7498874437871967,MAPK x MAPK
394,Encor,Trame,0.8177392009715925,0.8275876172056646,MAPK x MAPK
528,PD032,Regor,0.8902436847366495,0.8066668547474272,MAPK x MAPK
531,PD032,Soraf,0.6759376649188418,0.7370940681824301,MAPK x MAPK
534,PD032,Trame,0.9564565914295398,0.8633010861323528,MAPK x MAPK
577,Regor,Soraf,0.8693409925421551,0.7745759592063914,MAPK x MAPK
580,Regor,Trame,0.7914806338110238,0.5065992355113953,MAPK x MAPK
604,Soraf,Trame,0.7188693779253857,0.6352672620778476,MAPK x MAPK
0,5Z-7-,AMG23,0.4800958707671418,0.3265149900270253,Other
1,5Z-7-,AZD45,0.5626711238885044,0.6629638653724453,Other
2,5Z-7-,AZD77,0.7524174781469456,0.7323059425581154,Other
3,5Z-7-,AZD80,0.6606688459105297,0.6049489728206054,Other
4,5Z-7-,Adavo,0.7618351498159015,0.6300195389261205,Other
5,5Z-7-,Afati,0.770747382696791,0.7110306417849398,Other
6,5Z-7-,Alpel,0.5299905308354076,0.7056289813894405,Other
7,5Z-7-,BMS-7,0.6565238504834902,0.5873871927026391,Other
10,5Z-7-,Crizo,0.6391445535921693,0.506975293832906,Other
13,5Z-7-,Fluor,0.6556353367313681,0.3904121538437507,Other
14,5Z-7-,Gefit,0.5178887371947196,0.736052902205559,Other
15,5Z-7-,Gemci,0.6635986919189033,0.4536807368958452,Other
16,5Z-7-,MK-22,0.4089272521157323,0.4634019069355739,Other
17,5Z-7-,Nutli,0.498709714231231,0.2522129198970958,Other
18,5Z-7-,Olapa,0.4471219441089656,0.0140970564635313,Other
19,5Z-7-,Oxali,0.6530126780858501,0.696184120500714,Other
21,5Z-7-,PI-10,0.6854315570956565,0.6006680600910905,Other
22,5Z-7-,Pacli,0.6208887132602557,0.6093864235924369,Other
23,5Z-7-,Palbo,0.5824586870773472,0.271885447358671,Other
25,5Z-7-,SB505,0.6306229124234033,0.372317428397787,Other
26,5Z-7-,SN-38,0.7018662189941065,0.6928098363503272,Other
28,5Z-7-,Tanes,0.7177674935537002,0.645137434360893,Other
29,5Z-7-,Tasel,0.562797622123384,0.7969995645269232,Other
31,5Z-7-,Trifl,0.5514742880268135,0.3609771651449268,Other
32,5Z-7-,Vinor,0.6154165623710801,0.6122679849447608,Other
33,5Z-7-,Vorin,0.6028186980557956,0.5442960867122849,Other
34,5Z-7-,abema,0.6750518194811481,0.4092643587174491,Other
35,AMG23,AZD45,0.3633179288342099,0.3551833747144242,Other
36,AMG23,AZD77,0.3595649367041965,0.5094555692375166,Other
37,AMG23,AZD80,-0.0503364485567545,0.0326265412716363,Other
38,AMG23,Adavo,0.5788283956940428,0.6267655501677313,Other
39,AMG23,Afati,0.4912966413866066,0.2734910793101056,Other
40,AMG23,Alpel,0.0283449405059936,0.0636412207968862,Other
41,AMG23,BMS-7,0.6485904525152911,0.7475034419191734,Other
42,AMG23,Binim,0.2988461336472965,0.2753678144671585,Other
43,AMG23,Cobim,0.4303665150901559,0.1228634807449384,Other
44,AMG23,Crizo,0.560065491649763,0.5963204184834818,Other
45,AMG23,Dabra,0.4612672788325919,0.2818641161085114,Other
46,AMG23,Encor,0.4484345105551064,0.1251422957732886,Other
48,AMG23,Gefit,0.1163455211054308,0.0981580584133089,Other
50,AMG23,MK-22,0.1951052890835164,0.0049037103487633,Other
51,AMG23,Nutli,0.963464378336111,0.8807460095577633,Other
52,AMG23,Olapa,0.7435896135866926,0.5431940022026909,Other
53,AMG23,Oxali,0.756118364910459,0.6089999637614318,Other
54,AMG23,PD032,0.4044506692076031,0.2419562549826363,Other
55,AMG23,PI-10,0.0729734167770495,-0.0996833790091345,Other
56,AMG23,Pacli,0.2968311995585662,0.6723952877962798,Other
57,AMG23,Palbo,0.9078006395966576,0.7773908044453841,Other
58,AMG23,Regor,0.143064659185605,0.3100275399172751,Other
59,AMG23,SB505,0.2517585642238148,0.3980161507711187,Other
60,AMG23,SN-38,0.7487066691973265,0.8312407951418513,Other
61,AMG23,Soraf,0.4358667423201623,0.2850082682931071,Other
62,AMG23,Tanes,0.657028384329647,0.482639204622392,Other
63,AMG23,Tasel,0.2250054677259639,0.074586957027024,Other
64,AMG23,Trame,0.3988111480225027,0.1691080138680019,Other
66,AMG23,Vinor,0.4783644904430915,0.8002003326915805,Other
67,AMG23,Vorin,0.5252968781474451,0.6858334721836159,Other
68,AMG23,abema,0.8682497524795665,0.7958284839694116,Other
69,AZD45,AZD77,0.6218932973851676,0.6902388132507695,Other
70,AZD45,AZD80,0.4843923746576624,0.4082367646842401,Other
71,AZD45,Adavo,0.5738624182494136,0.6474107620099558,Other
72,AZD45,Afati,0.6863631723442918,0.6906228349049307,Other
73,AZD45,Alpel,0.481981481165569,0.5580017959401782,Other
74,AZD45,BMS-7,0.5032988994330831,0.6686480621824019,Other
75,AZD45,Binim,0.6017113037537797,0.6537477141958019,Other
76,AZD45,Cobim,0.6751044891552671,0.5641904526709385,Other
77,AZD45,Crizo,0.6300768840504247,0.6817768906641797,Other
78,AZD45,Dabra,0.5645878744452242,0.6224581722872281,Other
79,AZD45,Encor,0.6920538717131751,0.7138889225468067,Other
80,AZD45,Fluor,-0.0365869714858423,0.3825166435349202,Other
81,AZD45,Gefit,0.787112465979674,0.7331611587716957,Other
82,AZD45,Gemci,0.1106422593238116,0.5626971591158019,Other
83,AZD45,MK-22,0.6750776302418129,0.3285102864634278,Other
84,AZD45,Nutli,0.3308663380339588,0.3515453893888093,Other
85,AZD45,Olapa,-0.106549508733753,0.1560922548321702,Other
86,AZD45,Oxali,0.4155411937017863,0.4342406912589507,Other
87,AZD45,PD032,0.5607872135004257,0.7028272216480941,Other
88,AZD45,PI-10,0.5594255720418959,0.4482183941387282,Other
89,AZD45,Pacli,0.4066168962976391,0.588625392565874,Other
90,AZD45,Palbo,0.7454655964449906,0.3608947893535157,Other
91,AZD45,Regor,0.7226944347927287,0.640164281052052,Other
92,AZD45,SB505,0.4282338312441008,0.4396598945060672,Other
93,AZD45,SN-38,0.262212002757718,0.5983882632116504,Other
94,AZD45,Soraf,0.720305047371189,0.6954213261406732,Other
95,AZD45,Tanes,0.5070955055464818,0.6147059099380685,Other
96,AZD45,Tasel,0.5856299159308662,0.617683468195305,Other
97,AZD45,Trame,0.6156436606758096,0.5552368305927657,Other
98,AZD45,Trifl,-0.0082506997047316,0.44777455924208,Other
99,AZD45,Vinor,0.457745941812732,0.4057977835832645,Other
100,AZD45,Vorin,0.569755351089178,0.5177168346267988,Other
101,AZD45,abema,0.6544535739286861,0.5167243502058074,Other
102,AZD77,AZD80,0.7556133334536671,0.4517422759420542,Other
103,AZD77,Adavo,0.8433856918885526,0.7217696672856758,Other
104,AZD77,Afati,0.7697376000567429,0.6478728048697957,Other
105,AZD77,Alpel,0.8199821418959273,0.5166386094866402,Other
106,AZD77,BMS-7,0.906527964627731,0.6659771188057587,Other
107,AZD77,Binim,0.7525365333512031,0.6306228710568962,Other
108,AZD77,Cobim,0.7680775538296611,0.5403172813223203,Other
109,AZD77,Crizo,0.825032974175659,0.6509379108568576,Other
110,AZD77,Dabra,0.7169961756647212,0.7512712334745781,Other
111,AZD77,Encor,0.9141118261122758,0.6503514427424453,Other
112,AZD77,Fluor,0.2333395570706465,0.4697901711894634,Other
113,AZD77,Gefit,0.493574925099319,0.7111096238898911,Other
114,AZD77,Gemci,0.3455836362521057,0.6917894018625406,Other
115,AZD77,MK-22,0.4620638028372077,0.3516433120776771,Other
116,AZD77,Nutli,0.3469836399629674,0.4934854035268561,Other
117,AZD77,Olapa,0.2816974645675108,0.1871862248118808,Other
118,AZD77,Oxali,0.4970806261026689,0.5701987257122799,Other
119,AZD77,PD032,0.7059467394364085,0.6557627870333591,Other
120,AZD77,PI-10,0.8404766333036142,0.5794911321692785,Other
121,AZD77,Pacli,0.8500804185946002,0.5750549837467207,Other
122,AZD77,Palbo,0.5204741140735727,0.3898916341920793,Other
123,AZD77,Regor,0.6629848739744297,0.7734384919784494,Other
124,AZD77,SB505,0.6595899134437353,0.5825305794801617,Other
125,AZD77,SN-38,0.7219261657117751,0.7347312478559309,Other
126,AZD77,Soraf,0.5903631373537251,0.7247805893304959,Other
127,AZD77,Tanes,0.6780158796525098,0.6823329513303507,Other
128,AZD77,Tasel,0.9298580287219278,0.602367165363044,Other
129,AZD77,Trame,0.7235391773685051,0.5387155425580505,Other
130,AZD77,Trifl,0.2519797465135229,0.6304325194625797,Other
131,AZD77,Vinor,0.8271082859985746,0.6264919764120911,Other
132,AZD77,Vorin,0.6681614409200581,0.6677844078691255,Other
133,AZD77,abema,0.5976178496798619,0.4857421469482592,Other
134,AZD80,Adavo,0.7471083475235063,0.6966963791683122,Other
135,AZD80,Afati,0.8027463257404521,0.6916089554556993,Other
136,AZD80,Alpel,0.7820597573888094,0.7813108798723187,Other
137,AZD80,BMS-7,0.6317760260856033,0.4140355522999102,Other
138,AZD80,Binim,0.7357272115496997,0.6928924121105018,Other
139,AZD80,Cobim,0.6366384549724178,0.6879291264630258,Other
140,AZD80,Crizo,0.4281523463799349,0.1343395671766687,Other
141,AZD80,Dabra,0.6067359451421819,0.6740030489089216,Other
142,AZD80,Encor,0.8461201584392194,0.6846166587796217,Other
143,AZD80,Fluor,0.1001024347242854,0.0760690724735279,Other
144,AZD80,Gefit,0.5037051929864375,0.5640135668207181,Other
145,AZD80,Gemci,0.0880310375824832,0.2265061765755546,Other
146,AZD80,MK-22,0.6836015097300874,0.4578109360705618,Other
147,AZD80,Nutli,-0.0861544141859245,-0.0286655801746467,Other
148,AZD80,Olapa,-0.0537425983321092,0.0625917301346836,Other
149,AZD80,Oxali,0.3522363993435519,0.54152383521898,Other
150,AZD80,PD032,0.65842137785506,0.6769419809993822,Other
151,AZD80,PI-10,0.9177642529238949,0.7752427540686628,Other
152,AZD80,Pacli,0.6205277406820431,0.5762135622316575,Other
153,AZD80,Palbo,0.2285238041371793,-0.1719236605770703,Other
154,AZD80,Regor,0.5989434958372892,0.4819630153702196,Other
155,AZD80,SB505,0.5737580389212986,0.2733182734030301,Other
156,AZD80,SN-38,0.3187013985595437,0.4165574689617644,Other
157,AZD80,Soraf,0.5418508045009818,0.6395902016989858,Other
158,AZD80,Tanes,0.5166476746774766,0.5612331748393504,Other
159,AZD80,Tasel,0.784317385634373,0.7979163376250236,Other
160,AZD80,Trame,0.6529253753265369,0.6868729055168608,Other
161,AZD80,Trifl,-0.0479819054108637,0.0140603885636677,Other
162,AZD80,Vinor,0.5209023401886785,0.2919678903323814,Other
163,AZD80,Vorin,0.3371679747331131,0.3312277953947342,Other
164,AZD80,abema,0.3192552668143401,0.1036730808967119,Other
165,Adavo,Afati,0.8464749445872743,0.6107847933115659,Other
166,Adavo,Alpel,0.760975861589437,0.5417427222702538,Other
167,Adavo,BMS-7,0.7766921313967324,0.7649755656275439,Other
168,Adavo,Binim,0.7401350512980223,0.5675001971063721,Other
169,Adavo,Cobim,0.7376714954614982,0.5711234004043415,Other
170,Adavo,Crizo,0.7733018870715561,0.5915667741130678,Other
171,Adavo,Dabra,0.7683147949304234,0.6048852239948451,Other
172,Adavo,Encor,0.8306710632953975,0.5058802798322057,Other
173,Adavo,Fluor,0.3321119846307587,0.5531266038576883,Other
174,Adavo,Gefit,0.4963289014839317,0.5058427365774385,Other
175,Adavo,Gemci,0.4051810545994185,0.7347754233280065,Other
176,Adavo,MK-22,0.4498554351983161,0.3474908093251749,Other
177,Adavo,Nutli,0.5288264334615952,0.602951387695543,Other
178,Adavo,Olapa,0.2451833920913121,0.4656952852344045,Other
179,Adavo,Oxali,0.6705281389952104,0.7277574062685437,Other
180,Adavo,PD032,0.7113533241253212,0.6094018152706719,Other
181,Adavo,PI-10,0.836078308923886,0.5070574782687104,Other
182,Adavo,Pacli,0.8532306023023133,0.8107001963512752,Other
183,Adavo,Palbo,0.7036280653271331,0.3638491705631221,Other
184,Adavo,Regor,0.6249155692472669,0.4290512791446856,Other
185,Adavo,SB505,0.640339206704105,0.600535239899727,Other
186,Adavo,SN-38,0.6147475917930513,0.8345002206315308,Other
187,Adavo,Soraf,0.6825041006825865,0.6163710951183949,Other
188,Adavo,Tanes,0.8323740348627665,0.5810628730825171,Other
189,Adavo,Tasel,0.7650426951179397,0.6897694890987836,Other
190,Adavo,Trame,0.7412620007761679,0.6679167038046182,Other
191,Adavo,Trifl,0.2554343380623761,0.7125370813290015,Other
192,Adavo,Vinor,0.7483241826780729,0.7605856447258809,Other
193,Adavo,Vorin,0.7117784159206282,0.6160407734703259,Other
194,Adavo,abema,0.7556941983202609,0.5801122994507925,Other
195,Afati,Alpel,0.6316406103500157,0.7312516951481514,Other
196,Afati,BMS-7,0.6119589092751704,0.5575535637471398,Other
197,Afati,Binim,0.7926876653708068,0.6872127179699079,Other
198,Afati,Cobim,0.7635603848009901,0.7058679057626327,Other
199,Afati,Crizo,0.7004557761310373,0.6560169792163015,Other
200,Afati,Dabra,0.7034910860177408,0.8083513413506624,Other
201,Afati,Encor,0.8984500161016258,0.7748327055238831,Other
202,Afati,Fluor,0.2091866516213398,0.3942456721794413,Other
203,Afati,Gefit,0.7233573212715102,0.7883031705064729,Other
204,Afati,Gemci,0.1912808631507222,0.426387390109366,Other
205,Afati,MK-22,0.5212408545994656,0.6039659960729138,Other
206,Afati,Nutli,0.4422960072028875,0.1948577369993195,Other
207,Afati,Olapa,0.1397109960190922,-0.0673212586515592,Other
208,Afati,Oxali,0.4620183668561848,0.3072987209927019,Other
209,Afati,PD032,0.7773234541326479,0.7442299374507985,Other
210,Afati,PI-10,0.8268218784262942,0.7691015667562136,Other
211,Afati,Pacli,0.6223400253703851,0.6237607755183583,Other
212,Afati,Palbo,0.7403688173213386,0.1938543876284122,Other
213,Afati,Regor,0.7507259019067122,0.7372929108627281,Other
214,Afati,SB505,0.5728209010217364,0.4449618283821781,Other
215,Afati,SN-38,0.5428960210296894,0.599058134218694,Other
216,Afati,Soraf,0.7637678843734235,0.7467186471347107,Other
217,Afati,Tanes,0.7478708462704264,0.6638438515191939,Other
218,Afati,Tasel,0.7215010033116249,0.8397163013373948,Other
219,Afati,Trame,0.7670156807292902,0.6037142855287259,Other
220,Afati,Trifl,0.0950033799096416,0.2879976071541897,Other
221,Afati,Vinor,0.7469062449533783,0.3964209866216103,Other
222,Afati,Vorin,0.7644535436452047,0.3011598214733386,Other
223,Afati,abema,0.7550288454340188,0.5527847807903624,Other
224,Alpel,BMS-7,0.3547028997130949,0.469071093698875,Other
225,Alpel,Binim,0.725793943406825,0.7587924400874446,Other
226,Alpel,Cobim,0.7737946202615044,0.7160541475496138,Other
227,Alpel,Crizo,0.1957153349456558,0.3628832542116815,Other
228,Alpel,Dabra,0.7606838920974827,0.6710538659563737,Other
229,Alpel,Encor,0.8167364102490273,0.767101664431198,Other
230,Alpel,Fluor,-0.3243180121551245,0.2895437813358891,Other
231,Alpel,Gefit,0.418777039782316,0.6423493162906551,Other
232,Alpel,Gemci,-0.1574168023283593,0.1680076407523616,Other
233,Alpel,MK-22,0.3901279663425378,0.4659614094606203,Other
234,Alpel,Nutli,-0.0142345307641219,-0.0255644138765557,Other
235,Alpel,Olapa,-0.2651368251038063,-0.2151214623544394,Other
236,Alpel,Oxali,0.1550425090535943,0.4402479114912449,Other
237,Alpel,PD032,0.6710751966208031,0.7072075881999791,Other
238,Alpel,PI-10,0.8775248392963115,0.7773852929665643,Other
239,Alpel,Pacli,0.4248591220102901,0.4949385464473481,Other
240,Alpel,Palbo,0.284057958984926,-0.0240643661962321,Other
241,Alpel,Regor,0.6615191185630191,0.5907380130782405,Other
242,Alpel,SB505,0.1241538343867956,0.2771980985994086,Other
243,Alpel,SN-38,0.1058695672697366,0.5708748714130438,Other
244,Alpel,Soraf,0.6275033209924328,0.6673440896726892,Other
245,Alpel,Tanes,0.277102683548409,0.5666737927714298,Other
246,Alpel,Tasel,0.9575244595330984,0.8698469465588317,Other
247,Alpel,Trame,0.6462048208933763,0.6720952362429097,Other
248,Alpel,Trifl,-0.2775724158547882,0.011267402778359,Other
249,Alpel,Vinor,0.2922340916618006,0.3608555722624886,Other
250,Alpel,Vorin,0.3393584381692211,0.1975883683334053,Other
251,Alpel,abema,0.3940360027973746,0.2712099275153888,Other
252,BMS-7,Binim,0.6757560059204719,0.4638608158470526,Other
253,BMS-7,Cobim,0.6663727363018519,0.3890588484056807,Other
254,BMS-7,Crizo,0.8711020513354137,0.7139861090616475,Other
255,BMS-7,Dabra,0.5947814929469972,0.5304586693418012,Other
256,BMS-7,Encor,0.5778144677785189,0.4917129274422858,Other
257,BMS-7,Fluor,0.5224644506997905,0.6410547304139621,Other
258,BMS-7,Gefit,0.2855309427690974,0.5694535204504934,Other
259,BMS-7,Gemci,0.5870170158761779,0.728859302589399,Other
260,BMS-7,MK-22,0.4100226244366187,0.198625059130707,Other
261,BMS-7,Nutli,0.6350111708384585,0.6829776024325505,Other
262,BMS-7,Olapa,0.6412320614370304,0.4279627008721273,Other
263,BMS-7,Oxali,0.5863602311467858,0.5216175750694385,Other
264,BMS-7,PD032,0.6351965984784768,0.490178473624433,Other
265,BMS-7,PI-10,0.501067449055692,0.3746154733619691,Other
266,BMS-7,Pacli,0.8151990688456022,0.7573045664483422,Other
267,BMS-7,Palbo,0.6530163034688263,0.572782087810539,Other
268,BMS-7,Regor,0.4049078096108863,0.47077121091559,Other
269,BMS-7,SB505,0.5166309433192751,0.5598833148187221,Other
270,BMS-7,SN-38,0.6191090595971553,0.7882058001506547,Other
271,BMS-7,Soraf,0.5217337908814126,0.575343419150963,Other
272,BMS-7,Tanes,0.5811023702780247,0.5153814943549865,Other
273,BMS-7,Tasel,0.5618993548024211,0.5199148426098148,Other
274,BMS-7,Trame,0.6493166179040403,0.4469607281919084,Other
275,BMS-7,Trifl,0.5243598880707485,0.6777857381280953,Other
276,BMS-7,Vinor,0.7044134663652716,0.5969189949291683,Other
277,BMS-7,Vorin,0.5363000823018707,0.7540687114036241,Other
278,BMS-7,abema,0.6636864878057057,0.6182468027206421,Other
280,Binim,Crizo,0.6249024725998393,0.5800591965788074,Other
283,Binim,Fluor,0.1210655691866294,0.2156222871732188,Other
284,Binim,Gefit,0.6227346970614689,0.7090903215452808,Other
285,Binim,Gemci,0.2940004105417088,0.336014599747778,Other
286,Binim,MK-22,0.484822264814826,0.6498938437779574,Other
287,Binim,Nutli,0.2553252140680253,0.0309789707111758,Other
288,Binim,Olapa,-0.0107011570055282,-0.0345749069296563,Other
289,Binim,Oxali,0.5657610085500554,0.5257602568387085,Other
291,Binim,PI-10,0.7196976387145195,0.6022712490672,Other
292,Binim,Pacli,0.6915674000556031,0.5487141975848016,Other
293,Binim,Palbo,0.5228327302259578,0.165694479083779,Other
295,Binim,SB505,0.6513109380485529,0.2995731308122095,Other
296,Binim,SN-38,0.3467705156861072,0.658226222230557,Other
298,Binim,Tanes,0.7316281550451322,0.7631175143263333,Other
299,Binim,Tasel,0.7878037694855007,0.8327458225636559,Other
301,Binim,Trifl,0.1043304668212841,0.180804773894635,Other
302,Binim,Vinor,0.574904809760002,0.4624007121283368,Other
303,Binim,Vorin,0.479060777376758,0.3172072162451947,Other
304,Binim,abema,0.5785815547898184,0.2910766879019464,Other
305,Cobim,Crizo,0.6312774377521561,0.4676573187541468,Other
308,Cobim,Fluor,0.2970719314366096,0.2562966601527853,Other
309,Cobim,Gefit,0.6511724267538154,0.5544111438717114,Other
310,Cobim,Gemci,0.4417309951696638,0.3130529309438661,Other
311,Cobim,MK-22,0.5565846822078433,0.7218449343932414,Other
312,Cobim,Nutli,0.3874926793627855,0.0515864054069919,Other
313,Cobim,Olapa,0.1372043881604033,-0.2054967545068592,Other
314,Cobim,Oxali,0.6043451244129403,0.525592594430234,Other
316,Cobim,PI-10,0.7152155365105023,0.5223376306309174,Other
317,Cobim,Pacli,0.6260412059101524,0.5590341102698493,Other
318,Cobim,Palbo,0.6691911601176883,0.0356615967343642,Other
320,Cobim,SB505,0.6743429057303815,0.1962460388525174,Other
321,Cobim,SN-38,0.4910499926634492,0.7068956271892284,Other
323,Cobim,Tanes,0.7595735461893403,0.7911408519531641,Other
324,Cobim,Tasel,0.76930305323038,0.8266712877113718,Other
326,Cobim,Trifl,0.3076704863929901,0.1820139330245416,Other
327,Cobim,Vinor,0.5225547286838605,0.4599273987774521,Other
328,Cobim,Vorin,0.5880695731719284,0.2567112513301554,Other
329,Cobim,abema,0.6475195086630408,0.3494993630395148,Other
330,Crizo,Dabra,0.5469267771976166,0.5287019415858749,Other
331,Crizo,Encor,0.530150097150053,0.5099361080740697,Other
332,Crizo,Fluor,0.4443873703247363,0.6071034793283498,Other
333,Crizo,Gefit,0.4521436584641617,0.5290373449043301,Other
334,Crizo,Gemci,0.460782277799067,0.7686056479673595,Other
335,Crizo,MK-22,0.5076075287562135,0.428332904330204,Other
336,Crizo,Nutli,0.5742474730764918,0.6027498198188125,Other
337,Crizo,Olapa,0.5014936157652594,0.4038476908515174,Other
338,Crizo,Oxali,0.4973292298848014,0.3566512161263858,Other
339,Crizo,PD032,0.6613213696027261,0.5806738688344572,Other
340,Crizo,PI-10,0.3755390252957273,0.3021990315784777,Other
341,Crizo,Pacli,0.7577515604214613,0.6552450564744965,Other
342,Crizo,Palbo,0.799607289033223,0.657879694584222,Other
343,Crizo,Regor,0.4003575123073838,0.5909548976363982,Other
344,Crizo,SB505,0.5826906304859012,0.6686420854234859,Other
345,Crizo,SN-38,0.4218921591427499,0.6060419507081134,Other
346,Crizo,Soraf,0.5137069498507291,0.48632815346374,Other
347,Crizo,Tanes,0.6050131038197284,0.6964990697009212,Other
348,Crizo,Tasel,0.3368878235508947,0.4071525594703314,Other
349,Crizo,Trame,0.649006253762611,0.3467117449138699,Other
350,Crizo,Trifl,0.4189290314965256,0.6220111874829118,Other
351,Crizo,Vinor,0.6305631447382174,0.4339256745101514,Other
352,Crizo,Vorin,0.5251695604654012,0.5183083692992441,Other
353,Crizo,abema,0.6063180046363796,0.7029894071254653,Other
355,Dabra,Fluor,0.1441413373389369,0.3468896285850065,Other
356,Dabra,Gefit,0.6683058280413638,0.7641456810306294,Other
357,Dabra,Gemci,0.1992018169251384,0.3389064767592233,Other
358,Dabra,MK-22,0.4439463137309057,0.2861886410411809,Other
359,Dabra,Nutli,0.3893008748223699,0.1010271834355566,Other
360,Dabra,Olapa,0.1993518334820487,0.1872961275454968,Other
361,Dabra,Oxali,0.4069086106319964,0.3404289110227031,Other
363,Dabra,PI-10,0.6732399157993387,0.7680611458187097,Other
364,Dabra,Pacli,0.4139239239792334,0.5679853357529325,Other
365,Dabra,Palbo,0.3901470446251058,0.2762416943357097,Other
367,Dabra,SB505,0.4653790119186751,0.5493892684951318,Other
368,Dabra,SN-38,0.3126136572101704,0.3513849447078525,Other
370,Dabra,Tanes,0.4852722489177359,0.6360218992536146,Other
371,Dabra,Tasel,0.7972231247437632,0.7808135933477154,Other
373,Dabra,Trifl,0.2229258342833783,0.1440550560908283,Other
374,Dabra,Vinor,0.3772081998228456,0.4042726535338017,Other
375,Dabra,Vorin,0.3677030464369381,0.4761289376835672,Other
376,Dabra,abema,0.496590821088291,0.3675733566998876,Other
377,Encor,Fluor,0.3332884800686769,0.2091683023457431,Other
378,Encor,Gefit,0.6558497286055582,0.7377775978559189,Other
379,Encor,Gemci,0.2385015267310781,0.3804602903633517,Other
380,Encor,MK-22,0.5334163113387373,0.6031989261165855,Other
381,Encor,Nutli,0.395653567270473,0.0674290412980966,Other
382,Encor,Olapa,0.2606170608558042,-0.0966146675442974,Other
383,Encor,Oxali,0.4331375545712146,0.4126654338512706,Other
385,Encor,PI-10,0.903284582958395,0.6473532186528521,Other
386,Encor,Pacli,0.6752816499469552,0.4504291702950245,Other
387,Encor,Palbo,0.4983328827589369,0.1965268555228574,Other
389,Encor,SB505,0.4528740335810151,0.4255092451700371,Other
390,Encor,SN-38,0.3719926726987363,0.5306683031579604,Other
392,Encor,Tanes,0.5765267442109201,0.8127478160503689,Other
393,Encor,Tasel,0.9184747612745608,0.9012696449575668,Other
395,Encor,Trifl,0.3323835416866195,0.1825856498727241,Other
396,Encor,Vinor,0.5274564037070366,0.3258638690499143,Other
397,Encor,Vorin,0.5191653376309817,0.2780004645064267,Other
398,Encor,abema,0.5935339912681481,0.3512492531839444,Other
399,Fluor,Gefit,-0.0442119272327795,0.107513881800677,Other
401,Fluor,MK-22,0.411795184890365,0.1167759175016733,Other
404,Fluor,Oxali,0.6409623581022856,0.5804386598751217,Other
405,Fluor,PD032,0.3800115809932689,0.2758277039367379,Other
406,Fluor,PI-10,-0.1467160700219316,0.1085316101794948,Other
407,Fluor,Pacli,0.3386718330841383,0.6600300541633782,Other
408,Fluor,Palbo,0.7923222247985685,0.541705955709171,Other
409,Fluor,Regor,-0.1672655683997771,0.2174797164135929,Other
410,Fluor,SB505,0.4618538022521098,0.4340691393559313,Other
412,Fluor,Soraf,0.2450804721066556,0.2229237663918793,Other
413,Fluor,Tanes,0.4951750114741866,0.3093587143235651,Other
414,Fluor,Tasel,-0.2675099271303893,0.2278205224525282,Other
415,Fluor,Trame,0.3305155418880594,0.1961124280796465,Other
417,Fluor,Vinor,0.3071144368038936,0.6374691068572418,Other
418,Fluor,Vorin,0.2918892513889743,0.5632384938023329,Other
419,Fluor,abema,0.7492672429231754,0.6792064496760479,Other
420,Gefit,Gemci,-0.0091103582625447,0.3404728656424733,Other
421,Gefit,MK-22,0.7626925972467571,0.3655876017226753,Other
422,Gefit,Nutli,0.1008592564970151,0.0755608095164517,Other
423,Gefit,Olapa,-0.248700896762585,0.0334159068016633,Other
424,Gefit,Oxali,0.2620826677333296,0.2092573737440171,Other
425,Gefit,PD032,0.6501437512310762,0.6962990877732188,Other
426,Gefit,PI-10,0.529201113941245,0.6450693922112577,Other
427,Gefit,Pacli,0.3655806455274656,0.3336354944693516,Other
428,Gefit,Palbo,0.5160285644193779,0.2132581483839726,Other
429,Gefit,Regor,0.7719098645302943,0.7452855296088523,Other
430,Gefit,SB505,0.4128110155239004,0.412237288539769,Other
431,Gefit,SN-38,0.2737574880841127,0.341913934035741,Other
432,Gefit,Soraf,0.7492576866749083,0.7630663668866163,Other
433,Gefit,Tanes,0.4610860051225121,0.6221804531586004,Other
434,Gefit,Tasel,0.481342870175314,0.7421214890495786,Other
435,Gefit,Trame,0.6579579539174965,0.5227068070249055,Other
436,Gefit,Trifl,-0.1071774925967035,0.1581450313741239,Other
437,Gefit,Vinor,0.2770724576797772,0.1535115277596387,Other
438,Gefit,Vorin,0.4357904870591773,0.4521682404457657,Other
439,Gefit,abema,0.5057460069957321,0.2943557677155883,Other
440,Gemci,MK-22,0.185851957991889,0.0949650068988625,Other
443,Gemci,Oxali,0.6966940052125989,0.5866583755912493,Other
444,Gemci,PD032,0.4818062876774371,0.4865854398162729,Other
445,Gemci,PI-10,-0.0474446392134881,0.0647733043684918,Other
446,Gemci,Pacli,0.4151208461807794,0.7670058439177222,Other
447,Gemci,Palbo,0.7046832652846983,0.7521999646549024,Other
448,Gemci,Regor,-0.0189288658099644,0.4577107340231344,Other
449,Gemci,SB505,0.4395583642421766,0.6236264014444901,Other
451,Gemci,Soraf,0.2732398332134138,0.4590277436197304,Other
452,Gemci,Tanes,0.5241271870140678,0.6023385390532461,Other
453,Gemci,Tasel,-0.0936955964667227,0.2546301029666653,Other
454,Gemci,Trame,0.458755015340626,0.4174906484388113,Other
456,Gemci,Vinor,0.4851043078111358,0.7360668563868142,Other
457,Gemci,Vorin,0.3045552726803694,0.6387627700963467,Other
458,Gemci,abema,0.6435122464565547,0.7637367399208819,Other
459,MK-22,Nutli,0.2449283341985536,-0.0972544763993907,Other
460,MK-22,Olapa,0.2884745929777418,-0.32861380585191,Other
461,MK-22,Oxali,0.1625472894947777,0.3658302637295426,Other
462,MK-22,PD032,0.5128172893104377,0.5667255946441755,Other
463,MK-22,PI-10,0.5464760843601277,0.2935846377708003,Other
464,MK-22,Pacli,0.4067809242513673,0.6243317732958329,Other
465,MK-22,Palbo,0.4488329987495196,-0.1888144548747071,Other
466,MK-22,Regor,0.5953717576003935,0.2852503669049802,Other
467,MK-22,SB505,0.3456222529503163,-0.0952524734832904,Other
468,MK-22,SN-38,0.3276001644015935,0.5139987958625393,Other
469,MK-22,Soraf,0.6831711435111335,0.3594090436675375,Other
470,MK-22,Tanes,0.3291703477083224,0.4940926633045766,Other
471,MK-22,Tasel,0.367090580294879,0.5613670250520318,Other
472,MK-22,Trame,0.5028641836958843,0.578892505597348,Other
473,MK-22,Trifl,0.2732768818254878,0.0064456212775036,Other
474,MK-22,Vinor,0.3339263063754255,0.3496815463020496,Other
475,MK-22,Vorin,0.4103359149414574,0.0012939828597921,Other
476,MK-22,abema,0.3596184222519851,0.1426338679154999,Other
477,Nutli,Olapa,0.8750432468619733,0.7418805952036405,Other
478,Nutli,Oxali,0.7321840152664332,0.452519986318753,Other
479,Nutli,PD032,0.3853923126164505,0.163022417600673,Other
480,Nutli,PI-10,0.0240637823298274,-0.1317249163499358,Other
481,Nutli,Pacli,0.2677113536211545,0.6177570258179126,Other
482,Nutli,Palbo,0.8679868710215577,0.7590652887385629,Other
483,Nutli,Regor,0.1245353913505506,0.1817042614038945,Other
484,Nutli,SB505,0.3932074891209959,0.5451863785354935,Other
485,Nutli,SN-38,0.7387404305143555,0.7900886297018119,Other
486,Nutli,Soraf,0.4007030774251811,0.1914957493964127,Other
487,Nutli,Tanes,0.58130390422845,0.3919406079835552,Other
488,Nutli,Tasel,0.1548336439866465,0.0580038041627952,Other
489,Nutli,Trame,0.3763102631452838,0.1085317203324851,Other
491,Nutli,Vinor,0.4358885204690421,0.6486604127535968,Other
492,Nutli,Vorin,0.4812551117247741,0.6964588547218282,Other
493,Nutli,abema,0.8309566046976422,0.7485775574232896,Other
494,Olapa,Oxali,0.3882352490203812,0.3333691182075833,Other
495,Olapa,PD032,0.1749854845681138,0.1467684882899013,Other
496,Olapa,PI-10,-0.2363914403375315,-0.1146169796758228,Other
497,Olapa,Pacli,0.2932626227849899,0.4154053487574609,Other
498,Olapa,Palbo,0.8137306532286845,0.574061905587635,Other
499,Olapa,Regor,-0.2009393999506167,0.0382322283146238,Other
500,Olapa,SB505,0.3095144781124646,0.5929245999797794,Other
501,Olapa,SN-38,0.7205909525528404,0.378716079633183,Other
502,Olapa,Soraf,0.2869524944107899,0.1387672129637089,Other
503,Olapa,Tanes,0.4054254444944025,0.2499403375884998,Other
504,Olapa,Tasel,-0.1924157745746322,0.0687569130285639,Other
505,Olapa,Trame,0.1521614279501714,0.1449103321389959,Other
507,Olapa,Vinor,0.3287285095701885,0.4282768950968348,Other
508,Olapa,Vorin,0.2320571741626745,0.6304162587617741,Other
509,Olapa,abema,0.7720082979736358,0.5329168224977187,Other
510,Oxali,PD032,0.6430025154756374,0.5551867727941021,Other
511,Oxali,PI-10,0.3062473053178427,0.2111130173598734,Other
512,Oxali,Pacli,0.5039922149554127,0.8168872147523548,Other
513,Oxali,Palbo,0.6131939534082999,0.1243873137280283,Other
514,Oxali,Regor,0.2591754924879983,0.2014374507209749,Other
515,Oxali,SB505,0.6127596300074891,0.2203523213014717,Other
516,Oxali,SN-38,0.6876323995810216,0.7915350718125849,Other
517,Oxali,Soraf,0.6118171678747412,0.43702915082648,Other
518,Oxali,Tanes,0.7882322643319731,0.3774815557523485,Other
519,Oxali,Tasel,0.2841518361519731,0.537275517420796,Other
520,Oxali,Trame,0.6433529735944512,0.6100198088082724,Other
521,Oxali,Trifl,0.5386263047007034,0.5373513082141685,Other
522,Oxali,Vinor,0.5040937642373229,0.7866817782068195,Other
523,Oxali,Vorin,0.4927209490671621,0.5634147403046947,Other
524,Oxali,abema,0.6621009205940088,0.3864544007974704,Other
525,PD032,PI-10,0.671896370093924,0.6115433398702093,Other
526,PD032,Pacli,0.598791916049848,0.6322995715107289,Other
527,PD032,Palbo,0.5394642396492093,0.1814691994851238,Other
529,PD032,SB505,0.7072177904067853,0.408415477439566,Other
530,PD032,SN-38,0.4520152572246242,0.6167463205460687,Other
532,PD032,Tanes,0.8069897735884946,0.8268721731537603,Other
533,PD032,Tasel,0.6964733325588639,0.7692494654229861,Other
535,PD032,Trifl,0.3148248913102343,0.3266427130887797,Other
536,PD032,Vinor,0.4680987962279979,0.4391609671561939,Other
537,PD032,Vorin,0.4857253607410554,0.3139444467395685,Other
538,PD032,abema,0.6537083632997978,0.3997720421747703,Other
539,PI-10,Pacli,0.5948065232507388,0.2275259631907644,Other
540,PI-10,Palbo,0.3278701506303148,-0.0075868764136337,Other
541,PI-10,Regor,0.6974088707563554,0.6441579851928524,Other
542,PI-10,SB505,0.3700781427087673,0.3888610943207504,Other
543,PI-10,SN-38,0.2357183678495837,0.2080913791309682,Other
544,PI-10,Soraf,0.5992476896583596,0.6745715178830761,Other
545,PI-10,Tanes,0.4396742404330817,0.5284519249654851,Other
546,PI-10,Tasel,0.8941591294429648,0.8165308051579238,Other
547,PI-10,Trame,0.7005509289233638,0.5001538807658861,Other
548,PI-10,Trifl,-0.2202282288594376,-0.125098339543186,Other
549,PI-10,Vinor,0.4821361241333797,-0.0117112967021416,Other
550,PI-10,Vorin,0.3992532182173543,0.2756467013595627,Other
551,PI-10,abema,0.4155519218713919,0.1382416182439602,Other
552,Pacli,Palbo,0.4591357696120222,0.4323844433734975,Other
553,Pacli,Regor,0.4137985909216138,0.3207507021873131,Other
554,Pacli,SB505,0.7149779332679794,0.517628674657048,Other
555,Pacli,SN-38,0.6443355307525284,0.7575560484183372,Other
556,Pacli,Soraf,0.4919312510678179,0.4393419355991774,Other
557,Pacli,Tanes,0.6321339696350449,0.5948258981565706,Other
558,Pacli,Tasel,0.6012530193394601,0.5665385257937714,Other
559,Pacli,Trame,0.6011159145976609,0.6991102624241614,Other
560,Pacli,Trifl,0.2936300579864529,0.6959075670943812,Other
561,Pacli,Vinor,0.8398348593127698,0.7605829284812435,Other
562,Pacli,Vorin,0.5765694505215796,0.4942143774006955,Other
563,Pacli,abema,0.547918445157007,0.7289019211051758,Other
564,Palbo,Regor,0.5086161601820641,0.409482258601172,Other
565,Palbo,SB505,0.4377941228205403,0.5653277275461486,Other
566,Palbo,SN-38,0.5936863307133289,0.6097742689233112,Other
567,Palbo,Soraf,0.660154214290658,0.2205198135335995,Other
568,Palbo,Tanes,0.6478951615781101,0.5512877412259254,Other
569,Palbo,Tasel,0.4570988996836598,0.0279414387627103,Other
570,Palbo,Trame,0.5617413553611972,-0.0495440323437204,Other
571,Palbo,Trifl,0.8542889920092173,0.7021684944633231,Other
572,Palbo,Vinor,0.5776754116592147,0.3424683185922591,Other
573,Palbo,Vorin,0.6559864457019451,0.554351117898672,Other
574,Palbo,abema,0.955842725652858,0.8976907356737934,Other
575,Regor,SB505,0.3778100364394752,0.5727305830319513,Other
576,Regor,SN-38,0.2514609120004901,0.2994143054351673,Other
578,Regor,Tanes,0.5156144103182934,0.7854444947340742,Other
579,Regor,Tasel,0.7248203656516722,0.7161245840785074,Other
581,Regor,Trifl,-0.1408264048230469,0.248787232253826,Other
582,Regor,Vinor,0.2850298113928333,0.0855799719773913,Other
583,Regor,Vorin,0.4037330348023881,0.4708124636026859,Other
584,Regor,abema,0.513370183724788,0.511712018764803,Other
585,SB505,SN-38,0.6014608719489142,0.3748864644087903,Other
586,SB505,Soraf,0.5953992848767911,0.4871908279784473,Other
587,SB505,Tanes,0.6634658022845336,0.6219410776798042,Other
588,SB505,Tasel,0.2749454304141073,0.461555141405356,Other
589,SB505,Trame,0.6545092830080261,0.2947702895328352,Other
590,SB505,Trifl,0.3313506982304719,0.5530136226710121,Other
591,SB505,Vinor,0.5736556029025339,0.2528716427848193,Other
592,SB505,Vorin,0.3711759046304261,0.6667022436429331,Other
593,SB505,abema,0.4266044443121583,0.6217297638449509,Other
594,SN-38,Soraf,0.4275470788819422,0.478209230635761,Other
595,SN-38,Tanes,0.7441176745688745,0.5560691108224982,Other
596,SN-38,Tasel,0.2721833177256494,0.469049807614902,Other
597,SN-38,Trame,0.3622403844381243,0.6699892653477034,Other
599,SN-38,Vinor,0.6743475879428246,0.8051065517884592,Other
600,SN-38,Vorin,0.529305386526696,0.8181001032040853,Other
601,SN-38,abema,0.5136227607208427,0.6800779495178533,Other
602,Soraf,Tanes,0.7128080516981191,0.6540325678832387,Other
603,Soraf,Tasel,0.6384502053013429,0.7717347595074896,Other
605,Soraf,Trifl,0.2911464657146443,0.2823937333830265,Other
606,Soraf,Vinor,0.483483544901031,0.2507823186521214,Other
607,Soraf,Vorin,0.5806493144523157,0.4997599212205081,Other
608,Soraf,abema,0.6211488147440222,0.3637899877598755,Other
609,Tanes,Tasel,0.4992053030915266,0.7674683109141424,Other
610,Tanes,Trame,0.7908893569769513,0.7911270882932366,Other
611,Tanes,Trifl,0.4345924762780784,0.4100059335673857,Other
612,Tanes,Vinor,0.6771087789671948,0.3520125813374781,Other
613,Tanes,Vorin,0.6792650361054037,0.5194383551740313,Other
614,Tanes,abema,0.6952769745743282,0.6364646208343482,Other
615,Tasel,Trame,0.6556617708683841,0.7876845330883036,Other
616,Tasel,Trifl,-0.1454568302453048,0.1158594303841003,Other
617,Tasel,Vinor,0.4449663786335859,0.3375747775413151,Other
618,Tasel,Vorin,0.510033771784534,0.3145033608339731,Other
619,Tasel,abema,0.5440081585510396,0.2939570416519708,Other
620,Trame,Trifl,0.3107623625556783,0.2403603021372261,Other
621,Trame,Vinor,0.4508416327505274,0.541780039681389,Other
622,Trame,Vorin,0.5351510369227788,0.3006063953673477,Other
623,Trame,abema,0.6619913247735685,0.299338715994342,Other
624,Trifl,Vinor,0.3776011788204108,0.7309467097060255,Other
625,Trifl,Vorin,0.3042262332336732,0.6992915752917233,Other
626,Trifl,abema,0.8247934865310985,0.7137234578016413,Other
627,Vinor,Vorin,0.7571609236670602,0.5660882104428901,Other
628,Vinor,abema,0.6776257309461873,0.6269426919730237,Other
629,Vorin,abema,0.7075608171267074,0.6393779754221112,Other
