barcode,well,plane,depth_um,seg_type,cell_line,treatment,binary_iou,instance_iou,n_objects,depth_bin
PB000141,M23,1,5,cell,HT29,DMSO,0.7457395188625086,,29,0-20µm
PB000140,G08,9,45,nuclei,HCT116,abemaciclib,0.47598045512719867,,100,40-60µm
PB000141,M23,1,5,nuclei,HT29,DMSO,0.7319771191430895,,31,0-20µm
PB000140,J04,7,35,cell,HCT116,abemaciclib,0.5450870816460923,,41,20-40µm
PB000139,D11,7,35,nuclei,HCT116,binimetinib,0.35918373719710217,,17,20-40µm
PB000137,D12,3,15,nuclei,HCT116,DMSO,0.818625274924837,,142,0-20µm
PB000140,G05,3,15,nuclei,HCT116,binimetinib,0.46617412719107637,,26,0-20µm
PB000137,F06,3,15,cell,HCT116,DMSO,0.7154270431465033,,67,0-20µm
PB000139,C12,1,5,nuclei,HT29,SN-38,0.6144847294159671,,27,0-20µm
PB000140,H23,7,35,nuclei,HT29,DMSO,0.7236725748779269,,151,20-40µm
PB000139,D11,1,5,cell,HCT116,binimetinib,0.49048794077847646,,10,0-20µm
PB000140,D22,3,15,nuclei,HT29,binimetinib,0.26897567023090035,,33,0-20µm
PB000137,D12,11,55,nuclei,HCT116,DMSO,0.5699723996801458,,260,40-60µm
PB000140,G05,11,55,nuclei,HCT116,binimetinib,0.17844959152527157,,14,40-60µm
PB000137,F06,11,55,cell,HCT116,DMSO,0.27496377312024045,,51,40-60µm
PB000141,M23,9,45,nuclei,HT29,DMSO,0.5490320173256461,,97,40-60µm
PB000140,C23,9,45,cell,HCT116,SN-38,0.25337600037856156,,22,40-60µm
PB000141,G02,3,15,nuclei,HT29,DMSO,0.709546720688782,,70,0-20µm
PB000140,I13,1,5,cell,HT29,binimetinib,0.4269509628128167,,28,0-20µm
PB000140,D22,11,55,nuclei,HT29,binimetinib,0.08360950667550421,,10,40-60µm
PB000139,J15,1,5,cell,HT29,abemaciclib,0.6516493621837445,,16,0-20µm
PB000141,G02,1,5,cell,HT29,DMSO,0.7438011652776754,,42,0-20µm
PB000141,G02,11,55,nuclei,HT29,DMSO,0.3175058340506032,,45,40-60µm
PB000137,D12,9,45,nuclei,HCT116,DMSO,0.6386908988006054,,248,40-60µm
PB000140,G05,9,45,nuclei,HCT116,binimetinib,0.43575693712680014,,20,40-60µm
PB000137,F06,9,45,cell,HCT116,DMSO,0.46490108487555837,,95,40-60µm
PB000139,D06,7,35,nuclei,HT29,SN-38,0.3576568922650208,,31,20-40µm
PB000139,J15,9,45,cell,HT29,abemaciclib,0.3429593955195056,,17,40-60µm
PB000140,D22,9,45,nuclei,HT29,binimetinib,0.1687912087912088,,14,40-60µm
PB000141,M23,5,25,nuclei,HT29,DMSO,0.67430539725958,,80,20-40µm
PB000139,C03,7,35,cell,HCT116,binimetinib,0.27971095768251314,,24,20-40µm
PB000141,G02,9,45,nuclei,HT29,DMSO,0.5540560200597342,,83,40-60µm
PB000139,C12,5,25,nuclei,HT29,SN-38,0.5173621286924112,,58,20-40µm
PB000140,C23,3,15,nuclei,HCT116,SN-38,0.5503259180217588,,25,0-20µm
PB000140,G08,3,15,cell,HCT116,abemaciclib,0.6609088005653672,,25,0-20µm
PB000139,C23,7,35,nuclei,HCT116,SN-38,0.3228914394019164,,28,20-40µm
PB000140,G05,5,25,nuclei,HCT116,binimetinib,0.34257253660877574,,25,20-40µm
PB000140,I13,5,25,cell,HT29,binimetinib,0.3403409763359682,,63,20-40µm
PB000140,C23,11,55,nuclei,HCT116,SN-38,0.30828595717549545,,16,40-60µm
PB000140,J17,7,35,cell,HT29,SN-38,0.6323490210440038,,67,20-40µm
PB000139,J15,3,15,nuclei,HT29,abemaciclib,0.8038248358819136,,51,0-20µm
PB000140,B14,11,55,cell,HT29,abemaciclib,0.26683242898962556,,16,40-60µm
PB000139,J15,5,25,cell,HT29,abemaciclib,0.652597197926024,,45,20-40µm
PB000140,G08,11,55,cell,HCT116,abemaciclib,0.35658297731218663,,34,40-60µm
PB000139,C12,3,15,cell,HT29,SN-38,0.6733738022972088,,27,0-20µm
PB000140,J04,7,35,nuclei,HCT116,abemaciclib,0.4876128595061089,,53,20-40µm
PB000137,F06,3,15,nuclei,HCT116,DMSO,0.704418473999716,,93,0-20µm
PB000141,G02,5,25,cell,HT29,DMSO,0.5635700154117307,,72,20-40µm
PB000139,J15,11,55,nuclei,HT29,abemaciclib,0.2889626352015733,,13,40-60µm
PB000139,C12,11,55,cell,HT29,SN-38,0.22082996675364583,,12,40-60µm
PB000140,C23,9,45,nuclei,HCT116,SN-38,0.26681759012960554,,18,40-60µm
PB000137,F06,11,55,nuclei,HCT116,DMSO,0.4301121132524721,,187,40-60µm
PB000140,I13,1,5,nuclei,HT29,binimetinib,0.5282929648505228,,38,0-20µm
PB000140,G08,9,45,cell,HCT116,abemaciclib,0.38715087168969053,,34,40-60µm
PB000139,J06,1,5,cell,HCT116,SN-38,0.6386400747543584,,14,0-20µm
PB000140,B14,9,45,cell,HT29,abemaciclib,0.40915206658161857,,31,40-60µm
PB000137,F06,9,45,nuclei,HCT116,DMSO,0.5211105008910458,,174,40-60µm
PB000140,B14,1,5,nuclei,HT29,abemaciclib,0.8397467360361245,,16,0-20µm
PB000140,B14,5,25,cell,HT29,abemaciclib,0.749851516706314,,58,20-40µm
PB000139,C03,7,35,nuclei,HCT116,binimetinib,0.251559677687962,,48,20-40µm
PB000139,C14,1,5,cell,HT29,binimetinib,0.579159076181976,,23,0-20µm
PB000140,I13,5,25,nuclei,HT29,binimetinib,0.34119422289286483,,80,20-40µm
PB000140,G05,7,35,cell,HCT116,binimetinib,0.29113394781833046,,18,20-40µm
PB000139,G08,1,5,cell,HCT116,abemaciclib,0.7708209048405222,,27,0-20µm
PB000139,J06,5,25,cell,HCT116,SN-38,0.41862287148056687,,26,20-40µm
PB000137,D12,7,35,cell,HCT116,DMSO,0.7867144981193166,,224,20-40µm
PB000141,M23,3,15,nuclei,HT29,DMSO,0.6798941249021279,,60,0-20µm
PB000140,J17,7,35,nuclei,HT29,SN-38,0.5890993410719431,,61,20-40µm
PB000139,C12,3,15,nuclei,HT29,SN-38,0.6420991026141241,,40,0-20µm
PB000140,D22,7,35,cell,HT29,binimetinib,0.3967002113631345,,18,20-40µm
PB000141,M23,11,55,nuclei,HT29,DMSO,0.5766436572625999,,88,40-60µm
PB000139,C12,11,55,nuclei,HT29,SN-38,0.2810305672296327,,9,40-60µm
PB000140,I13,3,15,cell,HT29,binimetinib,0.40152521621340004,,48,0-20µm
PB000140,G19,7,35,nuclei,HT29,abemaciclib,0.7979396187624305,,63,20-40µm
PB000139,J06,1,5,nuclei,HCT116,SN-38,0.6394855895472809,,15,0-20µm
PB000139,D11,11,55,cell,HCT116,binimetinib,0.574229283579914,,8,40-60µm
PB000139,J15,3,15,cell,HT29,abemaciclib,0.7627001752346583,,46,0-20µm
PB000141,M23,9,45,cell,HT29,DMSO,0.48784718207257,,72,40-60µm
PB000140,H23,1,5,cell,HT29,DMSO,0.7694419030192132,,30,0-20µm
PB000141,G02,3,15,cell,HT29,DMSO,0.7650855550621956,,73,0-20µm
PB000140,G08,7,35,nuclei,HCT116,abemaciclib,0.5820649701409164,,93,20-40µm
PB000140,G19,1,5,cell,HT29,abemaciclib,0.4329864451246174,,6,0-20µm
PB000140,I13,11,55,cell,HT29,binimetinib,0.10202552681405201,,19,40-60µm
PB000139,J15,11,55,cell,HT29,abemaciclib,0.35412859907664695,,12,40-60µm
PB000139,C12,9,45,nuclei,HT29,SN-38,0.3290942526353959,,17,40-60µm
PB000141,G02,11,55,cell,HT29,DMSO,0.2709938176503121,,45,40-60µm
PB000139,D11,9,45,cell,HCT116,binimetinib,0.32134010403765173,,20,40-60µm
PB000140,N05,7,35,nuclei,HCT116,DMSO,0.7943278799174235,,220,20-40µm
PB000139,G08,5,25,cell,HCT116,abemaciclib,0.5845017311214581,,52,20-40µm
PB000140,I13,9,45,cell,HT29,binimetinib,0.17385228507841208,,35,40-60µm
PB000140,C23,7,35,cell,HCT116,SN-38,0.3143716086497565,,17,20-40µm
PB000140,N05,1,5,cell,HCT116,DMSO,0.7036575120151539,,36,0-20µm
PB000141,M23,5,25,cell,HT29,DMSO,0.7486543691393615,,78,20-40µm
PB000139,C14,1,5,nuclei,HT29,binimetinib,0.547653340827654,,29,0-20µm
PB000141,G02,9,45,cell,HT29,DMSO,0.5591437477925707,,75,40-60µm
PB000139,D06,1,5,cell,HT29,SN-38,0.7190318225007918,,9,0-20µm
PB000139,G08,1,5,nuclei,HCT116,abemaciclib,0.7649544284534814,,26,0-20µm
PB000137,D12,7,35,nuclei,HCT116,DMSO,0.7481013806391675,,226,20-40µm
PB000140,B14,3,15,cell,HT29,abemaciclib,0.7242741913042096,,42,0-20µm
PB000140,G05,7,35,nuclei,HCT116,binimetinib,0.36645081435191473,,20,20-40µm
PB000137,F06,7,35,cell,HCT116,DMSO,0.5866269529430592,,126,20-40µm
PB000139,D11,5,25,cell,HCT116,binimetinib,0.28325521658632596,,22,20-40µm
PB000139,J06,5,25,nuclei,HCT116,SN-38,0.5002266888317969,,29,20-40µm
PB000140,H23,5,25,cell,HT29,DMSO,0.5556313714512329,,58,20-40µm
PB000140,D22,7,35,nuclei,HT29,binimetinib,0.37433367260682804,,29,20-40µm
PB000141,G02,7,35,nuclei,HT29,DMSO,0.6553178680207067,,99,20-40µm
PB000139,C23,1,5,cell,HCT116,SN-38,0.4802062306337349,,20,0-20µm
PB000140,I13,3,15,nuclei,HT29,binimetinib,0.4690361773506211,,56,0-20µm
PB000139,J06,3,15,cell,HCT116,SN-38,0.607910009479988,,26,0-20µm
PB000140,J04,1,5,cell,HCT116,abemaciclib,0.6023196256763436,,30,0-20µm
PB000139,D11,1,5,nuclei,HCT116,binimetinib,0.4123602336707991,,14,0-20µm
PB000140,H23,1,5,nuclei,HT29,DMSO,0.8248768706693806,,45,0-20µm
PB000139,J06,11,55,cell,HCT116,SN-38,0.2852667048662402,,27,40-60µm
PB000140,I13,11,55,nuclei,HT29,binimetinib,0.0904,,23,40-60µm
PB000139,D06,5,25,cell,HT29,SN-38,0.5434318504928985,,29,20-40µm
PB000139,D11,9,45,nuclei,HCT116,binimetinib,0.37077969043830467,,10,40-60µm
PB000140,B14,3,15,nuclei,HT29,abemaciclib,0.8948006385872244,,49,0-20µm
PB000139,G08,5,25,nuclei,HCT116,abemaciclib,0.6770343747120081,,78,20-40µm
PB000140,C23,7,35,nuclei,HCT116,SN-38,0.3179961375185782,,22,20-40µm
PB000140,I13,9,45,nuclei,HT29,binimetinib,0.2435926806219753,,34,40-60µm
PB000139,J06,9,45,cell,HCT116,SN-38,0.3114444289721299,,21,40-60µm
PB000140,B14,7,35,cell,HT29,abemaciclib,0.5913255504654943,,60,20-40µm
PB000140,G08,7,35,cell,HCT116,abemaciclib,0.5196886799722586,,44,20-40µm
PB000140,B14,11,55,nuclei,HT29,abemaciclib,0.4916409267507409,,87,40-60µm
PB000139,D06,1,5,nuclei,HT29,SN-38,0.6855152394775036,,9,0-20µm
PB000139,C23,5,25,cell,HCT116,SN-38,0.38672397129284997,,24,20-40µm
PB000139,G08,3,15,cell,HCT116,abemaciclib,0.6925423869964001,,56,0-20µm
PB000139,J15,7,35,nuclei,HT29,abemaciclib,0.6304998272401803,,62,20-40µm
PB000139,C14,11,55,cell,HT29,binimetinib,0.0,,7,40-60µm
PB000139,C12,7,35,cell,HT29,SN-38,0.4174394546077016,,31,20-40µm
PB000140,J04,5,25,cell,HCT116,abemaciclib,0.6402364266340561,,65,20-40µm
PB000137,F06,7,35,nuclei,HCT116,DMSO,0.5597074025348534,,154,20-40µm
PB000139,D11,5,25,nuclei,HCT116,binimetinib,0.27036536169432474,,22,20-40µm
PB000139,C03,1,5,cell,HCT116,binimetinib,0.4439880074870385,,15,0-20µm
PB000140,B14,9,45,nuclei,HT29,abemaciclib,0.6492582263232219,,98,40-60µm
PB000139,G08,11,55,cell,HCT116,abemaciclib,0.3677733639844836,,49,40-60µm
PB000140,H23,5,25,nuclei,HT29,DMSO,0.7063485067113315,,113,20-40µm
PB000141,M23,3,15,cell,HT29,DMSO,0.7870601004146203,,59,0-20µm
PB000139,C23,1,5,nuclei,HCT116,SN-38,0.5708895745894328,,15,0-20µm
PB000139,C14,9,45,cell,HT29,binimetinib,0.0,,15,40-60µm
PB000141,M23,11,55,cell,HT29,DMSO,0.5570735090152565,,77,40-60µm
PB000139,C03,9,45,cell,HCT116,binimetinib,0.20782163035820359,,11,40-60µm
PB000139,J06,3,15,nuclei,HCT116,SN-38,0.6946595354035284,,29,0-20µm
PB000139,D11,3,15,cell,HCT116,binimetinib,0.4507578811577844,,26,0-20µm
PB000140,J04,1,5,nuclei,HCT116,abemaciclib,0.7441167892175675,,30,0-20µm
PB000140,J17,1,5,cell,HT29,SN-38,0.6198614650990709,,21,0-20µm
PB000139,G08,9,45,cell,HCT116,abemaciclib,0.46782336230835525,,67,40-60µm
PB000140,H23,3,15,cell,HT29,DMSO,0.6780398969365634,,48,0-20µm
PB000139,J06,11,55,nuclei,HCT116,SN-38,0.28866404465871603,,18,40-60µm
PB000140,B14,5,25,nuclei,HT29,abemaciclib,0.758391393373384,,69,20-40µm
PB000140,H23,11,55,cell,HT29,DMSO,0.6754779801240983,,116,40-60µm
PB000140,G19,11,55,cell,HT29,abemaciclib,0.28747416779411544,,25,40-60µm
PB000139,D06,5,25,nuclei,HT29,SN-38,0.4473143785022924,,25,20-40µm
PB000139,C14,5,25,cell,HT29,binimetinib,0.3302995154621817,,32,20-40µm
PB000139,C03,5,25,cell,HCT116,binimetinib,0.3121427993200032,,23,20-40µm
PB000139,J06,9,45,nuclei,HCT116,SN-38,0.362379659343372,,21,40-60µm
PB000140,H23,9,45,cell,HT29,DMSO,0.6402082031548058,,105,40-60µm
PB000140,G19,9,45,cell,HT29,abemaciclib,0.45529651454842635,,42,40-60µm
PB000141,M23,7,35,cell,HT29,DMSO,0.6599612727797081,,82,20-40µm
PB000139,D06,3,15,cell,HT29,SN-38,0.6664410705288726,,19,0-20µm
PB000141,M23,7,35,nuclei,HT29,DMSO,0.583927781219577,,84,20-40µm
PB000139,C23,5,25,nuclei,HCT116,SN-38,0.29633865309210977,,21,20-40µm
PB000139,G08,3,15,nuclei,HCT116,abemaciclib,0.7143707900433771,,61,0-20µm
PB000140,J17,5,25,cell,HT29,SN-38,0.6892484804572717,,45,20-40µm
PB000139,C12,7,35,nuclei,HT29,SN-38,0.4391852660426876,,40,20-40µm
PB000139,D06,11,55,cell,HT29,SN-38,0.25366068540967335,,20,40-60µm
PB000139,C03,1,5,nuclei,HCT116,binimetinib,0.4758072916666667,,15,0-20µm
PB000139,D11,7,35,cell,HCT116,binimetinib,0.4347300342610066,,28,20-40µm
PB000139,J15,1,5,nuclei,HT29,abemaciclib,0.7866452518091862,,21,0-20µm
PB000139,G08,11,55,nuclei,HCT116,abemaciclib,0.3510628198190501,,51,40-60µm
PB000140,I13,7,35,cell,HT29,binimetinib,0.3462034300944435,,55,20-40µm
PB000140,N05,9,45,cell,HCT116,DMSO,0.007004232513795395,,3,40-60µm
PB000139,C23,3,15,cell,HCT116,SN-38,0.5557681409108426,,27,0-20µm
PB000139,J15,7,35,cell,HT29,abemaciclib,0.5053620235205752,,42,20-40µm
PB000139,C14,9,45,nuclei,HT29,binimetinib,0.0,,9,40-60µm
PB000140,G19,5,25,cell,HT29,abemaciclib,0.5860200605452232,,26,20-40µm
PB000137,D12,1,5,cell,HCT116,DMSO,0.7986391664894747,,61,0-20µm
PB000140,G05,1,5,cell,HCT116,binimetinib,0.7050694444444444,,6,0-20µm
PB000140,J17,1,5,nuclei,HT29,SN-38,0.5238048165676087,,13,0-20µm
PB000139,D11,3,15,nuclei,HCT116,binimetinib,0.3332019750110109,,30,0-20µm
PB000139,D06,9,45,cell,HT29,SN-38,0.38933465500381764,,28,40-60µm
PB000139,C23,11,55,cell,HCT116,SN-38,0.26146478424500685,,9,40-60µm
PB000141,G02,7,35,cell,HT29,DMSO,0.4411360889533478,,71,20-40µm
PB000140,H23,3,15,nuclei,HT29,DMSO,0.7567120811741423,,83,0-20µm
PB000139,G08,9,45,nuclei,HCT116,abemaciclib,0.5263728554116972,,81,40-60µm
PB000140,D22,1,5,cell,HT29,binimetinib,0.4492054942095341,,20,0-20µm
PB000140,J04,11,55,cell,HCT116,abemaciclib,0.19234820995602228,,29,40-60µm
PB000139,D11,11,55,nuclei,HCT116,binimetinib,0.3867900376696046,,7,40-60µm
PB000140,J04,3,15,cell,HCT116,abemaciclib,0.6283128345523639,,51,0-20µm
PB000140,H23,11,55,nuclei,HT29,DMSO,0.6112858676207513,,185,40-60µm
PB000140,G19,1,5,nuclei,HT29,abemaciclib,0.7915127403618453,,8,0-20µm
PB000140,N05,5,25,cell,HCT116,DMSO,0.7944095628269456,,166,20-40µm
PB000139,C23,9,45,cell,HCT116,SN-38,0.36819829131396126,,18,40-60µm
PB000139,C14,5,25,nuclei,HT29,binimetinib,0.34442013803302934,,23,20-40µm
PB000139,C03,5,25,nuclei,HCT116,binimetinib,0.30101537073830736,,27,20-40µm
PB000140,J04,9,45,cell,HCT116,abemaciclib,0.3444713958054882,,52,40-60µm
PB000140,G08,1,5,nuclei,HCT116,abemaciclib,0.7848501768099758,,19,0-20µm
PB000140,H23,9,45,nuclei,HT29,DMSO,0.6183942052642318,,178,40-60µm
PB000140,G19,9,45,nuclei,HT29,abemaciclib,0.759357070811145,,83,40-60µm
PB000139,D06,3,15,nuclei,HT29,SN-38,0.4569349408059086,,17,0-20µm
PB000140,N05,1,5,nuclei,HCT116,DMSO,0.7196956857428017,,42,0-20µm
PB000137,D12,5,25,cell,HCT116,DMSO,0.8212284385463753,,181,20-40µm
PB000139,C14,3,15,cell,HT29,binimetinib,0.35505135273808797,,43,0-20µm
PB000140,G05,5,25,cell,HCT116,binimetinib,0.3819578028151812,,33,20-40µm
PB000139,C03,3,15,cell,HCT116,binimetinib,0.3375982597518169,,20,0-20µm
PB000140,J17,5,25,nuclei,HT29,SN-38,0.5722559575445221,,33,20-40µm
PB000139,D06,11,55,nuclei,HT29,SN-38,0.2889263872916241,,18,40-60µm
PB000140,C23,1,5,cell,HCT116,SN-38,0.5890421792618629,,10,0-20µm
PB000140,D22,5,25,cell,HT29,binimetinib,0.2330621897658463,,22,20-40µm
PB000139,C03,11,55,cell,HCT116,binimetinib,0.17827310013098843,,8,40-60µm
PB000140,I13,7,35,nuclei,HT29,binimetinib,0.3277921296623965,,65,20-40µm
PB000139,J06,7,35,cell,HCT116,SN-38,0.3810584751730699,,33,20-40µm
PB000139,C23,3,15,nuclei,HCT116,SN-38,0.40780094818154694,,24,0-20µm
PB000140,N05,9,45,nuclei,HCT116,DMSO,0.6423613859359435,,218,40-60µm
PB000140,J17,3,15,cell,HT29,SN-38,0.6936895633469727,,37,0-20µm
PB000137,D12,1,5,nuclei,HCT116,DMSO,0.8182169046700116,,69,0-20µm
PB000140,J04,3,15,nuclei,HCT116,abemaciclib,0.6365835933826358,,52,0-20µm
PB000137,F06,1,5,cell,HCT116,DMSO,0.5183471109550711,,15,0-20µm
PB000139,D06,9,45,nuclei,HT29,SN-38,0.41749326201291764,,30,40-60µm
PB000140,G19,5,25,nuclei,HT29,abemaciclib,0.8243165658260831,,36,20-40µm
PB000140,G05,1,5,nuclei,HCT116,binimetinib,0.6308754933620381,,18,0-20µm
PB000139,C23,11,55,nuclei,HCT116,SN-38,0.3087126180482686,,15,40-60µm
PB000140,G08,5,25,nuclei,HCT116,abemaciclib,0.6281381399950532,,68,20-40µm
PB000140,J17,11,55,cell,HT29,SN-38,0.6375241221444689,,44,40-60µm
PB000140,D22,1,5,nuclei,HT29,binimetinib,0.5174876926542038,,39,0-20µm
PB000140,J04,11,55,nuclei,HCT116,abemaciclib,0.4692932685760973,,59,40-60µm
PB000141,G02,1,5,nuclei,HT29,DMSO,0.6599326897529005,,47,0-20µm
PB000140,B14,7,35,nuclei,HT29,abemaciclib,0.6942075153131199,,96,20-40µm
PB000140,G19,3,15,cell,HT29,abemaciclib,0.5129133388071957,,21,0-20µm
PB000140,N05,5,25,nuclei,HCT116,DMSO,0.8462118276167349,,173,20-40µm
PB000139,C23,9,45,nuclei,HCT116,SN-38,0.2517818427304711,,13,40-60µm
PB000140,C23,5,25,cell,HCT116,SN-38,0.4477322949518354,,25,20-40µm
PB000139,C14,7,35,cell,HT29,binimetinib,0.13472649852603996,,18,20-40µm
PB000140,J17,9,45,cell,HT29,SN-38,0.6960633745973013,,77,40-60µm
PB000140,J04,9,45,nuclei,HCT116,abemaciclib,0.4455891822279459,,49,40-60µm
PB000139,G08,7,35,cell,HCT116,abemaciclib,0.5262675930687769,,75,20-40µm
PB000140,N05,3,15,cell,HCT116,DMSO,0.7912574045685952,,140,0-20µm
PB000137,D12,5,25,nuclei,HCT116,DMSO,0.8069309518298101,,159,20-40µm
PB000139,C14,3,15,nuclei,HT29,binimetinib,0.3155286818142648,,28,0-20µm
PB000137,F06,5,25,cell,HCT116,DMSO,0.6713298422204642,,131,20-40µm
PB000139,C03,3,15,nuclei,HCT116,binimetinib,0.3429779069282427,,32,0-20µm
PB000140,C23,1,5,nuclei,HCT116,SN-38,0.5007713607594937,,14,0-20µm
PB000140,N05,11,55,cell,HCT116,DMSO,0.34252093616192714,,61,40-60µm
PB000140,B14,1,5,cell,HT29,abemaciclib,0.5559501827636885,,16,0-20µm
PB000140,G08,1,5,cell,HCT116,abemaciclib,0.699711107209551,,11,0-20µm
PB000140,D22,5,25,nuclei,HT29,binimetinib,0.29491119042041586,,33,20-40µm
PB000139,C14,11,55,nuclei,HT29,binimetinib,0.0,,8,40-60µm
PB000139,C03,11,55,nuclei,HCT116,binimetinib,0.0552653748946925,,4,40-60µm
PB000140,J04,5,25,nuclei,HCT116,abemaciclib,0.6037676450251007,,69,20-40µm
PB000139,J06,7,35,nuclei,HCT116,SN-38,0.38767322176274616,,37,20-40µm
PB000141,G02,5,25,nuclei,HT29,DMSO,0.6443604777415852,,92,20-40µm
PB000137,D12,3,15,cell,HCT116,DMSO,0.87038061577466,,130,0-20µm
PB000140,G05,3,15,cell,HCT116,binimetinib,0.5630337301794692,,30,0-20µm
PB000140,J17,3,15,nuclei,HT29,SN-38,0.5963291706520939,,36,0-20µm
PB000140,H23,7,35,cell,HT29,DMSO,0.6598660861293038,,89,20-40µm
PB000140,G19,7,35,cell,HT29,abemaciclib,0.576083479557136,,42,20-40µm
PB000137,F06,1,5,nuclei,HCT116,DMSO,0.7301218536525325,,39,0-20µm
PB000139,C12,1,5,cell,HT29,SN-38,0.7326351931330473,,13,0-20µm
PB000140,D22,3,15,cell,HT29,binimetinib,0.24629902172972037,,23,0-20µm
PB000137,D12,11,55,cell,HCT116,DMSO,0.5876453112439272,,220,40-60µm
PB000140,G05,11,55,cell,HCT116,binimetinib,0.2401074743527113,,13,40-60µm
PB000140,J17,11,55,nuclei,HT29,SN-38,0.5346369630437362,,37,40-60µm
PB000139,C03,9,45,nuclei,HCT116,binimetinib,0.21523711814338528,,20,40-60µm
PB000139,J15,9,45,nuclei,HT29,abemaciclib,0.511438099432814,,45,40-60µm
PB000140,D22,11,55,cell,HT29,binimetinib,0.0,,7,40-60µm
PB000140,G19,3,15,nuclei,HT29,abemaciclib,0.8378534524025685,,24,0-20µm
PB000139,C12,9,45,cell,HT29,SN-38,0.31836316994074165,,17,40-60µm
PB000140,N05,7,35,cell,HCT116,DMSO,0.6595424565986903,,187,20-40µm
PB000137,D12,9,45,cell,HCT116,DMSO,0.6934049112427836,,223,40-60µm
PB000140,G05,9,45,cell,HCT116,binimetinib,0.41666860939503436,,22,40-60µm
PB000140,G19,11,55,nuclei,HT29,abemaciclib,0.7058764493040699,,88,40-60µm
PB000140,J17,9,45,nuclei,HT29,SN-38,0.615055160904432,,51,40-60µm
PB000140,G08,3,15,nuclei,HCT116,abemaciclib,0.7270308201875035,,42,0-20µm
PB000139,D06,7,35,cell,HT29,SN-38,0.5144606874753062,,35,20-40µm
PB000139,C14,7,35,nuclei,HT29,binimetinib,0.23972766681737187,,15,20-40µm
PB000140,G08,5,25,cell,HCT116,abemaciclib,0.5366039747281288,,31,20-40µm
PB000140,C23,5,25,nuclei,HCT116,SN-38,0.44725154856052046,,25,20-40µm
PB000140,D22,9,45,cell,HT29,binimetinib,0.05937309233750033,,12,40-60µm
PB000139,G08,7,35,nuclei,HCT116,abemaciclib,0.6346385620518334,,108,20-40µm
PB000140,G08,11,55,nuclei,HCT116,abemaciclib,0.4962299396685696,,98,40-60µm
PB000140,N05,3,15,nuclei,HCT116,DMSO,0.6843575189206976,,99,0-20µm
PB000139,J15,5,25,nuclei,HT29,abemaciclib,0.7075036543771317,,58,20-40µm
PB000139,C12,5,25,cell,HT29,SN-38,0.5174779146176944,,25,20-40µm
PB000140,C23,3,15,cell,HCT116,SN-38,0.6029591014953312,,26,0-20µm
PB000137,F06,5,25,nuclei,HCT116,DMSO,0.7019505483387964,,140,20-40µm
PB000140,N05,11,55,nuclei,HCT116,DMSO,0.5811586638830898,,242,40-60µm
PB000139,C23,7,35,cell,HCT116,SN-38,0.2915443510534969,,20,20-40µm
PB000140,C23,11,55,cell,HCT116,SN-38,0.1613591458493734,,9,40-60µm
