,Metadata_cmpd_conc,Metadata_name,Metadata_cell_line,Metadata_Barcode,corr,null_corr,missing
2,0.000316388,berb,HT29,CellPainting_CellPaint3DBomi_WI_for_Jordi_20250203_155142,0.0,,True
5,0.000316388,etop,HT29,CellPainting_CellPaint3DBomi_WI_for_Jordi_20250203_155142,0.4013981555319128,0.18964621600812848,False
8,0.000316388,fenb,HT29,CellPainting_CellPaint3DBomi_WI_for_Jordi_20250203_155142,0.0,,True
11,0.000316388,flup,HT29,CellPainting_CellPaint3DBomi_WI_for_Jordi_20250203_155142,0.0,,True
14,0.000316388,noco,HT29,CellPainting_CellPaint3DBomi_WI_for_Jordi_20250203_155142,0.0,,True
17,0.000316388,sorb,HT29,CellPainting_CellPaint3DBomi_WI_for_Jordi_20250203_155142,0.34910062605814074,0.20492941904486395,False
20,0.001002506,berb,HT29,CellPainting_CellPaint3DBomi_WI_for_Jordi_20250203_155142,0.0,,True
23,0.001002506,etop,HT29,CellPainting_CellPaint3DBomi_WI_for_Jordi_20250203_155142,0.0,,True
26,0.001002506,fenb,HT29,CellPainting_CellPaint3DBomi_WI_for_Jordi_20250203_155142,0.0,,True
29,0.001002506,flup,HT29,CellPainting_CellPaint3DBomi_WI_for_Jordi_20250203_155142,0.34200466661768725,0.25251097685500956,False
31,0.001002506,noco,HT29,CellPainting_CellPaint3DBomi_WI_for_Jordi_20250203_155142,0.0,,True
34,0.001002506,sorb,HT29,CellPainting_CellPaint3DBomi_WI_for_Jordi_20250203_155142,0.0,,True
37,0.003167009,berb,HT29,CellPainting_CellPaint3DBomi_WI_for_Jordi_20250203_155142,0.0,,True
40,0.003167009,etop,HT29,CellPainting_CellPaint3DBomi_WI_for_Jordi_20250203_155142,0.4444667274516134,0.28012160072893266,False
43,0.003167009,fenb,HT29,CellPainting_CellPaint3DBomi_WI_for_Jordi_20250203_155142,0.4832296185560303,0.24123489638961315,False
46,0.003167009,flup,HT29,CellPainting_CellPaint3DBomi_WI_for_Jordi_20250203_155142,0.40389530706487475,0.1827323390306166,False
49,0.003167009,noco,HT29,CellPainting_CellPaint3DBomi_WI_for_Jordi_20250203_155142,0.45801988427453555,0.05960043401314785,False
52,0.003167009,sorb,HT29,CellPainting_CellPaint3DBomi_WI_for_Jordi_20250203_155142,0.0,,True
57,0.010002279,etop,HT29,CellPainting_CellPaint3DBomi_WI_for_Jordi_20250203_155142,0.0,,True
60,0.010002279,fenb,HT29,CellPainting_CellPaint3DBomi_WI_for_Jordi_20250203_155142,0.0,,True
63,0.010002279,flup,HT29,CellPainting_CellPaint3DBomi_WI_for_Jordi_20250203_155142,0.20487048661170504,0.42108773894335316,False
66,0.010002279,noco,HT29,CellPainting_CellPaint3DBomi_WI_for_Jordi_20250203_155142,0.0,,True
69,0.010002279,sorb,HT29,CellPainting_CellPaint3DBomi_WI_for_Jordi_20250203_155142,0.29084389366889973,0.23582915233682678,False
72,0.0316473,berb,HT29,CellPainting_CellPaint3DBomi_WI_for_Jordi_20250203_155142,0.0,,True
75,0.0316473,etop,HT29,CellPainting_CellPaint3DBomi_WI_for_Jordi_20250203_155142,0.5395035169100796,0.19087258953443065,False
78,0.0316473,fenb,HT29,CellPainting_CellPaint3DBomi_WI_for_Jordi_20250203_155142,0.0,,True
81,0.0316473,flup,HT29,CellPainting_CellPaint3DBomi_WI_for_Jordi_20250203_155142,0.0,,True
84,0.0316473,noco,HT29,CellPainting_CellPaint3DBomi_WI_for_Jordi_20250203_155142,0.0,,True
87,0.0316473,sorb,HT29,CellPainting_CellPaint3DBomi_WI_for_Jordi_20250203_155142,0.3547980586479931,0.3571998643290426,False
90,0.1,berb,HT29,CellPainting_CellPaint3DBomi_WI_for_Jordi_20250203_155142,0.5449960420257576,0.1293595833262149,False
93,0.1,etop,HT29,CellPainting_CellPaint3DBomi_WI_for_Jordi_20250203_155142,0.432036537854219,0.39052243568396117,False
95,0.1,fenb,HT29,CellPainting_CellPaint3DBomi_WI_for_Jordi_20250203_155142,0.0,,True
98,0.1,flup,HT29,CellPainting_CellPaint3DBomi_WI_for_Jordi_20250203_155142,0.44498564324285184,0.1380919935565652,False
101,0.1,sorb,HT29,CellPainting_CellPaint3DBomi_WI_for_Jordi_20250203_155142,0.0,,True
108,0.31428571,fenb,HT29,CellPainting_CellPaint3DBomi_WI_for_Jordi_20250203_155142,0.0,,True
111,0.31428571,flup,HT29,CellPainting_CellPaint3DBomi_WI_for_Jordi_20250203_155142,0.49630175390062403,0.13278206890211408,False
112,0.31428571,noco,HT29,CellPainting_CellPaint3DBomi_WI_for_Jordi_20250203_155142,0.0,,True
115,0.31428571,sorb,HT29,CellPainting_CellPaint3DBomi_WI_for_Jordi_20250203_155142,0.30744651029025727,0.23780311477775085,False
120,1.0,etop,HT29,CellPainting_CellPaint3DBomi_WI_for_Jordi_20250203_155142,0.5532826640661195,-0.027882596336950893,False
122,1.0,fenb,HT29,CellPainting_CellPaint3DBomi_WI_for_Jordi_20250203_155142,0.0,,True
126,1.0,noco,HT29,CellPainting_CellPaint3DBomi_WI_for_Jordi_20250203_155142,0.38139799306937894,0.24910634102354612,False
129,1.0,sorb,HT29,CellPainting_CellPaint3DBomi_WI_for_Jordi_20250203_155142,0.3153051955864703,0.1735074846077389,False
132,10.0,berb,HT29,CellPainting_CellPaint3DBomi_WI_for_Jordi_20250203_155142,0.0,,True
135,10.0,flup,HT29,CellPainting_CellPaint3DBomi_WI_for_Jordi_20250203_155142,0.0,,True
136,10.0,noco,HT29,CellPainting_CellPaint3DBomi_WI_for_Jordi_20250203_155142,0.12456674169805204,0.10614567547252474,False
139,10.0,sorb,HT29,CellPainting_CellPaint3DBomi_WI_for_Jordi_20250203_155142,0.38460123559353954,0.3617521110419488,False
144,3.1642857,etop,HT29,CellPainting_CellPaint3DBomi_WI_for_Jordi_20250203_155142,0.0,,True
145,3.1642857,fenb,HT29,CellPainting_CellPaint3DBomi_WI_for_Jordi_20250203_155142,0.0,,True
148,3.1642857,flup,HT29,CellPainting_CellPaint3DBomi_WI_for_Jordi_20250203_155142,0.6792614899518853,0.4899580497663847,False
150,3.1642857,noco,HT29,CellPainting_CellPaint3DBomi_WI_for_Jordi_20250203_155142,0.0,,True
153,3.1642857,sorb,HT29,CellPainting_CellPaint3DBomi_WI_for_Jordi_20250203_155142,0.4581551055153307,0.10332586530778187,False
176,0.1,noco,,CellPainting_CellPaint3DBomi_WI_for_Jordi_20250203_155142,0.0,,True
177,10.0,etop,,CellPainting_CellPaint3DBomi_WI_for_Jordi_20250203_155142,0.0,,True
178,0.31428571,etop,,CellPainting_CellPaint3DBomi_WI_for_Jordi_20250203_155142,0.0,,True
179,3.1642857,berb,,CellPainting_CellPaint3DBomi_WI_for_Jordi_20250203_155142,0.0,,True
180,1.0,berb,,CellPainting_CellPaint3DBomi_WI_for_Jordi_20250203_155142,0.0,,True
181,0.31428571,berb,,CellPainting_CellPaint3DBomi_WI_for_Jordi_20250203_155142,0.0,,True
182,0.010002279,berb,,CellPainting_CellPaint3DBomi_WI_for_Jordi_20250203_155142,0.0,,True
183,10.0,fenb,,CellPainting_CellPaint3DBomi_WI_for_Jordi_20250203_155142,0.0,,True
185,1.0,flup,,CellPainting_CellPaint3DBomi_WI_for_Jordi_20250203_155142,0.0,,True
