cond,z,wid,n_objects
20_40,0,PB100082_I16,9
20_40,0,PB100082_J13,6
20_40,0,PB100082_K16,11
20_40,0,PB100082_L11,13
20_40,0,PB100082_M14,10
20_40,0,PB100082_N09,16
20_40,0,PB100082_O12,34
20_40,0,PB100082_P09,17
20_40,0,PB100082_P15,15
20_40,0,PB100083_I10,23
20_40,0,PB100083_I16,13
20_40,0,PB100083_J13,21
20_40,0,PB100083_K16,41
20_40,0,PB100083_L11,30
20_40,0,PB100083_M14,8
20_40,0,PB100083_N09,10
20_40,0,PB100083_P09,15
20_40,0,PB100083_P15,12
20_40,1,PB100082_I16,33
20_40,1,PB100082_J13,8
20_40,1,PB100082_K16,26
20_40,1,PB100082_L11,25
20_40,1,PB100082_M14,16
20_40,1,PB100082_N09,26
20_40,1,PB100082_O12,37
20_40,1,PB100082_P09,28
20_40,1,PB100082_P15,33
20_40,1,PB100083_I10,37
20_40,1,PB100083_I16,32
20_40,1,PB100083_J13,44
20_40,1,PB100083_K16,55
20_40,1,PB100083_L11,48
20_40,1,PB100083_M14,23
20_40,1,PB100083_N09,22
20_40,1,PB100083_P09,33
20_40,1,PB100083_P15,27
20_40,2,PB100082_I16,52
20_40,2,PB100082_J13,12
20_40,2,PB100082_K16,45
20_40,2,PB100082_L11,50
20_40,2,PB100082_M14,32
20_40,2,PB100082_N09,46
20_40,2,PB100082_O12,54
20_40,2,PB100082_P09,46
20_40,2,PB100082_P15,56
20_40,2,PB100083_I10,70
20_40,2,PB100083_I16,62
20_40,2,PB100083_J13,82
20_40,2,PB100083_K16,75
20_40,2,PB100083_L11,65
20_40,2,PB100083_M14,37
20_40,2,PB100083_N09,29
20_40,2,PB100083_P09,79
20_40,2,PB100083_P15,32
20_40,3,PB100082_I16,76
20_40,3,PB100082_J13,19
20_40,3,PB100082_K16,79
20_40,3,PB100082_L11,71
20_40,3,PB100082_M14,59
20_40,3,PB100082_N09,82
20_40,3,PB100082_O12,72
20_40,3,PB100082_P09,77
20_40,3,PB100082_P15,79
20_40,3,PB100083_I10,108
20_40,3,PB100083_I16,99
20_40,3,PB100083_J13,114
20_40,3,PB100083_K16,97
20_40,3,PB100083_L11,103
20_40,3,PB100083_M14,62
20_40,3,PB100083_N09,48
20_40,3,PB100083_P09,110
20_40,3,PB100083_P15,56
20_40,4,PB100082_I16,106
20_40,4,PB100082_J13,17
20_40,4,PB100082_K16,100
20_40,4,PB100082_L11,95
20_40,4,PB100082_M14,86
20_40,4,PB100082_N09,101
20_40,4,PB100082_O12,88
20_40,4,PB100082_P09,101
20_40,4,PB100082_P15,97
20_40,4,PB100083_I10,124
20_40,4,PB100083_I16,136
20_40,4,PB100083_J13,124
20_40,4,PB100083_K16,115
20_40,4,PB100083_L11,123
20_40,4,PB100083_M14,84
20_40,4,PB100083_N09,79
20_40,4,PB100083_P09,128
20_40,4,PB100083_P15,99
20_40,5,PB100082_I16,126
20_40,5,PB100082_J13,21
20_40,5,PB100082_K16,116
20_40,5,PB100082_L11,103
20_40,5,PB100082_M14,114
20_40,5,PB100082_N09,110
20_40,5,PB100082_O12,104
20_40,5,PB100082_P09,122
20_40,5,PB100082_P15,119
20_40,5,PB100083_I10,129
20_40,5,PB100083_I16,178
20_40,5,PB100083_J13,145
20_40,5,PB100083_K16,124
20_40,5,PB100083_L11,138
20_40,5,PB100083_M14,113
20_40,5,PB100083_N09,113
20_40,5,PB100083_P09,146
20_40,5,PB100083_P15,117
20_40,6,PB100082_I16,131
20_40,6,PB100082_J13,18
20_40,6,PB100082_K16,111
20_40,6,PB100082_L11,113
20_40,6,PB100082_M14,134
20_40,6,PB100082_N09,128
20_40,6,PB100082_O12,100
20_40,6,PB100082_P09,148
20_40,6,PB100082_P15,128
20_40,6,PB100083_I10,140
20_40,6,PB100083_I16,182
20_40,6,PB100083_J13,165
20_40,6,PB100083_K16,137
20_40,6,PB100083_L11,148
20_40,6,PB100083_M14,143
20_40,6,PB100083_N09,132
20_40,6,PB100083_P09,135
20_40,6,PB100083_P15,149
20_40,7,PB100082_I16,158
20_40,7,PB100082_J13,17
20_40,7,PB100082_K16,109
20_40,7,PB100082_L11,125
20_40,7,PB100082_M14,139
20_40,7,PB100082_N09,124
20_40,7,PB100082_O12,107
20_40,7,PB100082_P09,171
20_40,7,PB100082_P15,150
20_40,7,PB100083_I10,141
20_40,7,PB100083_I16,182
20_40,7,PB100083_J13,179
20_40,7,PB100083_K16,143
20_40,7,PB100083_L11,174
20_40,7,PB100083_M14,155
20_40,7,PB100083_N09,147
20_40,7,PB100083_P09,152
20_40,7,PB100083_P15,164
20_40,8,PB100082_I16,159
20_40,8,PB100082_J13,13
20_40,8,PB100082_K16,134
20_40,8,PB100082_L11,127
20_40,8,PB100082_M14,143
20_40,8,PB100082_N09,129
20_40,8,PB100082_O12,120
20_40,8,PB100082_P09,182
20_40,8,PB100082_P15,141
20_40,8,PB100083_I10,136
20_40,8,PB100083_I16,169
20_40,8,PB100083_J13,164
20_40,8,PB100083_K16,147
20_40,8,PB100083_L11,172
20_40,8,PB100083_M14,163
20_40,8,PB100083_N09,151
20_40,8,PB100083_P09,136
20_40,8,PB100083_P15,171
20_40,9,PB100082_I16,162
20_40,9,PB100082_J13,12
20_40,9,PB100082_K16,134
20_40,9,PB100082_L11,136
20_40,9,PB100082_M14,144
20_40,9,PB100082_N09,128
20_40,9,PB100082_O12,133
20_40,9,PB100082_P09,175
20_40,9,PB100082_P15,170
20_40,9,PB100083_I10,141
20_40,9,PB100083_I16,175
20_40,9,PB100083_J13,168
20_40,9,PB100083_K16,152
20_40,9,PB100083_L11,165
20_40,9,PB100083_M14,152
20_40,9,PB100083_N09,152
20_40,9,PB100083_P09,136
20_40,9,PB100083_P15,163
20_40,10,PB100082_I16,148
20_40,10,PB100082_J13,7
20_40,10,PB100082_K16,137
20_40,10,PB100082_L11,136
20_40,10,PB100082_M14,160
20_40,10,PB100082_N09,121
20_40,10,PB100082_O12,108
20_40,10,PB100082_P09,187
20_40,10,PB100082_P15,173
20_40,10,PB100083_I10,120
20_40,10,PB100083_I16,168
20_40,10,PB100083_J13,162
20_40,10,PB100083_K16,141
20_40,10,PB100083_L11,154
20_40,10,PB100083_M14,135
20_40,10,PB100083_N09,149
20_40,10,PB100083_P09,131
20_40,10,PB100083_P15,179
20_40,11,PB100082_I16,162
20_40,11,PB100082_J13,7
20_40,11,PB100082_K16,143
20_40,11,PB100082_L11,133
20_40,11,PB100082_M14,162
20_40,11,PB100082_N09,116
20_40,11,PB100082_O12,101
20_40,11,PB100082_P09,181
20_40,11,PB100082_P15,161
20_40,11,PB100083_I10,117
20_40,11,PB100083_I16,160
20_40,11,PB100083_J13,165
20_40,11,PB100083_K16,144
20_40,11,PB100083_L11,151
20_40,11,PB100083_M14,151
20_40,11,PB100083_N09,146
20_40,11,PB100083_P09,125
20_40,11,PB100083_P15,192
20_40,12,PB100082_I16,164
20_40,12,PB100082_J13,3
20_40,12,PB100082_K16,122
20_40,12,PB100082_L11,127
20_40,12,PB100082_M14,153
20_40,12,PB100082_N09,99
20_40,12,PB100082_O12,91
20_40,12,PB100082_P09,175
20_40,12,PB100082_P15,155
20_40,12,PB100083_I10,113
20_40,12,PB100083_I16,161
20_40,12,PB100083_J13,172
20_40,12,PB100083_K16,145
20_40,12,PB100083_L11,164
20_40,12,PB100083_M14,145
20_40,12,PB100083_N09,132
20_40,12,PB100083_P09,128
20_40,12,PB100083_P15,178
20_40,13,PB100082_I16,156
20_40,13,PB100082_K16,121
20_40,13,PB100082_L11,122
20_40,13,PB100082_M14,148
20_40,13,PB100082_N09,96
20_40,13,PB100082_O12,99
20_40,13,PB100082_P09,183
20_40,13,PB100082_P15,144
20_40,13,PB100083_I10,104
20_40,13,PB100083_I16,158
20_40,13,PB100083_J13,181
20_40,13,PB100083_K16,132
20_40,13,PB100083_L11,151
20_40,13,PB100083_M14,134
20_40,13,PB100083_N09,152
20_40,13,PB100083_P09,131
20_40,13,PB100083_P15,168
noclear,0,PB100082_I02,13
noclear,0,PB100082_I08,6
noclear,0,PB100082_J05,24
noclear,0,PB100082_K08,23
noclear,0,PB100082_L03,8
noclear,0,PB100082_O04,22
noclear,0,PB100082_P01,29
noclear,0,PB100082_P07,18
noclear,0,PB100083_I02,49
noclear,0,PB100083_I08,4
noclear,0,PB100083_J05,30
noclear,0,PB100083_K08,20
noclear,0,PB100083_L03,23
noclear,0,PB100083_M06,29
noclear,0,PB100083_O04,9
noclear,0,PB100083_P01,29
noclear,0,PB100083_P07,5
noclear,1,PB100082_I02,27
noclear,1,PB100082_I08,21
noclear,1,PB100082_J05,34
noclear,1,PB100082_K08,46
noclear,1,PB100082_L03,25
noclear,1,PB100082_M06,30
noclear,1,PB100082_N01,16
noclear,1,PB100082_O04,33
noclear,1,PB100082_P01,43
noclear,1,PB100082_P07,26
noclear,1,PB100083_I02,63
noclear,1,PB100083_I08,9
noclear,1,PB100083_J05,56
noclear,1,PB100083_K08,33
noclear,1,PB100083_L03,32
noclear,1,PB100083_M06,39
noclear,1,PB100083_O04,28
noclear,1,PB100083_P01,48
noclear,1,PB100083_P07,27
noclear,2,PB100082_I02,46
noclear,2,PB100082_I08,28
noclear,2,PB100082_J05,62
noclear,2,PB100082_K08,74
noclear,2,PB100082_L03,55
noclear,2,PB100082_M06,39
noclear,2,PB100082_N01,33
noclear,2,PB100082_O04,60
noclear,2,PB100082_P01,58
noclear,2,PB100082_P07,56
noclear,2,PB100083_I02,71
noclear,2,PB100083_I08,28
noclear,2,PB100083_J05,86
noclear,2,PB100083_K08,62
noclear,2,PB100083_L03,48
noclear,2,PB100083_M06,60
noclear,2,PB100083_O04,47
noclear,2,PB100083_P01,59
noclear,2,PB100083_P07,59
noclear,3,PB100082_I02,71
noclear,3,PB100082_I08,50
noclear,3,PB100082_J05,104
noclear,3,PB100082_K08,110
noclear,3,PB100082_L03,77
noclear,3,PB100082_M06,65
noclear,3,PB100082_N01,58
noclear,3,PB100082_O04,95
noclear,3,PB100082_P01,61
noclear,3,PB100082_P07,91
noclear,3,PB100083_I02,79
noclear,3,PB100083_I08,63
noclear,3,PB100083_J05,110
noclear,3,PB100083_K08,91
noclear,3,PB100083_L03,89
noclear,3,PB100083_M06,84
noclear,3,PB100083_O04,67
noclear,3,PB100083_P01,67
noclear,3,PB100083_P07,77
noclear,4,PB100082_I02,85
noclear,4,PB100082_I08,88
noclear,4,PB100082_J05,123
noclear,4,PB100082_K08,123
noclear,4,PB100082_L03,105
noclear,4,PB100082_M06,104
noclear,4,PB100082_N01,74
noclear,4,PB100082_O04,136
noclear,4,PB100082_P01,81
noclear,4,PB100082_P07,129
noclear,4,PB100083_I02,98
noclear,4,PB100083_I08,98
noclear,4,PB100083_J05,112
noclear,4,PB100083_K08,108
noclear,4,PB100083_L03,116
noclear,4,PB100083_M06,91
noclear,4,PB100083_O04,83
noclear,4,PB100083_P01,76
noclear,4,PB100083_P07,107
noclear,5,PB100082_I02,100
noclear,5,PB100082_I08,110
noclear,5,PB100082_J05,126
noclear,5,PB100082_K08,135
noclear,5,PB100082_L03,111
noclear,5,PB100082_M06,128
noclear,5,PB100082_N01,112
noclear,5,PB100082_O04,166
noclear,5,PB100082_P01,82
noclear,5,PB100082_P07,145
noclear,5,PB100083_I02,98
noclear,5,PB100083_I08,108
noclear,5,PB100083_J05,127
noclear,5,PB100083_K08,127
noclear,5,PB100083_L03,128
noclear,5,PB100083_M06,102
noclear,5,PB100083_O04,95
noclear,5,PB100083_P01,90
noclear,5,PB100083_P07,121
noclear,6,PB100082_I02,112
noclear,6,PB100082_I08,133
noclear,6,PB100082_J05,118
noclear,6,PB100082_K08,137
noclear,6,PB100082_L03,119
noclear,6,PB100082_M06,137
noclear,6,PB100082_N01,135
noclear,6,PB100082_O04,156
noclear,6,PB100082_P01,78
noclear,6,PB100082_P07,160
noclear,6,PB100083_I02,94
noclear,6,PB100083_I08,132
noclear,6,PB100083_J05,122
noclear,6,PB100083_K08,132
noclear,6,PB100083_L03,131
noclear,6,PB100083_M06,93
noclear,6,PB100083_O04,99
noclear,6,PB100083_P01,97
noclear,6,PB100083_P07,123
noclear,7,PB100082_I02,114
noclear,7,PB100082_I08,145
noclear,7,PB100082_J05,101
noclear,7,PB100082_K08,113
noclear,7,PB100082_L03,130
noclear,7,PB100082_M06,163
noclear,7,PB100082_N01,129
noclear,7,PB100082_O04,151
noclear,7,PB100082_P01,77
noclear,7,PB100082_P07,160
noclear,7,PB100083_I02,72
noclear,7,PB100083_I08,139
noclear,7,PB100083_J05,136
noclear,7,PB100083_K08,135
noclear,7,PB100083_L03,123
noclear,7,PB100083_M06,97
noclear,7,PB100083_O04,100
noclear,7,PB100083_P01,88
noclear,7,PB100083_P07,136
noclear,8,PB100082_I02,101
noclear,8,PB100082_I08,140
noclear,8,PB100082_J05,124
noclear,8,PB100082_K08,112
noclear,8,PB100082_L03,124
noclear,8,PB100082_M06,150
noclear,8,PB100082_N01,128
noclear,8,PB100082_O04,153
noclear,8,PB100082_P01,75
noclear,8,PB100082_P07,149
noclear,8,PB100083_I02,84
noclear,8,PB100083_I08,134
noclear,8,PB100083_J05,120
noclear,8,PB100083_K08,130
noclear,8,PB100083_L03,120
noclear,8,PB100083_M06,86
noclear,8,PB100083_O04,111
noclear,8,PB100083_P01,73
noclear,8,PB100083_P07,144
noclear,9,PB100082_I02,105
noclear,9,PB100082_I08,140
noclear,9,PB100082_J05,96
noclear,9,PB100082_K08,125
noclear,9,PB100082_L03,109
noclear,9,PB100082_M06,160
noclear,9,PB100082_N01,119
noclear,9,PB100082_O04,127
noclear,9,PB100082_P01,65
noclear,9,PB100082_P07,153
noclear,9,PB100083_I02,71
noclear,9,PB100083_I08,120
noclear,9,PB100083_J05,113
noclear,9,PB100083_K08,113
noclear,9,PB100083_L03,88
noclear,9,PB100083_M06,89
noclear,9,PB100083_O04,106
noclear,9,PB100083_P01,61
noclear,9,PB100083_P07,132
noclear,10,PB100082_I02,105
noclear,10,PB100082_I08,128
noclear,10,PB100082_J05,81
noclear,10,PB100082_K08,101
noclear,10,PB100082_L03,100
noclear,10,PB100082_M06,159
noclear,10,PB100082_N01,125
noclear,10,PB100082_O04,100
noclear,10,PB100082_P01,65
noclear,10,PB100082_P07,149
noclear,10,PB100083_I02,60
noclear,10,PB100083_I08,109
noclear,10,PB100083_J05,101
noclear,10,PB100083_K08,107
noclear,10,PB100083_L03,96
noclear,10,PB100083_M06,78
noclear,10,PB100083_O04,104
noclear,10,PB100083_P01,57
noclear,10,PB100083_P07,129
noclear,11,PB100082_I02,97
noclear,11,PB100082_I08,119
noclear,11,PB100082_J05,87
noclear,11,PB100082_K08,77
noclear,11,PB100082_L03,96
noclear,11,PB100082_M06,143
noclear,11,PB100082_N01,112
noclear,11,PB100082_O04,85
noclear,11,PB100082_P01,56
noclear,11,PB100082_P07,134
noclear,11,PB100083_I02,51
noclear,11,PB100083_I08,99
noclear,11,PB100083_J05,84
noclear,11,PB100083_K08,96
noclear,11,PB100083_L03,89
noclear,11,PB100083_M06,78
noclear,11,PB100083_O04,83
noclear,11,PB100083_P01,50
noclear,11,PB100083_P07,102
noclear,12,PB100082_I02,84
noclear,12,PB100082_I08,99
noclear,12,PB100082_J05,71
noclear,12,PB100082_K08,63
noclear,12,PB100082_L03,87
noclear,12,PB100082_M06,150
noclear,12,PB100082_N01,99
noclear,12,PB100082_O04,67
noclear,12,PB100082_P01,53
noclear,12,PB100082_P07,108
noclear,12,PB100083_I02,32
noclear,12,PB100083_I08,100
noclear,12,PB100083_J05,54
noclear,12,PB100083_K08,69
noclear,12,PB100083_L03,60
noclear,12,PB100083_M06,62
noclear,12,PB100083_O04,74
noclear,12,PB100083_P01,43
noclear,12,PB100083_P07,108
noclear,13,PB100082_I02,60
noclear,13,PB100082_I08,89
noclear,13,PB100082_J05,64
noclear,13,PB100082_K08,52
noclear,13,PB100082_L03,80
noclear,13,PB100082_M06,151
noclear,13,PB100082_N01,85
noclear,13,PB100082_O04,64
noclear,13,PB100082_P01,41
noclear,13,PB100082_P07,89
noclear,13,PB100083_I02,28
noclear,13,PB100083_I08,82
noclear,13,PB100083_J05,46
noclear,13,PB100083_K08,66
noclear,13,PB100083_L03,66
noclear,13,PB100083_M06,57
noclear,13,PB100083_O04,63
noclear,13,PB100083_P01,30
noclear,13,PB100083_P07,78
nyquist,0,PB100082_A02,7
nyquist,0,PB100082_B05,20
nyquist,0,PB100082_C08,10
nyquist,0,PB100082_D03,12
nyquist,0,PB100082_E06,12
nyquist,0,PB100082_F01,11
nyquist,0,PB100082_G04,23
nyquist,0,PB100082_H01,4
nyquist,0,PB100082_H07,20
nyquist,0,PB100083_A02,11
nyquist,0,PB100083_A08,33
nyquist,0,PB100083_B05,19
nyquist,0,PB100083_C08,13
nyquist,0,PB100083_D03,27
nyquist,0,PB100083_F01,6
nyquist,0,PB100083_G04,17
nyquist,0,PB100083_H01,15
nyquist,0,PB100083_H07,40
nyquist,3,PB100082_A02,20
nyquist,3,PB100082_A08,17
nyquist,3,PB100082_B05,39
nyquist,3,PB100082_C08,28
nyquist,3,PB100082_D03,26
nyquist,3,PB100082_E06,22
nyquist,3,PB100082_F01,25
nyquist,3,PB100082_G04,38
nyquist,3,PB100082_H01,5
nyquist,3,PB100082_H07,29
nyquist,3,PB100083_A02,10
nyquist,3,PB100083_A08,45
nyquist,3,PB100083_B05,33
nyquist,3,PB100083_C08,18
nyquist,3,PB100083_D03,38
nyquist,3,PB100083_E06,9
nyquist,3,PB100083_F01,18
nyquist,3,PB100083_G04,25
nyquist,3,PB100083_H01,33
nyquist,3,PB100083_H07,58
nyquist,7,PB100082_A02,43
nyquist,7,PB100082_A08,37
nyquist,7,PB100082_B05,76
nyquist,7,PB100082_C08,53
nyquist,7,PB100082_D03,60
nyquist,7,PB100082_E06,40
nyquist,7,PB100082_F01,49
nyquist,7,PB100082_G04,48
nyquist,7,PB100082_H01,10
nyquist,7,PB100082_H07,57
nyquist,7,PB100083_A02,14
nyquist,7,PB100083_A08,69
nyquist,7,PB100083_B05,73
nyquist,7,PB100083_C08,60
nyquist,7,PB100083_D03,60
nyquist,7,PB100083_E06,30
nyquist,7,PB100083_F01,39
nyquist,7,PB100083_G04,46
nyquist,7,PB100083_H01,63
nyquist,7,PB100083_H07,77
nyquist,10,PB100082_A02,57
nyquist,10,PB100082_A08,55
nyquist,10,PB100082_B05,120
nyquist,10,PB100082_C08,78
nyquist,10,PB100082_D03,88
nyquist,10,PB100082_E06,54
nyquist,10,PB100082_F01,73
nyquist,10,PB100082_G04,56
nyquist,10,PB100082_H01,12
nyquist,10,PB100082_H07,68
nyquist,10,PB100083_A02,15
nyquist,10,PB100083_A08,77
nyquist,10,PB100083_B05,106
nyquist,10,PB100083_C08,105
nyquist,10,PB100083_D03,72
nyquist,10,PB100083_E06,57
nyquist,10,PB100083_F01,43
nyquist,10,PB100083_G04,73
nyquist,10,PB100083_H01,79
nyquist,10,PB100083_H07,91
nyquist,13,PB100082_A02,82
nyquist,13,PB100082_A08,81
nyquist,13,PB100082_B05,140
nyquist,13,PB100082_C08,101
nyquist,13,PB100082_D03,110
nyquist,13,PB100082_E06,73
nyquist,13,PB100082_F01,74
nyquist,13,PB100082_G04,62
nyquist,13,PB100082_H01,14
nyquist,13,PB100082_H07,80
nyquist,13,PB100083_A02,22
nyquist,13,PB100083_A08,81
nyquist,13,PB100083_B05,119
nyquist,13,PB100083_C08,133
nyquist,13,PB100083_D03,85
nyquist,13,PB100083_E06,77
nyquist,13,PB100083_F01,49
nyquist,13,PB100083_G04,95
nyquist,13,PB100083_H01,96
nyquist,13,PB100083_H07,105
nyquist,17,PB100082_A02,92
nyquist,17,PB100082_A08,103
nyquist,17,PB100082_B05,142
nyquist,17,PB100082_C08,120
nyquist,17,PB100082_D03,133
nyquist,17,PB100082_E06,79
nyquist,17,PB100082_F01,101
nyquist,17,PB100082_G04,71
nyquist,17,PB100082_H01,25
nyquist,17,PB100082_H07,96
nyquist,17,PB100083_A02,26
nyquist,17,PB100083_A08,105
nyquist,17,PB100083_B05,126
nyquist,17,PB100083_C08,144
nyquist,17,PB100083_D03,111
nyquist,17,PB100083_E06,77
nyquist,17,PB100083_F01,59
nyquist,17,PB100083_G04,125
nyquist,17,PB100083_H01,107
nyquist,17,PB100083_H07,110
nyquist,20,PB100082_A02,98
nyquist,20,PB100082_A08,115
nyquist,20,PB100082_B05,135
nyquist,20,PB100082_C08,138
nyquist,20,PB100082_D03,125
nyquist,20,PB100082_E06,84
nyquist,20,PB100082_F01,110
nyquist,20,PB100082_G04,70
nyquist,20,PB100082_H01,24
nyquist,20,PB100082_H07,97
nyquist,20,PB100083_A02,18
nyquist,20,PB100083_A08,105
nyquist,20,PB100083_B05,115
nyquist,20,PB100083_C08,127
nyquist,20,PB100083_D03,114
nyquist,20,PB100083_E06,89
nyquist,20,PB100083_F01,71
nyquist,20,PB100083_G04,134
nyquist,20,PB100083_H01,114
nyquist,20,PB100083_H07,99
nyquist,23,PB100082_A02,97
nyquist,23,PB100082_A08,122
nyquist,23,PB100082_B05,154
nyquist,23,PB100082_C08,130
nyquist,23,PB100082_D03,127
nyquist,23,PB100082_E06,83
nyquist,23,PB100082_F01,113
nyquist,23,PB100082_G04,80
nyquist,23,PB100082_H01,29
nyquist,23,PB100082_H07,101
nyquist,23,PB100083_A02,19
nyquist,23,PB100083_A08,116
nyquist,23,PB100083_B05,120
nyquist,23,PB100083_C08,143
nyquist,23,PB100083_D03,123
nyquist,23,PB100083_E06,91
nyquist,23,PB100083_F01,80
nyquist,23,PB100083_G04,133
nyquist,23,PB100083_H01,120
nyquist,23,PB100083_H07,94
nyquist,26,PB100082_A02,103
nyquist,26,PB100082_A08,130
nyquist,26,PB100082_B05,152
nyquist,26,PB100082_C08,132
nyquist,26,PB100082_D03,143
nyquist,26,PB100082_E06,95
nyquist,26,PB100082_F01,111
nyquist,26,PB100082_G04,84
nyquist,26,PB100082_H01,27
nyquist,26,PB100082_H07,96
nyquist,26,PB100083_A02,27
nyquist,26,PB100083_A08,124
nyquist,26,PB100083_B05,114
nyquist,26,PB100083_C08,135
nyquist,26,PB100083_D03,110
nyquist,26,PB100083_E06,101
nyquist,26,PB100083_F01,72
nyquist,26,PB100083_G04,139
nyquist,26,PB100083_H01,115
nyquist,26,PB100083_H07,80
nyquist,30,PB100082_A02,108
nyquist,30,PB100082_A08,141
nyquist,30,PB100082_B05,146
nyquist,30,PB100082_C08,134
nyquist,30,PB100082_D03,139
nyquist,30,PB100082_E06,91
nyquist,30,PB100082_F01,104
nyquist,30,PB100082_G04,91
nyquist,30,PB100082_H01,23
nyquist,30,PB100082_H07,104
nyquist,30,PB100083_A02,22
nyquist,30,PB100083_A08,111
nyquist,30,PB100083_B05,109
nyquist,30,PB100083_C08,129
nyquist,30,PB100083_D03,108
nyquist,30,PB100083_E06,102
nyquist,30,PB100083_F01,61
nyquist,30,PB100083_G04,126
nyquist,30,PB100083_H01,102
nyquist,30,PB100083_H07,70
nyquist,33,PB100082_A02,94
nyquist,33,PB100082_A08,138
nyquist,33,PB100082_B05,134
nyquist,33,PB100082_C08,128
nyquist,33,PB100082_D03,118
nyquist,33,PB100082_E06,92
nyquist,33,PB100082_F01,97
nyquist,33,PB100082_G04,87
nyquist,33,PB100082_H01,23
nyquist,33,PB100082_H07,87
nyquist,33,PB100083_A02,24
nyquist,33,PB100083_A08,106
nyquist,33,PB100083_B05,98
nyquist,33,PB100083_C08,134
nyquist,33,PB100083_D03,100
nyquist,33,PB100083_E06,96
nyquist,33,PB100083_F01,58
nyquist,33,PB100083_G04,124
nyquist,33,PB100083_H01,90
nyquist,33,PB100083_H07,64
nyquist,36,PB100082_A02,89
nyquist,36,PB100082_A08,125
nyquist,36,PB100082_B05,136
nyquist,36,PB100082_C08,123
nyquist,36,PB100082_D03,96
nyquist,36,PB100082_E06,91
nyquist,36,PB100082_F01,107
nyquist,36,PB100082_G04,82
nyquist,36,PB100082_H01,22
nyquist,36,PB100082_H07,86
nyquist,36,PB100083_A02,15
nyquist,36,PB100083_A08,101
nyquist,36,PB100083_B05,101
nyquist,36,PB100083_C08,120
nyquist,36,PB100083_D03,95
nyquist,36,PB100083_E06,96
nyquist,36,PB100083_F01,43
nyquist,36,PB100083_G04,132
nyquist,36,PB100083_H01,91
nyquist,36,PB100083_H07,59
nyquist,40,PB100082_A02,94
nyquist,40,PB100082_A08,114
nyquist,40,PB100082_B05,125
nyquist,40,PB100082_C08,112
nyquist,40,PB100082_D03,95
nyquist,40,PB100082_E06,79
nyquist,40,PB100082_F01,108
nyquist,40,PB100082_G04,73
nyquist,40,PB100082_H01,15
nyquist,40,PB100082_H07,78
nyquist,40,PB100083_A02,11
nyquist,40,PB100083_A08,78
nyquist,40,PB100083_B05,90
nyquist,40,PB100083_C08,115
nyquist,40,PB100083_D03,88
nyquist,40,PB100083_E06,90
nyquist,40,PB100083_F01,33
nyquist,40,PB100083_G04,114
nyquist,40,PB100083_H01,91
nyquist,40,PB100083_H07,43
nyquist,43,PB100082_A02,77
nyquist,43,PB100082_A08,116
nyquist,43,PB100082_B05,104
nyquist,43,PB100082_C08,102
nyquist,43,PB100082_D03,80
nyquist,43,PB100082_E06,78
nyquist,43,PB100082_F01,100
nyquist,43,PB100082_G04,64
nyquist,43,PB100082_H01,14
nyquist,43,PB100082_H07,64
nyquist,43,PB100083_A02,16
nyquist,43,PB100083_A08,65
nyquist,43,PB100083_B05,84
nyquist,43,PB100083_C08,105
nyquist,43,PB100083_D03,78
nyquist,43,PB100083_E06,77
nyquist,43,PB100083_F01,22
nyquist,43,PB100083_G04,102
nyquist,43,PB100083_H01,85
nyquist,43,PB100083_H07,42
v1,0,PB000137_B22,20
v1,0,PB000137_C05,52
v1,0,PB000137_D12,32
v1,0,PB000137_E16,47
v1,0,PB000137_F06,14
v1,0,PB000137_F20,28
v1,0,PB000137_G02,21
v1,0,PB000137_G13,43
v1,0,PB000137_H10,17
v1,0,PB000137_H17,13
v1,0,PB000137_I21,23
v1,0,PB000137_J03,29
v1,0,PB000137_J14,19
v1,0,PB000137_K11,20
v1,0,PB000137_L07,40
v1,0,PB000137_L18,36
v1,0,PB000137_M23,21
v1,0,PB000137_N15,16
v1,0,PB000137_O09,26
v1,0,PB000138_B22,44
v1,0,PB000138_C05,33
v1,0,PB000138_D12,15
v1,0,PB000138_E16,8
v1,0,PB000138_F06,11
v1,0,PB000138_F20,15
v1,0,PB000138_G02,34
v1,0,PB000138_G13,20
v1,0,PB000138_H10,18
v1,0,PB000138_H17,27
v1,0,PB000138_I21,16
v1,0,PB000138_J03,33
v1,0,PB000138_J14,23
v1,0,PB000138_K11,15
v1,0,PB000138_L07,15
v1,0,PB000138_L18,50
v1,0,PB000138_M23,17
v1,0,PB000138_N04,7
v1,0,PB000138_N15,34
v1,0,PB000138_O09,10
v1,0,PB000139_B04,16
v1,0,PB000139_C10,40
v1,0,PB000139_G03,20
v1,0,PB000139_H12,31
v1,0,PB000139_I06,40
v1,0,PB000139_K09,23
v1,0,PB000139_N05,21
v1,0,PB000139_O07,34
v1,0,PB000139_O11,16
v1,0,PB000140_B04,36
v1,0,PB000140_C10,17
v1,0,PB000140_E02,26
v1,0,PB000140_G03,24
v1,0,PB000140_H12,25
v1,0,PB000140_I06,50
v1,0,PB000140_K09,35
v1,0,PB000140_N05,23
v1,0,PB000140_O07,11
v1,0,PB000140_O11,44
v1,1,PB000137_B22,40
v1,1,PB000137_C05,86
v1,1,PB000137_D12,55
v1,1,PB000137_E16,60
v1,1,PB000137_F06,32
v1,1,PB000137_F20,49
v1,1,PB000137_G02,47
v1,1,PB000137_G13,66
v1,1,PB000137_H10,38
v1,1,PB000137_H17,29
v1,1,PB000137_I21,47
v1,1,PB000137_J03,58
v1,1,PB000137_J14,26
v1,1,PB000137_K11,32
v1,1,PB000137_L07,67
v1,1,PB000137_L18,69
v1,1,PB000137_M23,38
v1,1,PB000137_N15,29
v1,1,PB000137_O09,44
v1,1,PB000138_B22,69
v1,1,PB000138_C05,61
v1,1,PB000138_D12,32
v1,1,PB000138_E16,26
v1,1,PB000138_F06,19
v1,1,PB000138_F20,30
v1,1,PB000138_G02,65
v1,1,PB000138_G13,33
v1,1,PB000138_H10,46
v1,1,PB000138_H17,42
v1,1,PB000138_I21,45
v1,1,PB000138_J03,62
v1,1,PB000138_J14,44
v1,1,PB000138_K11,18
v1,1,PB000138_L07,34
v1,1,PB000138_L18,86
v1,1,PB000138_M23,31
v1,1,PB000138_N04,9
v1,1,PB000138_N15,56
v1,1,PB000138_O09,20
v1,1,PB000139_B04,29
v1,1,PB000139_C10,53
v1,1,PB000139_G03,37
v1,1,PB000139_H12,50
v1,1,PB000139_I06,68
v1,1,PB000139_K09,43
v1,1,PB000139_N05,33
v1,1,PB000139_O07,55
v1,1,PB000139_O11,28
v1,1,PB000140_B04,45
v1,1,PB000140_C10,23
v1,1,PB000140_E02,53
v1,1,PB000140_G03,42
v1,1,PB000140_H12,41
v1,1,PB000140_I06,71
v1,1,PB000140_K09,65
v1,1,PB000140_N05,43
v1,1,PB000140_O07,17
v1,1,PB000140_O11,75
v1,2,PB000137_B22,48
v1,2,PB000137_C05,114
v1,2,PB000137_D12,90
v1,2,PB000137_E16,65
v1,2,PB000137_F06,57
v1,2,PB000137_F20,74
v1,2,PB000137_G02,60
v1,2,PB000137_G13,82
v1,2,PB000137_H10,40
v1,2,PB000137_H17,49
v1,2,PB000137_I21,62
v1,2,PB000137_J03,83
v1,2,PB000137_J14,43
v1,2,PB000137_K11,49
v1,2,PB000137_L07,92
v1,2,PB000137_L18,96
v1,2,PB000137_M23,56
v1,2,PB000137_N15,59
v1,2,PB000137_O09,79
v1,2,PB000138_B22,103
v1,2,PB000138_C05,78
v1,2,PB000138_D12,52
v1,2,PB000138_E16,39
v1,2,PB000138_F06,43
v1,2,PB000138_F20,58
v1,2,PB000138_G02,82
v1,2,PB000138_G13,58
v1,2,PB000138_H10,85
v1,2,PB000138_H17,54
v1,2,PB000138_I21,70
v1,2,PB000138_J03,98
v1,2,PB000138_J14,69
v1,2,PB000138_K11,24
v1,2,PB000138_L07,60
v1,2,PB000138_L18,111
v1,2,PB000138_M23,62
v1,2,PB000138_N04,9
v1,2,PB000138_N15,90
v1,2,PB000138_O09,31
v1,2,PB000139_B04,45
v1,2,PB000139_C10,62
v1,2,PB000139_G03,61
v1,2,PB000139_H12,65
v1,2,PB000139_I06,85
v1,2,PB000139_K09,55
v1,2,PB000139_N05,44
v1,2,PB000139_O07,74
v1,2,PB000139_O11,60
v1,2,PB000140_B04,49
v1,2,PB000140_C10,57
v1,2,PB000140_E02,83
v1,2,PB000140_G03,66
v1,2,PB000140_H12,62
v1,2,PB000140_I06,76
v1,2,PB000140_K09,90
v1,2,PB000140_N05,76
v1,2,PB000140_O07,46
v1,2,PB000140_O11,93
v1,3,PB000137_B22,71
v1,3,PB000137_C05,124
v1,3,PB000137_D12,115
v1,3,PB000137_E16,94
v1,3,PB000137_F06,77
v1,3,PB000137_F20,107
v1,3,PB000137_G02,71
v1,3,PB000137_G13,117
v1,3,PB000137_H10,48
v1,3,PB000137_H17,71
v1,3,PB000137_I21,69
v1,3,PB000137_J03,105
v1,3,PB000137_J14,60
v1,3,PB000137_K11,73
v1,3,PB000137_L07,113
v1,3,PB000137_L18,133
v1,3,PB000137_M23,80
v1,3,PB000137_N15,74
v1,3,PB000137_O09,108
v1,3,PB000138_B22,118
v1,3,PB000138_C05,98
v1,3,PB000138_D12,77
v1,3,PB000138_E16,65
v1,3,PB000138_F06,68
v1,3,PB000138_F20,82
v1,3,PB000138_G02,106
v1,3,PB000138_G13,75
v1,3,PB000138_H10,115
v1,3,PB000138_H17,54
v1,3,PB000138_I21,87
v1,3,PB000138_J03,134
v1,3,PB000138_J14,106
v1,3,PB000138_K11,39
v1,3,PB000138_L07,80
v1,3,PB000138_L18,139
v1,3,PB000138_M23,91
v1,3,PB000138_N04,15
v1,3,PB000138_N15,116
v1,3,PB000138_O09,42
v1,3,PB000139_B04,59
v1,3,PB000139_C10,78
v1,3,PB000139_G03,86
v1,3,PB000139_H12,88
v1,3,PB000139_I06,106
v1,3,PB000139_K09,77
v1,3,PB000139_N05,49
v1,3,PB000139_O07,84
v1,3,PB000139_O11,84
v1,3,PB000140_B04,59
v1,3,PB000140_C10,77
v1,3,PB000140_E02,110
v1,3,PB000140_G03,85
v1,3,PB000140_H12,97
v1,3,PB000140_I06,103
v1,3,PB000140_K09,118
v1,3,PB000140_N05,98
v1,3,PB000140_O07,70
v1,3,PB000140_O11,118
v1,4,PB000137_B22,80
v1,4,PB000137_C05,162
v1,4,PB000137_D12,134
v1,4,PB000137_E16,113
v1,4,PB000137_F06,104
v1,4,PB000137_F20,129
v1,4,PB000137_G02,99
v1,4,PB000137_G13,135
v1,4,PB000137_H10,73
v1,4,PB000137_H17,90
v1,4,PB000137_I21,83
v1,4,PB000137_J03,128
v1,4,PB000137_J14,97
v1,4,PB000137_K11,91
v1,4,PB000137_L07,119
v1,4,PB000137_L18,154
v1,4,PB000137_M23,103
v1,4,PB000137_N15,91
v1,4,PB000137_O09,136
v1,4,PB000138_B22,138
v1,4,PB000138_C05,120
v1,4,PB000138_D12,121
v1,4,PB000138_E16,93
v1,4,PB000138_F06,88
v1,4,PB000138_F20,106
v1,4,PB000138_G02,127
v1,4,PB000138_G13,99
v1,4,PB000138_H10,134
v1,4,PB000138_H17,59
v1,4,PB000138_I21,113
v1,4,PB000138_J03,154
v1,4,PB000138_J14,137
v1,4,PB000138_K11,45
v1,4,PB000138_L07,111
v1,4,PB000138_L18,154
v1,4,PB000138_M23,109
v1,4,PB000138_N04,18
v1,4,PB000138_N15,136
v1,4,PB000138_O09,43
v1,4,PB000139_B04,77
v1,4,PB000139_C10,108
v1,4,PB000139_G03,104
v1,4,PB000139_H12,111
v1,4,PB000139_I06,119
v1,4,PB000139_K09,109
v1,4,PB000139_N05,56
v1,4,PB000139_O07,98
v1,4,PB000139_O11,110
v1,4,PB000140_B04,60
v1,4,PB000140_C10,99
v1,4,PB000140_E02,143
v1,4,PB000140_G03,101
v1,4,PB000140_H12,110
v1,4,PB000140_I06,125
v1,4,PB000140_K09,122
v1,4,PB000140_N05,133
v1,4,PB000140_O07,95
v1,4,PB000140_O11,127
v1,5,PB000137_B22,91
v1,5,PB000137_C05,167
v1,5,PB000137_D12,143
v1,5,PB000137_E16,117
v1,5,PB000137_F06,120
v1,5,PB000137_F20,147
v1,5,PB000137_G02,112
v1,5,PB000137_G13,149
v1,5,PB000137_H10,89
v1,5,PB000137_H17,121
v1,5,PB000137_I21,105
v1,5,PB000137_J03,148
v1,5,PB000137_J14,118
v1,5,PB000137_K11,121
v1,5,PB000137_L07,126
v1,5,PB000137_L18,164
v1,5,PB000137_M23,122
v1,5,PB000137_N15,112
v1,5,PB000137_O09,160
v1,5,PB000138_B22,142
v1,5,PB000138_C05,132
v1,5,PB000138_D12,150
v1,5,PB000138_E16,114
v1,5,PB000138_F06,111
v1,5,PB000138_F20,129
v1,5,PB000138_G02,158
v1,5,PB000138_G13,111
v1,5,PB000138_H10,141
v1,5,PB000138_H17,51
v1,5,PB000138_I21,128
v1,5,PB000138_J03,153
v1,5,PB000138_J14,159
v1,5,PB000138_K11,50
v1,5,PB000138_L07,137
v1,5,PB000138_L18,178
v1,5,PB000138_M23,127
v1,5,PB000138_N04,17
v1,5,PB000138_N15,155
v1,5,PB000138_O09,50
v1,5,PB000139_B04,95
v1,5,PB000139_C10,131
v1,5,PB000139_G03,121
v1,5,PB000139_H12,134
v1,5,PB000139_I06,132
v1,5,PB000139_K09,132
v1,5,PB000139_N05,73
v1,5,PB000139_O07,114
v1,5,PB000139_O11,130
v1,5,PB000140_B04,61
v1,5,PB000140_C10,117
v1,5,PB000140_E02,164
v1,5,PB000140_G03,122
v1,5,PB000140_H12,111
v1,5,PB000140_I06,133
v1,5,PB000140_K09,141
v1,5,PB000140_N05,151
v1,5,PB000140_O07,120
v1,5,PB000140_O11,136
v1,6,PB000137_B22,86
v1,6,PB000137_C05,175
v1,6,PB000137_D12,154
v1,6,PB000137_E16,126
v1,6,PB000137_F06,135
v1,6,PB000137_F20,161
v1,6,PB000137_G02,117
v1,6,PB000137_G13,158
v1,6,PB000137_H10,96
v1,6,PB000137_H17,140
v1,6,PB000137_I21,122
v1,6,PB000137_J03,157
v1,6,PB000137_J14,144
v1,6,PB000137_K11,129
v1,6,PB000137_L07,131
v1,6,PB000137_L18,169
v1,6,PB000137_M23,138
v1,6,PB000137_N15,130
v1,6,PB000137_O09,179
v1,6,PB000138_B22,160
v1,6,PB000138_C05,151
v1,6,PB000138_D12,178
v1,6,PB000138_E16,133
v1,6,PB000138_F06,127
v1,6,PB000138_F20,154
v1,6,PB000138_G02,147
v1,6,PB000138_G13,132
v1,6,PB000138_H10,161
v1,6,PB000138_H17,47
v1,6,PB000138_I21,139
v1,6,PB000138_J03,166
v1,6,PB000138_J14,167
v1,6,PB000138_K11,52
v1,6,PB000138_L07,150
v1,6,PB000138_L18,158
v1,6,PB000138_M23,154
v1,6,PB000138_N04,20
v1,6,PB000138_N15,150
v1,6,PB000138_O09,55
v1,6,PB000139_B04,111
v1,6,PB000139_C10,135
v1,6,PB000139_G03,129
v1,6,PB000139_H12,147
v1,6,PB000139_I06,145
v1,6,PB000139_K09,133
v1,6,PB000139_N05,79
v1,6,PB000139_O07,124
v1,6,PB000139_O11,155
v1,6,PB000140_B04,66
v1,6,PB000140_C10,122
v1,6,PB000140_E02,169
v1,6,PB000140_G03,120
v1,6,PB000140_H12,129
v1,6,PB000140_I06,150
v1,6,PB000140_K09,143
v1,6,PB000140_N05,162
v1,6,PB000140_O07,119
v1,6,PB000140_O11,129
v1,7,PB000137_B22,83
v1,7,PB000137_C05,179
v1,7,PB000137_D12,174
v1,7,PB000137_E16,131
v1,7,PB000137_F06,132
v1,7,PB000137_F20,174
v1,7,PB000137_G02,123
v1,7,PB000137_G13,148
v1,7,PB000137_H10,121
v1,7,PB000137_H17,150
v1,7,PB000137_I21,128
v1,7,PB000137_J03,160
v1,7,PB000137_J14,156
v1,7,PB000137_K11,138
v1,7,PB000137_L07,127
v1,7,PB000137_L18,172
v1,7,PB000137_M23,158
v1,7,PB000137_N15,142
v1,7,PB000137_O09,182
v1,7,PB000138_B22,159
v1,7,PB000138_C05,170
v1,7,PB000138_D12,175
v1,7,PB000138_E16,159
v1,7,PB000138_F06,145
v1,7,PB000138_F20,165
v1,7,PB000138_G02,143
v1,7,PB000138_G13,165
v1,7,PB000138_H10,168
v1,7,PB000138_H17,48
v1,7,PB000138_I21,150
v1,7,PB000138_J03,147
v1,7,PB000138_J14,162
v1,7,PB000138_K11,50
v1,7,PB000138_L07,162
v1,7,PB000138_L18,155
v1,7,PB000138_M23,168
v1,7,PB000138_N04,14
v1,7,PB000138_N15,175
v1,7,PB000138_O09,67
v1,7,PB000139_B04,118
v1,7,PB000139_C10,138
v1,7,PB000139_G03,124
v1,7,PB000139_H12,166
v1,7,PB000139_I06,138
v1,7,PB000139_K09,132
v1,7,PB000139_N05,87
v1,7,PB000139_O07,112
v1,7,PB000139_O11,158
v1,7,PB000140_B04,82
v1,7,PB000140_C10,139
v1,7,PB000140_E02,179
v1,7,PB000140_G03,124
v1,7,PB000140_H12,133
v1,7,PB000140_I06,166
v1,7,PB000140_K09,136
v1,7,PB000140_N05,176
v1,7,PB000140_O07,111
v1,7,PB000140_O11,141
v1,8,PB000137_B22,85
v1,8,PB000137_C05,187
v1,8,PB000137_D12,178
v1,8,PB000137_E16,144
v1,8,PB000137_F06,147
v1,8,PB000137_F20,172
v1,8,PB000137_G02,137
v1,8,PB000137_G13,158
v1,8,PB000137_H10,122
v1,8,PB000137_H17,164
v1,8,PB000137_I21,136
v1,8,PB000137_J03,155
v1,8,PB000137_J14,175
v1,8,PB000137_K11,145
v1,8,PB000137_L07,114
v1,8,PB000137_L18,167
v1,8,PB000137_M23,166
v1,8,PB000137_N15,143
v1,8,PB000137_O09,200
v1,8,PB000138_B22,153
v1,8,PB000138_C05,159
v1,8,PB000138_D12,200
v1,8,PB000138_E16,176
v1,8,PB000138_F06,139
v1,8,PB000138_F20,170
v1,8,PB000138_G02,146
v1,8,PB000138_G13,170
v1,8,PB000138_H10,163
v1,8,PB000138_H17,34
v1,8,PB000138_I21,153
v1,8,PB000138_J03,167
v1,8,PB000138_J14,160
v1,8,PB000138_K11,46
v1,8,PB000138_L07,165
v1,8,PB000138_L18,143
v1,8,PB000138_M23,175
v1,8,PB000138_N04,10
v1,8,PB000138_N15,164
v1,8,PB000138_O09,64
v1,8,PB000139_B04,117
v1,8,PB000139_C10,122
v1,8,PB000139_G03,143
v1,8,PB000139_H12,181
v1,8,PB000139_I06,135
v1,8,PB000139_K09,130
v1,8,PB000139_N05,101
v1,8,PB000139_O07,110
v1,8,PB000139_O11,169
v1,8,PB000140_B04,70
v1,8,PB000140_C10,156
v1,8,PB000140_E02,169
v1,8,PB000140_G03,120
v1,8,PB000140_H12,127
v1,8,PB000140_I06,159
v1,8,PB000140_K09,131
v1,8,PB000140_N05,170
v1,8,PB000140_O07,124
v1,8,PB000140_O11,139
v1,9,PB000137_B22,89
v1,9,PB000137_C05,186
v1,9,PB000137_D12,187
v1,9,PB000137_E16,137
v1,9,PB000137_F06,149
v1,9,PB000137_F20,170
v1,9,PB000137_G02,135
v1,9,PB000137_G13,161
v1,9,PB000137_H10,121
v1,9,PB000137_H17,143
v1,9,PB000137_I21,135
v1,9,PB000137_J03,164
v1,9,PB000137_J14,178
v1,9,PB000137_K11,150
v1,9,PB000137_L07,126
v1,9,PB000137_L18,168
v1,9,PB000137_M23,171
v1,9,PB000137_N15,148
v1,9,PB000137_O09,196
v1,9,PB000138_B22,148
v1,9,PB000138_C05,159
v1,9,PB000138_D12,199
v1,9,PB000138_E16,184
v1,9,PB000138_F06,143
v1,9,PB000138_F20,168
v1,9,PB000138_G02,142
v1,9,PB000138_G13,169
v1,9,PB000138_H10,172
v1,9,PB000138_H17,28
v1,9,PB000138_I21,140
v1,9,PB000138_J03,160
v1,9,PB000138_J14,151
v1,9,PB000138_K11,33
v1,9,PB000138_L07,156
v1,9,PB000138_L18,157
v1,9,PB000138_M23,172
v1,9,PB000138_N04,8
v1,9,PB000138_N15,163
v1,9,PB000138_O09,59
v1,9,PB000139_B04,122
v1,9,PB000139_C10,125
v1,9,PB000139_G03,149
v1,9,PB000139_H12,180
v1,9,PB000139_I06,154
v1,9,PB000139_K09,127
v1,9,PB000139_N05,104
v1,9,PB000139_O07,97
v1,9,PB000139_O11,156
v1,9,PB000140_B04,82
v1,9,PB000140_C10,147
v1,9,PB000140_E02,183
v1,9,PB000140_G03,112
v1,9,PB000140_H12,126
v1,9,PB000140_I06,147
v1,9,PB000140_K09,131
v1,9,PB000140_N05,179
v1,9,PB000140_O07,124
v1,9,PB000140_O11,147
v1,10,PB000137_B22,79
v1,10,PB000137_C05,178
v1,10,PB000137_D12,183
v1,10,PB000137_E16,141
v1,10,PB000137_F06,148
v1,10,PB000137_F20,173
v1,10,PB000137_G02,133
v1,10,PB000137_G13,143
v1,10,PB000137_H10,128
v1,10,PB000137_H17,160
v1,10,PB000137_I21,140
v1,10,PB000137_J03,156
v1,10,PB000137_J14,172
v1,10,PB000137_K11,159
v1,10,PB000137_L07,122
v1,10,PB000137_L18,169
v1,10,PB000137_M23,163
v1,10,PB000137_N15,157
v1,10,PB000137_O09,197
v1,10,PB000138_B22,136
v1,10,PB000138_C05,145
v1,10,PB000138_D12,203
v1,10,PB000138_E16,169
v1,10,PB000138_F06,155
v1,10,PB000138_F20,171
v1,10,PB000138_G02,141
v1,10,PB000138_G13,179
v1,10,PB000138_H10,184
v1,10,PB000138_H17,25
v1,10,PB000138_I21,132
v1,10,PB000138_J03,135
v1,10,PB000138_J14,161
v1,10,PB000138_K11,25
v1,10,PB000138_L07,156
v1,10,PB000138_L18,141
v1,10,PB000138_M23,177
v1,10,PB000138_N04,10
v1,10,PB000138_N15,159
v1,10,PB000138_O09,47
v1,10,PB000139_B04,123
v1,10,PB000139_C10,130
v1,10,PB000139_G03,155
v1,10,PB000139_H12,179
v1,10,PB000139_I06,140
v1,10,PB000139_K09,129
v1,10,PB000139_N05,107
v1,10,PB000139_O07,100
v1,10,PB000139_O11,163
v1,10,PB000140_B04,91
v1,10,PB000140_C10,149
v1,10,PB000140_E02,183
v1,10,PB000140_G03,111
v1,10,PB000140_H12,129
v1,10,PB000140_I06,140
v1,10,PB000140_K09,139
v1,10,PB000140_N05,174
v1,10,PB000140_O07,140
v1,10,PB000140_O11,135
v1,11,PB000137_B22,91
v1,11,PB000137_C05,173
v1,11,PB000137_D12,195
v1,11,PB000137_E16,129
v1,11,PB000137_F06,141
v1,11,PB000137_F20,174
v1,11,PB000137_G02,137
v1,11,PB000137_G13,150
v1,11,PB000137_H10,145
v1,11,PB000137_H17,150
v1,11,PB000137_I21,148
v1,11,PB000137_J03,143
v1,11,PB000137_J14,183
v1,11,PB000137_K11,155
v1,11,PB000137_L07,116
v1,11,PB000137_L18,149
v1,11,PB000137_M23,170
v1,11,PB000137_N15,147
v1,11,PB000137_O09,218
v1,11,PB000138_B22,118
v1,11,PB000138_C05,135
v1,11,PB000138_D12,200
v1,11,PB000138_E16,179
v1,11,PB000138_F06,162
v1,11,PB000138_F20,179
v1,11,PB000138_G02,128
v1,11,PB000138_G13,179
v1,11,PB000138_H10,171
v1,11,PB000138_H17,24
v1,11,PB000138_I21,133
v1,11,PB000138_J03,131
v1,11,PB000138_J14,162
v1,11,PB000138_K11,27
v1,11,PB000138_L07,151
v1,11,PB000138_L18,128
v1,11,PB000138_M23,185
v1,11,PB000138_N04,4
v1,11,PB000138_N15,164
v1,11,PB000138_O09,36
v1,11,PB000139_B04,131
v1,11,PB000139_C10,123
v1,11,PB000139_G03,149
v1,11,PB000139_H12,162
v1,11,PB000139_I06,130
v1,11,PB000139_K09,134
v1,11,PB000139_N05,113
v1,11,PB000139_O07,108
v1,11,PB000139_O11,152
v1,11,PB000140_B04,76
v1,11,PB000140_C10,147
v1,11,PB000140_E02,190
v1,11,PB000140_G03,119
v1,11,PB000140_H12,135
v1,11,PB000140_I06,143
v1,11,PB000140_K09,138
v1,11,PB000140_N05,167
v1,11,PB000140_O07,141
v1,11,PB000140_O11,142
v1,12,PB000137_B22,83
v1,12,PB000137_C05,166
v1,12,PB000137_D12,173
v1,12,PB000137_E16,118
v1,12,PB000137_F06,121
v1,12,PB000137_F20,163
v1,12,PB000137_G02,118
v1,12,PB000137_G13,150
v1,12,PB000137_H10,123
v1,12,PB000137_H17,151
v1,12,PB000137_I21,122
v1,12,PB000137_J03,133
v1,12,PB000137_J14,178
v1,12,PB000137_K11,139
v1,12,PB000137_L07,108
v1,12,PB000137_L18,141
v1,12,PB000137_M23,173
v1,12,PB000137_N15,135
v1,12,PB000137_O09,203
v1,12,PB000138_B22,100
v1,12,PB000138_C05,123
v1,12,PB000138_D12,183
v1,12,PB000138_E16,169
v1,12,PB000138_F06,172
v1,12,PB000138_F20,158
v1,12,PB000138_G02,121
v1,12,PB000138_G13,151
v1,12,PB000138_H10,181
v1,12,PB000138_H17,29
v1,12,PB000138_I21,134
v1,12,PB000138_J03,126
v1,12,PB000138_J14,140
v1,12,PB000138_K11,22
v1,12,PB000138_L07,154
v1,12,PB000138_L18,127
v1,12,PB000138_M23,176
v1,12,PB000138_N15,151
v1,12,PB000138_O09,34
v1,12,PB000139_B04,130
v1,12,PB000139_C10,99
v1,12,PB000139_G03,144
v1,12,PB000139_H12,169
v1,12,PB000139_I06,133
v1,12,PB000139_K09,117
v1,12,PB000139_N05,108
v1,12,PB000139_O07,110
v1,12,PB000139_O11,146
v1,12,PB000140_B04,78
v1,12,PB000140_C10,144
v1,12,PB000140_E02,178
v1,12,PB000140_G03,116
v1,12,PB000140_H12,134
v1,12,PB000140_I06,158
v1,12,PB000140_K09,124
v1,12,PB000140_N05,175
v1,12,PB000140_O07,139
v1,12,PB000140_O11,127
