,cmpd_code,cmpdname,z,channel,mean_laplacian_var,std_laplacian_var,mean_normalized_var,std_normalized_var,n_wells
0,colo-040,SN-38,0,CONC,2650.7547560471753,784.7894371273845,81.38894263376366,30.043088143743855,26
5,colo-040,SN-38,1,CONC,2886.5499643179087,903.2594729431753,104.79463406036415,41.973989832070366,26
10,colo-040,SN-38,2,CONC,3125.5620774489184,1000.8235338339865,127.5996921697468,51.64188685863085,26
15,colo-040,SN-38,3,CONC,3335.8997427133413,1087.4362109872134,143.0893703025507,56.50129179246823,26
20,colo-040,SN-38,4,CONC,3479.705622746394,1138.8808234071996,149.48075978240368,55.215065802811516,26
25,colo-040,SN-38,5,CONC,3575.8385479266826,1165.4594715479277,150.70368646278052,52.56524801653631,26
30,colo-040,SN-38,6,CONC,3635.8373741736777,1171.1183022228026,148.9516124776713,49.42143048681962,26
35,colo-040,SN-38,7,CONC,3679.1295072115386,1172.8891938904164,145.37026716483496,45.96857847766335,26
40,colo-040,SN-38,8,CONC,3705.2858041616587,1171.8327979492826,141.4396449842118,43.435574250895414,26
45,colo-040,SN-38,9,CONC,3719.823768028846,1168.6102968331186,136.67509511038637,40.813134486568785,26
50,colo-040,SN-38,10,CONC,3728.421612079327,1161.8391089292556,131.70734515067414,38.70731418312371,26
55,colo-040,SN-38,11,CONC,3740.5274470402646,1158.435925372519,126.6460596033446,37.098714842104485,26
60,colo-040,SN-38,12,CONC,3760.290508563702,1159.623175478058,121.67522425319588,35.71364041005405,26
65,colo-040,SN-38,13,CONC,3784.418701171875,1157.5605810605468,116.63362338934664,34.308742349437416,26
70,colo-040,SN-38,14,CONC,3814.787635216346,1163.0676484242538,111.57892482518754,32.929375273075486,26
75,colo-040,SN-38,15,CONC,3858.0045729417066,1170.0787067508245,106.50882998425193,31.627736831420158,26
1,colo-040,SN-38,0,HOECHST,1497.461153470553,346.5569445014556,43.71751694734404,19.172495919321968,26
6,colo-040,SN-38,1,HOECHST,1628.271263709435,403.50112043223845,58.30805337187417,26.751819556341946,26
11,colo-040,SN-38,2,HOECHST,1777.3775611290564,464.64393436962126,75.0380267572058,36.31128856664507,26
16,colo-040,SN-38,3,HOECHST,1911.6047832782451,512.7788105057701,85.89727586923324,39.8308955416285,26
21,colo-040,SN-38,4,HOECHST,2001.6016235351562,542.0286570901807,90.64887567240157,40.054408217907785,26
26,colo-040,SN-38,5,HOECHST,2063.410376915565,567.625423646379,90.98787940825673,38.91898192018923,26
31,colo-040,SN-38,6,HOECHST,2101.272160456731,583.1767838709002,89.24145966615866,37.40492275666194,26
36,colo-040,SN-38,7,HOECHST,2127.4932626577524,599.6759004317679,86.2369139558129,35.13602014651433,26
41,colo-040,SN-38,8,HOECHST,2144.877164400541,604.206382417328,82.81882395438525,32.76018889852698,26
46,colo-040,SN-38,9,HOECHST,2146.13434776893,597.7297516477939,78.673392580537,29.882518527038012,26
51,colo-040,SN-38,10,HOECHST,2146.819575383113,591.3101442993515,74.76216186310677,27.802818036340533,26
56,colo-040,SN-38,11,HOECHST,2152.6233802208535,589.3691568109277,71.18738706690314,26.36087154619054,26
61,colo-040,SN-38,12,HOECHST,2161.6700580303486,590.1504506587173,67.79550946503164,24.966313301522057,26
66,colo-040,SN-38,13,HOECHST,2176.100332406851,585.8883908032067,64.52480775205055,23.679589050920907,26
71,colo-040,SN-38,14,HOECHST,2192.0179725060098,585.7530085736825,61.3260066554304,22.391765460631234,26
76,colo-040,SN-38,15,HOECHST,2218.212411733774,590.1834213851182,58.13036365745968,21.05804781534652,26
2,colo-040,SN-38,0,MITO,42272.00525841346,10404.672668172361,3391.765209400372,558.5514282705792,26
7,colo-040,SN-38,1,MITO,44347.82797475962,11028.461084334136,3913.1775589410254,619.4018434501927,26
12,colo-040,SN-38,2,MITO,47373.79221754808,11761.985218065767,4415.489621963376,684.0461901119079,26
17,colo-040,SN-38,3,MITO,49881.385216346156,12349.568414879195,4733.479846481079,719.9001383065724,26
22,colo-040,SN-38,4,MITO,51753.795823317305,12892.120333138117,4885.892924400318,711.2325506479865,26
27,colo-040,SN-38,5,MITO,53116.432542067305,13182.739979797701,4931.304976236674,674.5159391090432,26
32,colo-040,SN-38,6,MITO,54080.313927283656,13425.067162910906,4921.852133597577,636.8778901433634,26
37,colo-040,SN-38,7,MITO,54720.11410757212,13639.572986226727,4856.689038833316,607.3775323123856,26
42,colo-040,SN-38,8,MITO,55507.74353966346,13958.638790435363,4782.699098937683,584.8182438474846,26
47,colo-040,SN-38,9,MITO,55687.66781850962,14006.460308282505,4662.444524718245,563.9265427637242,26
52,colo-040,SN-38,10,MITO,56052.76577524038,14182.585307950445,4542.182393739242,545.7122080153352,26
57,colo-040,SN-38,11,MITO,56226.99924879808,14361.73139959367,4390.663547426423,529.12577878415,26
62,colo-040,SN-38,12,MITO,56672.39272836538,14516.315168693925,4235.494446207553,523.2116689958507,26
67,colo-040,SN-38,13,MITO,57041.573918269234,14720.44919124942,4056.8031645800374,521.5315784386992,26
72,colo-040,SN-38,14,MITO,57511.314002403844,14852.980603611719,3866.3029539469862,514.3196887704015,26
77,colo-040,SN-38,15,MITO,58015.10366586538,14849.492757053069,3667.7353473284675,502.33275536677064,26
3,colo-040,SN-38,0,PHAandWGA,10764.38613656851,3821.8282406757994,691.5487801165946,183.64782458084844,26
8,colo-040,SN-38,1,PHAandWGA,11917.064471905049,4105.293289481399,845.740756679581,221.74847593383683,26
13,colo-040,SN-38,2,PHAandWGA,13227.45137845553,4483.017040014747,998.2112687217818,252.17009938406144,26
18,colo-040,SN-38,3,PHAandWGA,14412.868013822115,4798.286417761924,1109.8687175379596,269.92841099394155,26
23,colo-040,SN-38,4,PHAandWGA,15411.513634314904,5182.515833533976,1174.055289342656,284.4474377558899,26
28,colo-040,SN-38,5,PHAandWGA,16100.932542067309,5481.4945186470595,1199.7413713546046,283.7119661964379,26
33,colo-040,SN-38,6,PHAandWGA,16619.51701472356,5734.104588569681,1197.5535290477528,273.51829050542426,26
38,colo-040,SN-38,7,PHAandWGA,16955.022028996395,5983.094637139745,1179.8092321920212,261.7254814458974,26
43,colo-040,SN-38,8,PHAandWGA,17126.167217548078,6146.450105353176,1153.2966039876146,245.87178804662852,26
48,colo-040,SN-38,9,PHAandWGA,17127.144080528848,6178.647524153002,1122.3408838179516,237.7085130443927,26
53,colo-040,SN-38,10,PHAandWGA,17182.026216947117,6380.880100326828,1088.6703767811275,235.5694536474995,26
58,colo-040,SN-38,11,PHAandWGA,17106.46521935096,6416.235675880988,1048.0970882693798,235.7921482562487,26
63,colo-040,SN-38,12,PHAandWGA,17027.10528094952,6468.584577628175,1007.6010486717182,233.22787715509284,26
68,colo-040,SN-38,13,PHAandWGA,16979.815166766828,6533.338024514051,964.6324499179696,230.495573406303,26
73,colo-040,SN-38,14,PHAandWGA,16929.72382061298,6523.37168934354,919.6849466366438,226.76173284470198,26
78,colo-040,SN-38,15,PHAandWGA,16875.10907451923,6559.114374038859,871.8944706766645,222.60025023543488,26
4,colo-040,SN-38,0,SYTO,5287.24862905649,2155.1283983540884,353.514723271289,128.64805380101328,26
9,colo-040,SN-38,1,SYTO,6024.89662522536,2690.0526841570336,446.407706944337,169.62075177193645,26
14,colo-040,SN-38,2,SYTO,6899.372352013221,3276.8121525803945,539.2062509224464,205.00169093775088,26
19,colo-040,SN-38,3,SYTO,7674.109891451322,3770.02639750593,601.1923700603542,223.10268511890897,26
24,colo-040,SN-38,4,SYTO,8188.0841721754805,4138.722674063768,627.5049386106831,225.4635373881464,26
29,colo-040,SN-38,5,SYTO,8482.380295973559,4388.514028648302,629.663223827703,218.44713207089436,26
34,colo-040,SN-38,6,SYTO,8588.598510742188,4454.463638350864,616.7969984015294,205.3092343243591,26
39,colo-040,SN-38,7,SYTO,8580.833139272836,4501.787030637337,597.2799051813662,192.3763020283569,26
44,colo-040,SN-38,8,SYTO,8518.67850435697,4432.1984133779115,575.2824270573215,180.7693883184603,26
49,colo-040,SN-38,9,SYTO,8433.947368915264,4333.56136549913,551.045624828605,169.28145173918824,26
54,colo-040,SN-38,10,SYTO,8318.695162259615,4158.83926293136,527.1401098874777,160.3649371069179,26
59,colo-040,SN-38,11,SYTO,8224.649545522836,4023.492658670789,502.7893872444564,153.47965183319903,26
64,colo-040,SN-38,12,SYTO,8140.890380859375,3857.2409538476873,478.46875596322,146.23434535565448,26
69,colo-040,SN-38,13,SYTO,8083.862220177283,3713.6674155624205,454.20899002480564,139.39009512673007,26
74,colo-040,SN-38,14,SYTO,8070.952345628005,3633.1650186771844,429.94768026860635,132.45543987396601,26
79,colo-040,SN-38,15,SYTO,8089.541090745192,3551.6398415883227,405.1615998952697,125.62425392180798,26
80,colo-041,"Binimetinib (MEK162, ARRY-162, ARRY-438162)",0,CONC,2119.900682237413,839.564181845194,91.75043257961767,36.985003696783245,27
85,colo-041,"Binimetinib (MEK162, ARRY-162, ARRY-438162)",1,CONC,2346.658643934462,994.6394003230288,124.61576276035655,57.355990046797494,27
90,colo-041,"Binimetinib (MEK162, ARRY-162, ARRY-438162)",2,CONC,2573.759955512153,1141.7741596823762,153.4250893560547,70.34622998001733,27
95,colo-041,"Binimetinib (MEK162, ARRY-162, ARRY-438162)",3,CONC,2753.8276095920137,1251.0663332045324,170.98830319432844,76.08891035562274,27
100,colo-041,"Binimetinib (MEK162, ARRY-162, ARRY-438162)",4,CONC,2875.947866934317,1332.5192519786274,178.49224245518053,77.26407218366472,27
105,colo-041,"Binimetinib (MEK162, ARRY-162, ARRY-438162)",5,CONC,2954.5369036639177,1379.262689304542,179.57976907712066,75.54795970863563,27
110,colo-041,"Binimetinib (MEK162, ARRY-162, ARRY-438162)",6,CONC,2988.314168294271,1393.7376499464044,176.37529826346616,71.8725164911255,27
115,colo-041,"Binimetinib (MEK162, ARRY-162, ARRY-438162)",7,CONC,2998.7077342845773,1401.1910734650176,170.89937605532646,67.94543873910246,27
120,colo-041,"Binimetinib (MEK162, ARRY-162, ARRY-438162)",8,CONC,2987.1198888708045,1387.040975936365,163.9405485112534,63.838480690754764,27
125,colo-041,"Binimetinib (MEK162, ARRY-162, ARRY-438162)",9,CONC,2962.2460123697915,1356.319637585449,155.5370597321761,59.40566020914794,27
130,colo-041,"Binimetinib (MEK162, ARRY-162, ARRY-438162)",10,CONC,2936.5396185980903,1331.02221504603,147.05221561663768,55.49458582080275,27
135,colo-041,"Binimetinib (MEK162, ARRY-162, ARRY-438162)",11,CONC,2922.6394472475404,1312.75233456953,138.7082218606421,52.074720308516916,27
140,colo-041,"Binimetinib (MEK162, ARRY-162, ARRY-438162)",12,CONC,2920.9853199146414,1298.6900240491022,130.59726675295045,48.99135094895517,27
145,colo-041,"Binimetinib (MEK162, ARRY-162, ARRY-438162)",13,CONC,2924.922107837818,1292.386733364634,122.64438242704152,46.12305231527937,27
150,colo-041,"Binimetinib (MEK162, ARRY-162, ARRY-438162)",14,CONC,2940.527976707176,1283.8815122167098,115.07688164089231,43.617676684477544,27
155,colo-041,"Binimetinib (MEK162, ARRY-162, ARRY-438162)",15,CONC,2965.535517939815,1280.561989956165,107.83169108933212,41.34890756085987,27
81,colo-041,"Binimetinib (MEK162, ARRY-162, ARRY-438162)",0,HOECHST,1618.4956235532406,370.77057857867817,83.78177524811007,40.73046505586718,27
86,colo-041,"Binimetinib (MEK162, ARRY-162, ARRY-438162)",1,HOECHST,1804.4178534613716,485.73870368570294,118.91624986674559,64.6559805799744,27
91,colo-041,"Binimetinib (MEK162, ARRY-162, ARRY-438162)",2,HOECHST,1993.771531846788,582.1162595059923,149.1006247388615,76.71651664493842,27
96,colo-041,"Binimetinib (MEK162, ARRY-162, ARRY-438162)",3,HOECHST,2150.634896737558,672.5580612824734,167.01280160420697,80.85888037540299,27
101,colo-041,"Binimetinib (MEK162, ARRY-162, ARRY-438162)",4,HOECHST,2254.698879665799,739.1326731692229,174.38811658611883,80.94486872653324,27
106,colo-041,"Binimetinib (MEK162, ARRY-162, ARRY-438162)",5,HOECHST,2308.8997350622108,770.9237103055725,172.9894173331362,76.71973337482365,27
111,colo-041,"Binimetinib (MEK162, ARRY-162, ARRY-438162)",6,HOECHST,2322.97326208044,771.2779722084957,166.4009223516096,70.40454567652468,27
116,colo-041,"Binimetinib (MEK162, ARRY-162, ARRY-438162)",7,HOECHST,2314.729618778935,771.9077192798356,157.94852672442326,64.31098064317952,27
121,colo-041,"Binimetinib (MEK162, ARRY-162, ARRY-438162)",8,HOECHST,2297.604058159722,764.5382859004966,148.60433026802394,58.67381624598231,27
126,colo-041,"Binimetinib (MEK162, ARRY-162, ARRY-438162)",9,HOECHST,2269.825208875868,733.4509364560846,138.38361077212446,52.96930399942264,27
131,colo-041,"Binimetinib (MEK162, ARRY-162, ARRY-438162)",10,HOECHST,2243.9384087456597,704.6747190483044,128.63575087018484,47.744079013475194,27
136,colo-041,"Binimetinib (MEK162, ARRY-162, ARRY-438162)",11,HOECHST,2226.8132007740164,679.8397337848007,119.49155510993855,43.113751177578195,27
141,colo-041,"Binimetinib (MEK162, ARRY-162, ARRY-438162)",12,HOECHST,2226.204250759549,665.5360936238797,111.27665545523422,39.36661741401276,27
146,colo-041,"Binimetinib (MEK162, ARRY-162, ARRY-438162)",13,HOECHST,2237.465035897714,655.2819115321196,103.40358390657418,35.903267744215476,27
151,colo-041,"Binimetinib (MEK162, ARRY-162, ARRY-438162)",14,HOECHST,2253.204607928241,648.942108046709,96.12097089454029,32.848584584835116,27
156,colo-041,"Binimetinib (MEK162, ARRY-162, ARRY-438162)",15,HOECHST,2282.489099573206,649.8763473519891,89.30898208912387,30.24316434467864,27
82,colo-041,"Binimetinib (MEK162, ARRY-162, ARRY-438162)",0,MITO,29419.93800636574,10175.507476922612,3641.8459588985634,818.9402912970374,27
87,colo-041,"Binimetinib (MEK162, ARRY-162, ARRY-438162)",1,MITO,31361.651222511573,11457.734674815605,4302.2515789110685,1004.4093246948037,27
92,colo-041,"Binimetinib (MEK162, ARRY-162, ARRY-438162)",2,MITO,33729.32573784722,13053.608767084597,4878.529922211315,1069.0453331204067,27
97,colo-041,"Binimetinib (MEK162, ARRY-162, ARRY-438162)",3,MITO,35594.62405960648,14048.707866963401,5210.795389326739,1085.8118125769483,27
102,colo-041,"Binimetinib (MEK162, ARRY-162, ARRY-438162)",4,MITO,37187.80815972222,15197.44751529156,5376.456933802533,1092.634984458119,27
107,colo-041,"Binimetinib (MEK162, ARRY-162, ARRY-438162)",5,MITO,38155.163194444445,15998.266860133313,5415.386889272525,1071.8235484334343,27
112,colo-041,"Binimetinib (MEK162, ARRY-162, ARRY-438162)",6,MITO,38857.03468605324,16545.758737710443,5394.176646416144,1025.496178098467,27
117,colo-041,"Binimetinib (MEK162, ARRY-162, ARRY-438162)",7,MITO,39352.57179542824,17260.948152195833,5315.925019634901,990.5489720480089,27
122,colo-041,"Binimetinib (MEK162, ARRY-162, ARRY-438162)",8,MITO,39453.86990017361,17326.121106090788,5203.92619133043,958.7866787360767,27
127,colo-041,"Binimetinib (MEK162, ARRY-162, ARRY-438162)",9,MITO,39320.382523148146,17191.159417850355,5034.165122785593,906.4482487012147,27
132,colo-041,"Binimetinib (MEK162, ARRY-162, ARRY-438162)",10,MITO,39131.848343460646,16870.852677067134,4832.476077765747,856.9951881168265,27
137,colo-041,"Binimetinib (MEK162, ARRY-162, ARRY-438162)",11,MITO,39028.132921006945,16857.120127421178,4607.898501534237,813.8268203971634,27
142,colo-041,"Binimetinib (MEK162, ARRY-162, ARRY-438162)",12,MITO,39026.00831886574,16651.692431200197,4363.370603184618,778.0056276913588,27
147,colo-041,"Binimetinib (MEK162, ARRY-162, ARRY-438162)",13,MITO,38916.80682146991,16253.517803443758,4083.320256258393,737.9415286867239,27
152,colo-041,"Binimetinib (MEK162, ARRY-162, ARRY-438162)",14,MITO,38957.14702690972,16012.91968729795,3799.807324780302,709.6504481462863,27
157,colo-041,"Binimetinib (MEK162, ARRY-162, ARRY-438162)",15,MITO,39089.73871527778,15700.423730835013,3498.348116265766,681.7606727771995,27
83,colo-041,"Binimetinib (MEK162, ARRY-162, ARRY-438162)",0,PHAandWGA,7296.877170138889,3288.5976660635897,673.8433390477419,233.4819921216122,27
88,colo-041,"Binimetinib (MEK162, ARRY-162, ARRY-438162)",1,PHAandWGA,8349.782904730902,3750.168786934967,858.2576558213342,318.2403895054405,27
93,colo-041,"Binimetinib (MEK162, ARRY-162, ARRY-438162)",2,PHAandWGA,9428.387514467593,4306.971285964156,1017.6895655198632,365.6221185108697,27
98,colo-041,"Binimetinib (MEK162, ARRY-162, ARRY-438162)",3,PHAandWGA,10421.855287905093,4836.3004319916545,1118.455005144471,383.6514481243396,27
103,colo-041,"Binimetinib (MEK162, ARRY-162, ARRY-438162)",4,PHAandWGA,11192.528700086805,5353.41672867835,1168.658884293096,388.70159606068444,27
108,colo-041,"Binimetinib (MEK162, ARRY-162, ARRY-438162)",5,PHAandWGA,11748.228099681714,5817.191892916558,1183.07356438751,381.96222833947223,27
113,colo-041,"Binimetinib (MEK162, ARRY-162, ARRY-438162)",6,PHAandWGA,12086.303837528934,6161.334890100226,1173.6877699971444,367.81953979518914,27
118,colo-041,"Binimetinib (MEK162, ARRY-162, ARRY-438162)",7,PHAandWGA,12226.089463975695,6403.382802621156,1146.5994432167838,354.58493565862324,27
123,colo-041,"Binimetinib (MEK162, ARRY-162, ARRY-438162)",8,PHAandWGA,12213.040798611111,6559.455107962338,1105.1304649648134,339.30363732042207,27
128,colo-041,"Binimetinib (MEK162, ARRY-162, ARRY-438162)",9,PHAandWGA,12055.337004484954,6644.696668025744,1051.6510403710408,323.18739036695507,27
133,colo-041,"Binimetinib (MEK162, ARRY-162, ARRY-438162)",10,PHAandWGA,11807.812310112848,6584.767203204481,996.338926979301,309.23758510548305,27
138,colo-041,"Binimetinib (MEK162, ARRY-162, ARRY-438162)",11,PHAandWGA,11599.955277054398,6597.387345322647,938.1201441622509,298.74148725399147,27
143,colo-041,"Binimetinib (MEK162, ARRY-162, ARRY-438162)",12,PHAandWGA,11350.722357855902,6482.230853804611,880.0320279454136,288.52945216234366,27
148,colo-041,"Binimetinib (MEK162, ARRY-162, ARRY-438162)",13,PHAandWGA,11083.555447048611,6343.270925104389,819.8296654384598,279.31979596481676,27
153,colo-041,"Binimetinib (MEK162, ARRY-162, ARRY-438162)",14,PHAandWGA,10953.718713831018,6293.462669728487,760.7779101066377,269.91752276999705,27
158,colo-041,"Binimetinib (MEK162, ARRY-162, ARRY-438162)",15,PHAandWGA,10744.470278139468,6137.231326689122,701.4445290305482,259.478879169621,27
84,colo-041,"Binimetinib (MEK162, ARRY-162, ARRY-438162)",0,SYTO,3978.4788637514466,1852.1073340885162,377.64739601663774,153.69160331609115,27
89,colo-041,"Binimetinib (MEK162, ARRY-162, ARRY-438162)",1,SYTO,4744.413854528357,2598.7852601923623,507.56069564036295,244.07839355393156,27
94,colo-041,"Binimetinib (MEK162, ARRY-162, ARRY-438162)",2,SYTO,5542.757916485822,3264.0956182555437,616.236344363865,287.57948688297495,27
99,colo-041,"Binimetinib (MEK162, ARRY-162, ARRY-438162)",3,SYTO,6185.816162109375,3844.6813810849712,676.2106217750105,301.2564512262631,27
104,colo-041,"Binimetinib (MEK162, ARRY-162, ARRY-438162)",4,SYTO,6620.226417824074,4325.011553823683,696.9023980392186,297.87019939175786,27
109,colo-041,"Binimetinib (MEK162, ARRY-162, ARRY-438162)",5,SYTO,6863.605278862848,4722.679695317842,691.1118168785448,283.0706166091738,27
114,colo-041,"Binimetinib (MEK162, ARRY-162, ARRY-438162)",6,SYTO,6892.324905960648,4910.2923549450525,669.4042823598068,261.8815477278224,27
119,colo-041,"Binimetinib (MEK162, ARRY-162, ARRY-438162)",7,SYTO,6782.4198314525465,4932.832922729278,640.962608362495,242.29279461705812,27
124,colo-041,"Binimetinib (MEK162, ARRY-162, ARRY-438162)",8,SYTO,6589.817247178819,4795.612047418234,608.2377736162045,223.7169794856363,27
129,colo-041,"Binimetinib (MEK162, ARRY-162, ARRY-438162)",9,SYTO,6350.492449725116,4591.23501339066,571.5459060652317,205.56750502195794,27
134,colo-041,"Binimetinib (MEK162, ARRY-162, ARRY-438162)",10,SYTO,6135.968736436632,4368.099766064525,535.2122138147354,188.8490708792848,27
139,colo-041,"Binimetinib (MEK162, ARRY-162, ARRY-438162)",11,SYTO,5975.276462131076,4130.626600677426,499.7022650405732,174.99532175055575,27
144,colo-041,"Binimetinib (MEK162, ARRY-162, ARRY-438162)",12,SYTO,5856.671079282408,3954.758054948688,465.61048731942356,164.0784169753987,27
149,colo-041,"Binimetinib (MEK162, ARRY-162, ARRY-438162)",13,SYTO,5764.57398365162,3700.1972902627003,431.82350461548316,153.71998741997248,27
154,colo-041,"Binimetinib (MEK162, ARRY-162, ARRY-438162)",14,SYTO,5735.494981553819,3578.0482895295645,399.7904430511063,144.6270120893413,27
159,colo-041,"Binimetinib (MEK162, ARRY-162, ARRY-438162)",15,SYTO,5718.843578197338,3414.434530992785,368.6370839717844,135.8479117741725,27
160,colo-044,abemaciclib (LY2835219),0,CONC,4448.733024088541,1027.9915772048198,95.48811973142323,27.84159534917767,30
165,colo-044,abemaciclib (LY2835219),1,CONC,4933.293196614583,1235.1354541303326,134.77123073589905,50.75410489590404,30
170,colo-044,abemaciclib (LY2835219),2,CONC,5423.188623046875,1441.4727924569215,167.36154634369888,66.107575596106,30
175,colo-044,abemaciclib (LY2835219),3,CONC,5796.834781901041,1582.6260986171806,183.05618479948137,69.1144673293239,30
180,colo-044,abemaciclib (LY2835219),4,CONC,6068.196793619792,1677.8155576752,187.38586421078426,66.77639660929005,30
185,colo-044,abemaciclib (LY2835219),5,CONC,6263.356022135416,1743.1073558385585,186.5916593911374,63.59739933092219,30
190,colo-044,abemaciclib (LY2835219),6,CONC,6397.2095133463545,1769.2647655198596,182.27730480909906,58.976672654663226,30
195,colo-044,abemaciclib (LY2835219),7,CONC,6470.003084309896,1766.9630794588065,175.7023792007731,53.689979711776175,30
200,colo-044,abemaciclib (LY2835219),8,CONC,6514.532942708333,1773.0049095816325,168.4468323270133,48.91620769063818,30
205,colo-044,abemaciclib (LY2835219),9,CONC,6535.960034179688,1764.620452484687,161.3601917649898,44.84347322298123,30
210,colo-044,abemaciclib (LY2835219),10,CONC,6535.685441080729,1746.8920027262093,154.18406374477803,40.779187477772176,30
215,colo-044,abemaciclib (LY2835219),11,CONC,6534.086930338542,1721.390837442585,147.04928522368948,36.94651669476768,30
220,colo-044,abemaciclib (LY2835219),12,CONC,6547.200309244791,1702.6281385355412,140.64704190453318,34.2039016738347,30
225,colo-044,abemaciclib (LY2835219),13,CONC,6562.9571533203125,1680.949173808264,134.61067110318922,31.848043296914057,30
230,colo-044,abemaciclib (LY2835219),14,CONC,6595.875325520833,1658.2759865403941,128.9612397473413,29.72948820377305,30
235,colo-044,abemaciclib (LY2835219),15,CONC,6649.850919596354,1654.827487411386,123.26108053517267,27.81456336125562,30
161,colo-044,abemaciclib (LY2835219),0,HOECHST,2024.7550821940104,583.9428425783142,46.794279174293095,19.705730072717003,30
166,colo-044,abemaciclib (LY2835219),1,HOECHST,2215.224430338542,684.0866271859255,66.16137857368851,32.256055584075156,30
171,colo-044,abemaciclib (LY2835219),2,HOECHST,2435.4846354166666,791.0046518234121,85.9382157706534,43.87440306863022,30
176,colo-044,abemaciclib (LY2835219),3,HOECHST,2628.195104980469,872.8131995796581,98.05091150346934,49.455000564156585,30
181,colo-044,abemaciclib (LY2835219),4,HOECHST,2780.5208740234375,940.6488858079989,103.06235906385655,50.8454927448385,30
186,colo-044,abemaciclib (LY2835219),5,HOECHST,2900.641162109375,991.6473503516713,104.22009638247386,50.361520735688245,30
191,colo-044,abemaciclib (LY2835219),6,HOECHST,2992.701590983073,1031.1247877905314,102.97713149706345,48.526291886024275,30
196,colo-044,abemaciclib (LY2835219),7,HOECHST,3056.0598103841144,1057.7028562474652,100.0596975023561,46.66638071504455,30
201,colo-044,abemaciclib (LY2835219),8,HOECHST,3101.510868326823,1072.5090619013417,96.48735435702555,44.41776505046028,30
206,colo-044,abemaciclib (LY2835219),9,HOECHST,3129.1481119791665,1083.7788500390097,92.52304017728895,41.999186959208835,30
211,colo-044,abemaciclib (LY2835219),10,HOECHST,3144.2224934895835,1087.350327555828,88.2946672610103,39.40154116639083,30
216,colo-044,abemaciclib (LY2835219),11,HOECHST,3151.455598958333,1092.3343633418967,84.18271653554535,36.76332041432899,30
221,colo-044,abemaciclib (LY2835219),12,HOECHST,3164.007462565104,1088.4866614240539,80.54442770915271,34.495724508281235,30
226,colo-044,abemaciclib (LY2835219),13,HOECHST,3176.541394042969,1082.3575511377146,76.95623032225151,32.08984274334407,30
231,colo-044,abemaciclib (LY2835219),14,HOECHST,3199.938167317708,1078.0567811638084,73.70907608777324,30.092248893084065,30
236,colo-044,abemaciclib (LY2835219),15,HOECHST,3226.3433919270833,1080.0481257970307,70.58855526533449,28.344779217672762,30
162,colo-044,abemaciclib (LY2835219),0,MITO,62194.50377604167,10662.539426255831,2815.5832828849534,760.7166254033198,30
167,colo-044,abemaciclib (LY2835219),1,MITO,65893.85703125,12020.4049648744,3427.564099609928,988.4991317877855,30
172,colo-044,abemaciclib (LY2835219),2,MITO,70702.6375,13639.249958168823,3946.275150087102,1123.8284018717654,30
177,colo-044,abemaciclib (LY2835219),3,MITO,74367.03294270833,14175.550825712147,4194.731330345024,1128.4738129130233,30
182,colo-044,abemaciclib (LY2835219),4,MITO,77609.85130208333,14600.454678508555,4305.886304083428,1089.8448338573203,30
187,colo-044,abemaciclib (LY2835219),5,MITO,80073.462890625,15189.619101557286,4325.40398201034,1028.6316892443747,30
192,colo-044,abemaciclib (LY2835219),6,MITO,82292.54440104167,15455.977672109115,4302.22926187771,971.8367891332764,30
197,colo-044,abemaciclib (LY2835219),7,MITO,83745.927734375,15528.924585129014,4239.75547115475,915.1170684961547,30
202,colo-044,abemaciclib (LY2835219),8,MITO,85050.35247395834,15484.075561709184,4162.853456351751,867.6447953260813,30
207,colo-044,abemaciclib (LY2835219),9,MITO,85804.76041666667,15284.04849931045,4076.7527053001263,823.0710330064768,30
212,colo-044,abemaciclib (LY2835219),10,MITO,86419.663671875,14964.266753957954,3991.1856411210993,790.035919141552,30
217,colo-044,abemaciclib (LY2835219),11,MITO,86813.872265625,14939.684193023944,3882.831056852896,757.590464653427,30
222,colo-044,abemaciclib (LY2835219),12,MITO,87251.95234375,14693.00574970998,3776.7612359159307,723.3816894514192,30
227,colo-044,abemaciclib (LY2835219),13,MITO,87631.65026041666,14740.627819304134,3648.22408023026,689.2276119266191,30
232,colo-044,abemaciclib (LY2835219),14,MITO,88179.009375,14641.364836102643,3517.276906943747,655.7322559766807,30
237,colo-044,abemaciclib (LY2835219),15,MITO,88752.88854166666,14464.958632978225,3367.4669576830047,617.56645285539,30
163,colo-044,abemaciclib (LY2835219),0,PHAandWGA,19967.919596354168,4173.916996157161,854.6806237346651,177.6254685699876,30
168,colo-044,abemaciclib (LY2835219),1,PHAandWGA,21727.691015625,4734.736679295687,1092.4905250149422,292.47319119252506,30
173,colo-044,abemaciclib (LY2835219),2,PHAandWGA,23762.752766927082,5329.590907403055,1297.990961884682,367.5588659759366,30
178,colo-044,abemaciclib (LY2835219),3,PHAandWGA,25640.399967447916,5866.253014307566,1412.8413984603421,368.89817992311885,30
183,colo-044,abemaciclib (LY2835219),4,PHAandWGA,27286.021419270834,6252.149488005048,1460.5937795220716,345.7687615828216,30
188,colo-044,abemaciclib (LY2835219),5,PHAandWGA,28705.401692708332,6630.836241973615,1469.7824778302481,323.06486085407226,30
193,colo-044,abemaciclib (LY2835219),6,PHAandWGA,29878.582747395834,6838.3532846712915,1453.9081475441562,301.45970112574753,30
198,colo-044,abemaciclib (LY2835219),7,PHAandWGA,30794.769661458333,7019.637124909688,1419.3818719196747,276.57499639127315,30
203,colo-044,abemaciclib (LY2835219),8,PHAandWGA,31376.3419921875,7184.811184270119,1377.7297258443518,251.76330423832187,30
208,colo-044,abemaciclib (LY2835219),9,PHAandWGA,31892.572265625,7367.836083903852,1335.748198847033,232.04214153091667,30
213,colo-044,abemaciclib (LY2835219),10,PHAandWGA,32278.9919921875,7272.583366213839,1295.5598891789841,215.72625406316365,30
218,colo-044,abemaciclib (LY2835219),11,PHAandWGA,32350.577994791667,7388.78275168643,1254.3473686152408,201.72462344786572,30
223,colo-044,abemaciclib (LY2835219),12,PHAandWGA,32472.7939453125,7289.820570224304,1214.204448318755,189.4666397496055,30
228,colo-044,abemaciclib (LY2835219),13,PHAandWGA,32443.010481770834,7306.774202792568,1172.651441980608,179.69841109643934,30
233,colo-044,abemaciclib (LY2835219),14,PHAandWGA,32627.082486979165,7284.218144974387,1130.8449052916146,170.96199611432695,30
238,colo-044,abemaciclib (LY2835219),15,PHAandWGA,32701.427278645835,7327.41147953933,1084.5826102260894,161.2742834684702,30
164,colo-044,abemaciclib (LY2835219),0,SYTO,9922.367919921875,3781.543842310799,458.37603048016837,144.38845392542245,30
169,colo-044,abemaciclib (LY2835219),1,SYTO,11685.854459635417,4512.1988680757,629.6824538986338,240.59689303534498,30
174,colo-044,abemaciclib (LY2835219),2,SYTO,13618.71484375,5388.27464270805,775.0181715553211,301.4848879209883,30
179,colo-044,abemaciclib (LY2835219),3,SYTO,15267.32021484375,6130.61327965334,846.7843738954341,313.50539621846235,30
184,colo-044,abemaciclib (LY2835219),4,SYTO,16510.047998046874,6696.974159846162,866.543166227814,305.6465604253205,30
189,colo-044,abemaciclib (LY2835219),5,SYTO,17440.092024739584,7322.410964318728,856.2450792111214,292.423963208525,30
194,colo-044,abemaciclib (LY2835219),6,SYTO,18110.97586263021,7800.874568885579,831.5532162128259,275.0704064733058,30
199,colo-044,abemaciclib (LY2835219),7,SYTO,18452.01629231771,8152.977422215253,797.263356069898,256.59486097326896,30
204,colo-044,abemaciclib (LY2835219),8,SYTO,18625.293424479165,8442.688469102317,760.7589657308697,237.964724091994,30
209,colo-044,abemaciclib (LY2835219),9,SYTO,18588.936474609374,8577.510890748415,723.9668945823647,220.09964765236862,30
214,colo-044,abemaciclib (LY2835219),10,SYTO,18416.099039713543,8630.820843611598,689.8062706492625,204.6546011933669,30
219,colo-044,abemaciclib (LY2835219),11,SYTO,18213.530826822916,8654.127404550221,656.894276694801,189.98868323747473,30
224,colo-044,abemaciclib (LY2835219),12,SYTO,18037.20900065104,8654.007625421673,625.9348204419047,176.36776598566433,30
229,colo-044,abemaciclib (LY2835219),13,SYTO,17820.047216796876,8477.11415684168,595.9037698926422,164.5218656453491,30
234,colo-044,abemaciclib (LY2835219),14,SYTO,17723.257194010417,8401.641577964961,567.0131111148214,154.1721882762162,30
239,colo-044,abemaciclib (LY2835219),15,SYTO,17659.887727864585,8335.714159303532,537.8858176231795,144.28528554767695,30
240,dmso,dmso,0,CONC,7012.4834626850325,3191.330769399716,87.73398707061789,30.38297884091029,114
245,dmso,dmso,1,CONC,7738.590674684759,3608.386689429542,119.4765418889797,43.991251615131986,114
250,dmso,dmso,2,CONC,8535.855681837651,4050.915155801183,150.0360973475697,52.43568848150358,114
255,dmso,dmso,3,CONC,9214.744898745888,4408.343253192832,165.93924067810877,57.57258328577931,114
260,dmso,dmso,4,CONC,9725.903292471903,4665.694724216343,169.19092971899542,59.08424175897896,114
265,dmso,dmso,5,CONC,10113.604029605263,4852.122607226847,165.52034948153437,58.25167320676443,114
270,dmso,dmso,6,CONC,10389.748676500822,4972.940816324083,158.137064645524,56.059204001096035,114
275,dmso,dmso,7,CONC,10575.92164799205,5040.061209975784,148.90193738632286,53.724509437863276,114
280,dmso,dmso,8,CONC,10684.415028354579,5049.673475402044,139.69912127035238,51.49155952513124,114
285,dmso,dmso,9,CONC,10744.053852282072,5026.118815108913,130.76954272996662,49.609814056997934,114
290,dmso,dmso,10,CONC,10770.552704392818,5001.932216982198,122.56875975489696,47.964928926705376,114
295,dmso,dmso,11,CONC,10782.126389888295,4961.761550474175,115.16358968302907,46.42789028673419,114
300,dmso,dmso,12,CONC,10775.420759234512,4925.623651270581,108.76378422246088,44.89617597702545,114
305,dmso,dmso,13,CONC,10777.854055304277,4894.165551079329,103.06692926228669,43.36966897808376,114
310,dmso,dmso,14,CONC,10788.901268674615,4875.178729077214,98.03751245758261,41.777554578310834,114
315,dmso,dmso,15,CONC,10822.931754128975,4869.646782904249,93.5175339121121,40.08000152568519,114
241,dmso,dmso,0,HOECHST,5098.954746179414,2021.5789358971388,97.09411677630153,28.44112021868389,114
246,dmso,dmso,1,HOECHST,5575.512425472862,2242.19667918036,130.85069461577845,44.912974132932135,114
251,dmso,dmso,2,HOECHST,6148.295926278098,2492.541414531988,166.75825431547995,55.05862240688763,114
256,dmso,dmso,3,HOECHST,6673.731746205112,2721.961386863744,187.67839550825408,61.8538040902418,114
261,dmso,dmso,4,HOECHST,7111.293650844641,2915.1106025502527,195.15746101863095,64.86928162770556,114
266,dmso,dmso,5,HOECHST,7452.360864471971,3058.215807186636,193.68788363217746,64.79663325572963,114
271,dmso,dmso,6,HOECHST,7718.661773146245,3171.5210606644987,187.37790090702927,63.2774615972286,114
276,dmso,dmso,7,HOECHST,7918.708532500686,3250.0423777541255,178.21420517186533,61.16858031308948,114
281,dmso,dmso,8,HOECHST,8054.1512065686675,3283.683472196113,168.09610443075218,58.734310859863825,114
286,dmso,dmso,9,HOECHST,8146.125029982182,3295.8093078038987,158.12684008833298,56.55205895757124,114
291,dmso,dmso,10,HOECHST,8215.077476099917,3293.957051344394,148.9905746025465,54.782263540585845,114
296,dmso,dmso,11,HOECHST,8264.147580866229,3295.1409646463735,140.66270454657547,52.896652967380795,114
301,dmso,dmso,12,HOECHST,8305.066137481153,3297.2579221559445,133.34778798400498,51.02742555621195,114
306,dmso,dmso,13,HOECHST,8354.067108689693,3304.249677613546,126.6123013198954,48.87505521521976,114
311,dmso,dmso,14,HOECHST,8408.290084035772,3315.713116089714,120.63941082489224,46.63498200300702,114
316,dmso,dmso,15,HOECHST,8469.097381056401,3329.1180256455445,115.13415052926105,44.24883008126114,114
242,dmso,dmso,0,MITO,83586.00707579496,26831.702015203304,1919.5769194977993,795.6875929037541,114
247,dmso,dmso,1,MITO,88147.1638569079,28670.27076091843,2339.0852623789237,981.9141585826693,114
252,dmso,dmso,2,MITO,94411.74737870066,30649.409193203162,2735.3524574579956,1179.0124436783601,114
257,dmso,dmso,3,MITO,99904.80951891448,32432.564021476905,2941.9023625802315,1316.2380959437662,114
262,dmso,dmso,4,MITO,104530.3777926261,34019.64008392178,3005.940361174151,1393.288438566482,114
267,dmso,dmso,5,MITO,108395.07709703948,35418.32393989222,2988.9526909315073,1427.4818555539032,114
272,dmso,dmso,6,MITO,111757.49098821272,36568.62683278181,2930.892660887017,1451.2303711830398,114
277,dmso,dmso,7,MITO,114199.91065309758,37421.88746259296,2844.1732703205457,1458.2175721054616,114
282,dmso,dmso,8,MITO,116521.18578673246,38222.21737881055,2756.59333201223,1459.0187464740582,114
287,dmso,dmso,9,MITO,118086.39127604167,38353.074029435506,2659.680876489466,1449.8319409497708,114
292,dmso,dmso,10,MITO,119433.95257675438,38600.86503222517,2568.5051468851584,1433.2447406064068,114
297,dmso,dmso,11,MITO,120475.95363898027,38758.10821232342,2477.388818985234,1409.4858655788591,114
302,dmso,dmso,12,MITO,121381.45939555921,38859.879753430745,2393.645877470752,1382.6409052604038,114
307,dmso,dmso,13,MITO,122023.84930098684,38839.246937045304,2307.705893117855,1346.2915033361603,114
312,dmso,dmso,14,MITO,122720.04062157347,38866.563395992576,2224.6390086447855,1308.042354049586,114
317,dmso,dmso,15,MITO,123323.16383977522,38885.53849775013,2139.246750855634,1261.2241500966613,114
243,dmso,dmso,0,PHAandWGA,33463.681739137886,13085.688134599757,738.8165003046132,228.01525345883417,114
248,dmso,dmso,1,PHAandWGA,35707.533340186405,13865.107889404251,911.0802752119394,295.49936330872976,114
253,dmso,dmso,2,PHAandWGA,38594.87123937774,14875.725243743855,1087.9123249669115,347.6100028444073,114
258,dmso,dmso,3,PHAandWGA,41368.06098804139,15685.30341792282,1205.1095772933145,395.7890661560671,114
263,dmso,dmso,4,PHAandWGA,44018.8648488898,16564.22485192349,1256.4884968968408,430.73711561740544,114
268,dmso,dmso,5,PHAandWGA,46236.35409813596,17219.011798941934,1259.8904533386658,449.07513122029474,114
273,dmso,dmso,6,PHAandWGA,48197.997421532345,17849.7869208906,1236.7612291251824,460.6515617787208,114
278,dmso,dmso,7,PHAandWGA,49829.97836143092,18402.69551201558,1197.400254140364,468.5053011325909,114
283,dmso,dmso,8,PHAandWGA,51258.347472073736,18861.40725607671,1152.1030427955072,471.43945772206155,114
288,dmso,dmso,9,PHAandWGA,52214.75867770011,19149.59629174791,1103.257908746981,470.87816101065044,114
293,dmso,dmso,10,PHAandWGA,52982.94592927631,19381.371017389254,1055.8623955520147,468.13784441016423,114
298,dmso,dmso,11,PHAandWGA,53601.7036475466,19597.356370613696,1011.2587974042644,463.54197958942717,114
303,dmso,dmso,12,PHAandWGA,54017.288925438595,19715.379972521514,972.154333752125,458.2088525322507,114
308,dmso,dmso,13,PHAandWGA,54320.68115662692,19805.642496483382,934.953190942795,450.1079721642586,114
313,dmso,dmso,14,PHAandWGA,54560.486165364586,19972.65060412457,900.4859370250199,439.963750304098,114
318,dmso,dmso,15,PHAandWGA,54820.92970891584,20096.69672541726,867.7926213667192,427.6896207677353,114
244,dmso,dmso,0,SYTO,23377.265085320723,11947.068029651484,535.887247819877,147.82208039991454,114
249,dmso,dmso,1,SYTO,25865.404783014666,12655.570659071409,698.1681205946959,210.28146106835786,114
254,dmso,dmso,2,SYTO,28778.095112047697,13551.448592781118,858.319551063057,238.43881647056298,114
259,dmso,dmso,3,SYTO,31520.797380413926,14437.642420598297,946.9222817028694,256.31050941487666,114
264,dmso,dmso,4,SYTO,33965.44274902344,15252.965767824999,969.1330021898266,262.76223652936693,114
269,dmso,dmso,5,SYTO,36051.20770156592,16008.97371398557,949.9907812577151,261.6321734526287,114
274,dmso,dmso,6,SYTO,37769.48897084019,16679.44345204172,909.6293097753462,256.1706960529341,114
279,dmso,dmso,7,SYTO,39181.97706363076,17324.92277787255,858.2456984242295,251.3763884158085,114
284,dmso,dmso,8,SYTO,40193.8462535122,17712.230927505163,806.1602410540834,247.07075942887533,114
289,dmso,dmso,9,SYTO,40899.00346936678,18000.67830376853,754.9385910101598,242.60089419165877,114
294,dmso,dmso,10,SYTO,41380.31311677631,18222.14118855748,708.1852172128401,238.92988319314924,114
299,dmso,dmso,11,SYTO,41672.57403885691,18372.69850663218,665.6862036743028,234.4035996351307,114
304,dmso,dmso,12,SYTO,41785.42629094709,18517.574766435624,628.7847819939395,229.14337064662382,114
309,dmso,dmso,13,SYTO,41853.35018331963,18660.342548509223,595.1255771027251,222.1113949008745,114
314,dmso,dmso,14,SYTO,41855.54564573054,18777.089145790313,564.5089492628698,213.60448366173546,114
319,dmso,dmso,15,SYTO,41873.99303556744,18845.03694147456,536.2522661430997,203.8604351884006,114
