Files	experiment	experiment_description	data_type	condition	used_by	download_tier	size_bytes	sha256
processed_profiles/exp1_main/grit_data_2D_HCT116.parquet	exp1_main	3D spheroid Cell Painting, 52 compounds, z-slice sampling	Grit scores	HCT116, 2D	Fig 3c-h, Fig 4, Fig 5, Fig 6e	required	8440664	57fe16d07d424c471dff8b78a2e62bc29f999f45f3ff5cec0a5020f3846fa101
processed_profiles/exp1_main/grit_data_2D_HT29.parquet	exp1_main	3D spheroid Cell Painting, 52 compounds, z-slice sampling	Grit scores	HT29, 2D	Fig 3c-h, Fig 4, Fig 5, Fig 6e	required	8913603	68e955b6f845d3c0c918140ee954d7b5fd3fc259d0cc9c64e9a6d5e755c0c745
processed_profiles/exp1_main/grit_data_MIP_HCT116.parquet	exp1_main	3D spheroid Cell Painting, 52 compounds, z-slice sampling	Grit scores	HCT116, MIP	Fig 3c-h, Fig 4, Fig 5, Fig 6e	required	3609103	60099b6a355c6b7f25db71f1b99b0ccffb5a56adf58fb37c24fe38fe7babbf15
processed_profiles/exp1_main/grit_data_MIP_HT29.parquet	exp1_main	3D spheroid Cell Painting, 52 compounds, z-slice sampling	Grit scores	HT29, MIP	Fig 3c-h, Fig 4, Fig 5, Fig 6e	required	3536942	939c3d762d09afbf6e9dac9bddf01b546d67fca95e0817d20d9455dd77c15db1
processed_profiles/exp1_main/grit_data_aggregates_HCT116.parquet	exp1_main	3D spheroid Cell Painting, 52 compounds, z-slice sampling	Grit scores	HCT116, aggregates	Fig 3c-h, Fig 4, Fig 5, Fig 6e	required	4136089	62fe1af8681c44b6396678afcaa3a2a2b9db0c5baf90f5c86447eb4092e3bcaa
processed_profiles/exp1_main/grit_data_aggregates_HT29.parquet	exp1_main	3D spheroid Cell Painting, 52 compounds, z-slice sampling	Grit scores	HT29, aggregates	Fig 3c-h, Fig 4, Fig 5, Fig 6e	required	4226629	30355bea1a55a0327d121dc9365d7b47cee36756bfea26beee8326b6d81cf4fe
processed_profiles/exp1_main/normalized_data_merged_HCT116.csv	exp1_main	3D spheroid Cell Painting, 52 compounds, z-slice sampling	Normalised per-slice profiles	HCT116; per-plate and per-plate-and-slice	Fig 2g	normalized	305863934	351b2695ab5f689c6137ff75015ceed5d70d6967c242672917795498546bff55
processed_profiles/exp1_main/selected_data_2D_HCT116.parquet	exp1_main	3D spheroid Cell Painting, 52 compounds, z-slice sampling	Feature-selected profiles	HCT116, 2D	grit-score input; Suppl Fig 3, Suppl Fig 5	required	10403303	bd36224d3837ebcfc80e0ec34402874d37485030e8aaf0788d19893b8903de70
processed_profiles/exp1_main/selected_data_2D_HT29.parquet	exp1_main	3D spheroid Cell Painting, 52 compounds, z-slice sampling	Feature-selected profiles	HT29, 2D	grit-score input; Suppl Fig 3, Suppl Fig 5	required	10945773	f0c5052caaed583769d6ff57ce6025c084c71ef5033e45d9c13f4e2da579e6b1
processed_profiles/exp1_main/selected_data_MIP_HCT116.parquet	exp1_main	3D spheroid Cell Painting, 52 compounds, z-slice sampling	Feature-selected profiles	HCT116, MIP	grit-score input; Suppl Fig 3, Suppl Fig 5	required	3648953	8c5d0af2d127f93d0483979421aeaee57a49b6ccf51e76f0fa4cd7879d026b20
processed_profiles/exp1_main/selected_data_MIP_HT29.parquet	exp1_main	3D spheroid Cell Painting, 52 compounds, z-slice sampling	Feature-selected profiles	HT29, MIP	grit-score input; Suppl Fig 3, Suppl Fig 5	required	3514588	e4bdec19dd3ff6bb93f42b661d78642156ae073f91a416d6af5048f010379316
processed_profiles/exp1_main/selected_data_aggregates_HCT116.parquet	exp1_main	3D spheroid Cell Painting, 52 compounds, z-slice sampling	Feature-selected profiles	HCT116, aggregates	grit-score input; Suppl Fig 3, Suppl Fig 5	required	5023734	db2bd86886091a43b24ae919c9ca673eef73e32658577ea46caac9bf41e291aa
processed_profiles/exp1_main/selected_data_aggregates_HT29.parquet	exp1_main	3D spheroid Cell Painting, 52 compounds, z-slice sampling	Feature-selected profiles	HT29, aggregates	grit-score input; Suppl Fig 3, Suppl Fig 5	required	5071183	2003d9a18852ca0bfb6ee80e2ee66ed8d78a92b24cea5e83c46c81d990ebc5ee
processed_profiles/exp1_main/slices/selected_section1_12planes.parquet	exp1_main	3D spheroid Cell Painting, 52 compounds, z-slice sampling	Feature-selected profiles, z-subsampled	section1_12planes	Suppl Fig 3a	required	4941377	5a10066e41c96da9ae63604306c46e85b1493b0f29dc8e268d204b814e64c460
processed_profiles/exp1_main/slices/selected_section1_sparse3.parquet	exp1_main	3D spheroid Cell Painting, 52 compounds, z-slice sampling	Feature-selected profiles, z-subsampled	section1_sparse3	Suppl Fig 3a	required	5958470	9ccfa489cc0d1081c3e901d4bf571a8116530287c42201e87ceb56a002f5c8e6
processed_profiles/exp1_main/slices/selected_section1_sparse6.parquet	exp1_main	3D spheroid Cell Painting, 52 compounds, z-slice sampling	Feature-selected profiles, z-subsampled	section1_sparse6	Suppl Fig 3a	required	4957959	06cfb9ece98c1d512c0a8f5e45cf057f1f9f0e13bab8b4422ff4b06e38905583
processed_profiles/exp1_main/slices/selected_section1_sparse9.parquet	exp1_main	3D spheroid Cell Painting, 52 compounds, z-slice sampling	Feature-selected profiles, z-subsampled	section1_sparse9	Suppl Fig 3a	required	5409115	20882ac7e75967701b0fa294db16d1c9e0d81cc8c299a5690e4a66ca9366e43f
processed_profiles/exp1_main/slices/selected_section1_z11.parquet	exp1_main	3D spheroid Cell Painting, 52 compounds, z-slice sampling	Feature-selected profiles, z-subsampled	section1_z11	Suppl Fig 3a	required	5569706	18e05c7ba0827bc951fc943770283eee053c9a593593423375620a70af5258ed
processed_profiles/exp1_main/slices/selected_section1_z2.parquet	exp1_main	3D spheroid Cell Painting, 52 compounds, z-slice sampling	Feature-selected profiles, z-subsampled	section1_z2	Suppl Fig 3a	required	6798215	29c9ab3483e3471e92b7f94bf00d42fb2bf49ad230734aecb39308b2f544653b
processed_profiles/exp1_main/slices/selected_section1_z7.parquet	exp1_main	3D spheroid Cell Painting, 52 compounds, z-slice sampling	Feature-selected profiles, z-subsampled	section1_z7	Suppl Fig 3a	required	5109729	6cb81a60912740c97cb4e6d787db1104c19edf03f86788dbf6326e009c1577b0
processed_profiles/exp2_spheroid_size/sections/grit_section1_12planes.parquet	exp2_spheroid_size	Seeding density / spheroid size	Grit scores	section1_12planes	Suppl Fig 3c	required	940801	70feb38d30408bcf5472ba99e58f82fcd365709e4a8884219c111f2854ea7683
processed_profiles/exp2_spheroid_size/sections/grit_section2.parquet	exp2_spheroid_size	Seeding density / spheroid size	Grit scores	section2	Suppl Fig 3c	required	854213	50dee183c96f5c41cd403c60bc624ff0b40b089c7430ad115197966d3a74557c
processed_profiles/exp2_spheroid_size/sections/grit_section3.parquet	exp2_spheroid_size	Seeding density / spheroid size	Grit scores	section3	Suppl Fig 3c	required	843359	e5e08f869d626014154864a0c52cde32542b23d693ec94c126558b46f09856b0
processed_profiles/exp3_clearing_mag_z/sections/selected_10x.parquet	exp3_clearing_mag_z	Clearing, magnification, z-sampling density	Feature-selected profiles	10x	Suppl Fig 3d-e	required	1298176	aa3deb9d4eddee746f0e1321b072a8c42bf35f84b45059dee3d41539e096b3b0
processed_profiles/exp3_clearing_mag_z/sections/selected_20_40.parquet	exp3_clearing_mag_z	Clearing, magnification, z-sampling density	Feature-selected profiles	20_40	Suppl Fig 3d-e	required	1222444	0724972595801a07db42172b4b6953e563cd55f2dacd86d0fab08346592072fc
processed_profiles/exp3_clearing_mag_z/sections/selected_40x.parquet	exp3_clearing_mag_z	Clearing, magnification, z-sampling density	Feature-selected profiles	40x	Suppl Fig 3d-e	required	657314	46da87308f2ba38083d9aa48b4253be3b106d24f6b0014203e5c5d73a6c61719
processed_profiles/exp3_clearing_mag_z/sections/selected_noclear.parquet	exp3_clearing_mag_z	Clearing, magnification, z-sampling density	Feature-selected profiles	noclear	Suppl Fig 3d-e	required	894127	478067fc1531392bafdddd021057505a51e62de99acbfb4155b055a468132ced
processed_profiles/exp3_clearing_mag_z/sections/selected_nyquist_14planes.parquet	exp3_clearing_mag_z	Clearing, magnification, z-sampling density	Feature-selected profiles	nyquist_14planes	Suppl Fig 3d-e	required	852960	e4c74e2aa2042d1266b971c97999259c1ddb8ad841ffb67d8444fa8a5b7500c3
processed_profiles/exp3_clearing_mag_z/sections/selected_nyquist_all.parquet	exp3_clearing_mag_z	Clearing, magnification, z-sampling density	Feature-selected profiles	nyquist_all	Suppl Fig 3d-e	required	701065	1455bce4dd730822bc718a02ba94013efab9101566ecfd79cda0becf43c2b993
processed_profiles/exp4_objective/HT29_030625_SliceMedianAgg_Combined.parquet	exp4_objective	Air vs water-immersion objective	Per-slice aggregates, three acquisitions combined	HT29	input to exp4 feature selection	required	83793543	efe9aa04740722cdd560c0d979129ec40ce970dc79f16ff2bd543cbbe0f886ca
processed_profiles/exp4_objective/selected_data_HT29.parquet	exp4_objective	Air vs water-immersion objective	Feature-selected profiles	HT29	Suppl Fig 4h-i	required	3746025	5a258163fc94880b7430d671114ce7e40cc5f48cbdf1921c8f9fc8b3abc59745
